32 0.317187334375 0.129687409375 0.31875 0.13124963750000002 0.31875 0.132812590625 0.3218753296875 0.135937771875 0.323437334375 0.135937771875 0.325 0.1375 0.32656266562499997 0.1375 0.32968733437500003 0.14062518125 0.348437334375 0.14062518125 0.348437334375 0.139062228125 0.35 0.1375 0.351562665625 0.1375 0.354687334375 0.13437481874999999 0.354687334375 0.132812590625 0.35625 0.13124963750000002 0.35625 0.129687409375 0.35781266562499997 0.12812518125 0.35781266562499997 0.12187481874999999 0.35625 0.120312590625 0.35625 0.11718740937500001 0.354687334375 0.11562518125000001 0.354687334375 0.101562228125 0.3468753296875 0.09375036249999999 0.34531266562499996 0.09375036249999999 0.34218733437500004 0.09062518124999999 0.34218733437500004 0.089062228125 0.33125 0.089062228125 0.31875 0.101562228125 0.31875 0.10468740937500001 0.317187334375 0.10624963750000001 0.317187334375 0.129687409375
35 0.6422236140625001 0.40937481875000004 0.6437862796875 0.40937481875000004 0.645348284375 0.410937771875 0.64691095 0.410937771875 0.651598284375 0.41562518125 0.65316095 0.41562518125 0.6547236140625 0.417187409375 0.65941095 0.417187409375 0.66566095 0.42343777187500004 0.6703482843749999 0.42343777187500004 0.67191095 0.425 0.6734736140625001 0.425 0.6750362796875 0.426562228125 0.6750362796875 0.42812518125 0.6765989453125 0.42812518125 0.67816095 0.42968740937499994 0.6812862796875 0.42968740937499994 0.682848284375 0.4312496375 0.68441095 0.4312496375 0.689098284375 0.43593777187500005 0.69066095 0.43593777187500005 0.695348284375 0.44062518125 0.6984736140625001 0.44062518125 0.7000362796874999 0.44218740937499995 0.7078489453125 0.44218740937499995 0.70941095 0.44062518125 0.7109736140625 0.44062518125 0.714098284375 0.4375 0.71566095 0.4375 0.7172236140625 0.43593777187500005 0.7187862796875 0.43593777187500005 0.720348284375 0.43437481875 0.72191095 0.43437481875 0.7250362796875 0.4312496375 0.726598284375 0.4312496375 0.72816095 0.42968740937499994 0.7328489453125 0.42968740937499994 0.73441095 0.42812518125 0.7359736140625001 0.42812518125 0.74066095 0.42343777187500004 0.745348284375 0.42343777187500004 0.74691095 0.42187481875 0.7484736140625 0.42187481875 0.751598284375 0.41874963750000005 0.75316095 0.41874963750000005 0.7547236140625 0.417187409375 0.757848284375 0.417187409375 0.75941095 0.41562518125 0.7609736140625001 0.41562518125 0.77191095 0.404687409375 0.77191095 0.40312518124999996 0.7734736140625 0.401562228125 0.7734736140625 0.320312590625 0.77191095 0.31874963749999996 0.77191095 0.317187409375 0.76566095 0.310937771875 0.76566095 0.30937481875 0.7640989453125 0.30937481875 0.7625362796874999 0.307812590625 0.7609736140625001 0.307812590625 0.75941095 0.3062496375 0.757848284375 0.3062496375 0.7562862796875 0.304687409375 0.7547236140625 0.304687409375 0.751598284375 0.301562228125 0.7484736140625 0.301562228125 0.74691095 0.3 0.7422236140625 0.3 0.74066095 0.298437771875 0.7375362796875 0.298437771875 0.7359736140625001 0.29687481875 0.73441095 0.29687481875 0.7328489453125 0.295312590625 0.722894459375 0.2864978296875 0.6985613453124999 0.2862800296875 0.652088390625 0.311795225 0.6390982843749999 0.31874963749999996 0.6390982843749999 0.40625036249999996 0.6422236140625001 0.40937481875000004
17 0.173437334375 0.43437481875 0.1718753296875 0.43593777187500005 0.1656253296875 0.43593777187500005 0.164062665625 0.4375 0.160937334375 0.4375 0.15937532968749998 0.43906222812499995 0.15468733437499999 0.43906222812499995 0.15312532968749998 0.44062518125 0.151562665625 0.44062518125 0.14375 0.448437771875 0.14375 0.45 0.142187334375 0.45156222812499996 0.142187334375 0.45468740937499996 0.1406253296875 0.4562496375 0.1406253296875 0.457812590625 0.139062665625 0.45937481875 0.139062665625 0.460937771875 0.1375 0.4625 0.1375 0.464062228125 0.12656266562500001 0.475 0.12656266562500001 0.548437771875 0.13125 0.548437771875 0.132812665625 0.55 0.1343753296875 0.55 0.139062665625 0.5546874093749999 0.142187334375 0.5546874093749999 0.1468753296875 0.5593748187500001 0.148437334375 0.5593748187500001 0.15 0.560937771875 0.151562665625 0.560937771875 0.15312532968749998 0.5625 0.15468733437499999 0.5625 0.15781266562500001 0.5656251812499999 0.15937532968749998 0.5656251812499999 0.15937532968749998 0.564062228125 0.160937334375 0.5625 0.1625 0.5625 0.170312665625 0.5546874093749999 0.173437334375 0.5546874093749999 0.175 0.55312518125 0.18437532968749998 0.55312518125 0.18593733437499999 0.5546874093749999 0.18906266562500001 0.5546874093749999 0.19375 0.5593748187500001 0.195312665625 0.5593748187500001 0.1968753296875 0.560937771875 0.198437334375 0.560937771875 0.20468733437500003 0.567187409375 0.21875 0.567187409375 0.220312665625 0.5656251812499999 0.2218753296875 0.5656251812499999 0.226562665625 0.560937771875 0.22968733437500002 0.560937771875 0.23125 0.5593748187500001 0.23281266562499997 0.5593748187500001 0.23593733437500003 0.5562496375 0.2375 0.5562496375 0.23906266562499998 0.5546874093749999 0.2406253296875 0.5546874093749999 0.242187334375 0.55312518125 0.24375 0.55312518125 0.24375 0.551562228125 0.24531266562499998 0.55 0.2468753296875 0.55 0.248437334375 0.548437771875 0.25 0.548437771875 0.25156266562499996 0.54687481875 0.2531253296875 0.54687481875 0.2531253296875 0.48124963750000005 0.25 0.47812518125 0.25 0.476562228125 0.248437334375 0.475 0.2468753296875 0.475 0.2406253296875 0.46875036249999996 0.23906266562499998 0.46875036249999996 0.23593733437500003 0.46562518124999996 0.23593733437500003 0.4625 0.23437532968750002 0.460937771875 0.23437532968750002 0.457812590625 0.22968733437500002 0.45312518125 0.22968733437500002 0.44687481875 0.22812532968750002 0.44531259062500006 0.22812532968750002 0.4437503625 0.226562665625 0.44218740937499995 0.225 0.44218740937499995 0.2218753296875 0.43906222812499995 0.21875 0.43906222812499995 0.217187334375 0.4375 0.210937334375 0.4375 0.2093753296875 0.43593777187500005 0.20468733437500003 0.43593777187500005 0.20312532968750002 0.4375 0.198437334375 0.43281259062500005 0.1968753296875 0.43281259062500005 0.195312665625 0.4312496375 0.19375 0.4312496375 0.192187334375 0.42968740937499994 0.18125 0.42968740937499994 0.179687334375 0.4312496375 0.175 0.4312496375 0.173437334375 0.43281259062500005 0.173437334375 0.43437481875
35 0.770312665625 0.425 0.767187334375 0.42812518125 0.7656253296875 0.42812518125 0.764062665625 0.42968740937499994 0.7625 0.42968740937499994 0.760937334375 0.4312496375 0.757812665625 0.4312496375 0.75625 0.43281259062500005 0.754687334375 0.43281259062500005 0.75 0.4375 0.7468753296874999 0.4375 0.742187334375 0.44218740937499995 0.7406253296875 0.44218740937499995 0.739062665625 0.4437503625 0.735937334375 0.4437503625 0.7343753296875 0.44531259062500006 0.732812665625 0.44531259062500006 0.7281253296875 0.45 0.723437334375 0.45 0.7218753296875 0.45156222812499996 0.7203126656250001 0.45156222812499996 0.7203126656250001 0.45312518125 0.71875 0.45468740937499996 0.71875 0.4562496375 0.7171873343749999 0.457812590625 0.7171873343749999 0.525 0.71875 0.526562228125 0.71875 0.52812518125 0.7218753296875 0.5312503625 0.723437334375 0.5312503625 0.725 0.5328125906250001 0.725 0.53437481875 0.726562665625 0.535937771875 0.729687334375 0.535937771875 0.73125 0.5375 0.732812665625 0.5375 0.735937334375 0.54062518125 0.735937334375 0.542187409375 0.7375 0.5437496375 0.7375 0.5562496375 0.739062665625 0.557812590625 0.739062665625 0.5593748187500001 0.7468753296874999 0.567187409375 0.75 0.567187409375 0.7515626656250001 0.5687503625 0.7531253296875 0.5687503625 0.757812665625 0.573437771875 0.760937334375 0.573437771875 0.7625 0.575 0.764062665625 0.575 0.767187334375 0.57812518125 0.76875 0.57812518125 0.770312665625 0.579687409375 0.7781253296874999 0.579687409375 0.7796873343749999 0.5812496375 0.7843753296875 0.5812496375 0.785937334375 0.579687409375 0.792187334375 0.579687409375 0.795312665625 0.576562228125 0.7968753296875 0.576562228125 0.798437334375 0.575 0.8 0.575 0.8015626656249999 0.573437771875 0.8031253296875001 0.573437771875 0.807812665625 0.5687503625 0.8093753296875 0.5687503625 0.810937334375 0.567187409375 0.814062665625 0.567187409375 0.8203126656249999 0.560937771875 0.8234373343750001 0.560937771875 0.8265626656249999 0.557812590625 0.8281253296875001 0.557812590625 0.83125 0.5546874093749999 0.8343753296875001 0.5546874093749999 0.8406253296875 0.548437771875 0.842187334375 0.548437771875 0.845312665625 0.545312590625 0.845312665625 0.5437496375 0.848437334375 0.54062518125 0.848437334375 0.46562518124999996 0.8468753296875 0.464062228125 0.8468753296875 0.460937771875 0.845312665625 0.45937481875 0.845312665625 0.457812590625 0.8406253296875 0.45312518125 0.8406253296875 0.45156222812499996 0.839062665625 0.45156222812499996 0.8343753296875001 0.44687481875 0.8328126656249999 0.44687481875 0.8296873343750001 0.4437503625 0.8265626656249999 0.4437503625 0.8218753296875001 0.43906222812499995 0.8203126656249999 0.43906222812499995 0.81875 0.4375 0.8156253296875 0.4375 0.814062665625 0.43593777187500005 0.8125 0.43593777187500005 0.8093753296875 0.43281259062500005 0.807812665625 0.43281259062500005 0.80625 0.4312496375 0.8031253296875001 0.4312496375 0.8 0.42812518125 0.798437334375 0.42812518125 0.7968753296875 0.426562228125 0.795312665625 0.426562228125 0.79375 0.425 0.789062665625 0.425 0.7875 0.42343777187500004 0.7796873343749999 0.42343777187500004 0.7781253296874999 0.42187481875 0.776562665625 0.42343777187500004 0.773437334375 0.42343777187500004 0.7718753296875 0.425 0.770312665625 0.425
0 0.625 0.425 0.6234373343749999 0.426562228125 0.620312665625 0.426562228125 0.61875 0.42812518125 0.6156253296875 0.42812518125 0.614062665625 0.42968740937499994 0.6125 0.42968740937499994 0.610937334375 0.4312496375 0.6093753296875 0.4312496375 0.607812665625 0.43281259062500005 0.604687334375 0.43281259062500005 0.6031253296875 0.43437481875 0.601562665625 0.43437481875 0.5921873343749999 0.4437503625 0.5906253296874999 0.4437503625 0.589062665625 0.44531259062500006 0.589062665625 0.44687481875 0.5875 0.448437771875 0.5875 0.45156222812499996 0.585937334375 0.45312518125 0.585937334375 0.457812590625 0.5843753296875 0.45937481875 0.5843753296875 0.460937771875 0.582812665625 0.4625 0.582812665625 0.464062228125 0.58125 0.46562518124999996 0.58125 0.467187409375 0.575 0.473437771875 0.573437334375 0.473437771875 0.5718753296875 0.475 0.570312665625 0.475 0.56875 0.476562228125 0.56875 0.47812518125 0.567187334375 0.479687409375 0.567187334375 0.545312590625 0.570312665625 0.548437771875 0.5718753296875 0.548437771875 0.575 0.551562228125 0.575 0.55312518125 0.576562665625 0.55312518125 0.5781253296875 0.5546874093749999 0.579687334375 0.5546874093749999 0.58125 0.5562496375 0.582812665625 0.5562496375 0.585937334375 0.5593748187500001 0.5875 0.5593748187500001 0.589062665625 0.560937771875 0.5921873343749999 0.560937771875 0.59375 0.5625 0.5953126656250001 0.5625 0.6 0.567187409375 0.6031253296875 0.567187409375 0.607812665625 0.57187481875 0.6093753296875 0.57187481875 0.610937334375 0.573437771875 0.614062665625 0.573437771875 0.61875 0.57812518125 0.620312665625 0.57812518125 0.6218753296874999 0.579687409375 0.6406253296875 0.579687409375 0.642187334375 0.57812518125 0.64375 0.57812518125 0.6468753296875 0.575 0.648437334375 0.575 0.65 0.573437771875 0.6531253296874999 0.573437771875 0.6578126656250001 0.5687503625 0.6593753296875 0.5687503625 0.660937334375 0.567187409375 0.664062665625 0.567187409375 0.6718753296875 0.5593748187500001 0.6718753296875 0.5562496375 0.673437334375 0.5546874093749999 0.673437334375 0.52187481875 0.679687334375 0.51562518125 0.679687334375 0.514062228125 0.682812665625 0.510937771875 0.6843753296874999 0.510937771875 0.69375 0.501562228125 0.69375 0.46562518124999996 0.692187334375 0.464062228125 0.692187334375 0.45937481875 0.6906253296875 0.457812590625 0.6906253296875 0.4562496375 0.6890626656250001 0.4562496375 0.682812665625 0.45 0.679687334375 0.45 0.6781253296875 0.448437771875 0.676562665625 0.448437771875 0.6718753296875 0.4437503625 0.66875 0.4437503625 0.664062665625 0.43906222812499995 0.6625 0.43906222812499995 0.65625 0.43281259062500005 0.6546873343749999 0.43281259062500005 0.6531253296874999 0.4312496375 0.651562665625 0.4312496375 0.645312665625 0.425 0.642187334375 0.425 0.6406253296875 0.42343777187500004 0.639062665625 0.42343777187500004 0.6375 0.42187481875 0.632812665625 0.42187481875 0.63125 0.42343777187500004 0.629687334375 0.42343777187500004 0.6281253296875 0.425 0.625 0.425
2 0.68125 0.51562518125 0.6781253296875 0.5187496375 0.676562665625 0.5187496375 0.676562665625 0.55312518125 0.68125 0.557812590625 0.68125 0.5593748187500001 0.682812665625 0.560937771875 0.6859373343749999 0.560937771875 0.6875 0.5625 0.6906253296875 0.5625 0.692187334375 0.564062228125 0.723437334375 0.564062228125 0.725 0.5625 0.726562665625 0.5625 0.7281253296875 0.560937771875 0.729687334375 0.560937771875 0.73125 0.5593748187500001 0.73125 0.557812590625 0.732812665625 0.5562496375 0.7343753296875 0.5562496375 0.7343753296875 0.5546874093749999 0.735937334375 0.55312518125 0.735937334375 0.5390622281249999 0.7343753296875 0.5375 0.732812665625 0.5375 0.7281253296875 0.5328125906250001 0.725 0.5328125906250001 0.723437334375 0.5312503625 0.7203126656250001 0.5312503625 0.7156253296874999 0.526562228125 0.7156253296874999 0.5234377718750001 0.7125 0.520312590625 0.7125 0.5187496375 0.710937334375 0.517187409375 0.710937334375 0.514062228125 0.704687334375 0.5078125906250001 0.6890626656250001 0.5078125906250001 0.6843753296874999 0.5125 0.682812665625 0.5125 0.68125 0.514062228125 0.68125 0.51562518125
17 0.45625 0.7125 0.45 0.7187503625 0.4468753296875 0.7187503625 0.44531266562500005 0.7203125906250001 0.44375 0.7203125906250001 0.44375 0.72187481875 0.44218733437499996 0.723437771875 0.44062532968749996 0.723437771875 0.439062665625 0.725 0.4375 0.725 0.435937334375 0.7265622281249999 0.4343753296875 0.7265622281249999 0.42187532968749997 0.739062228125 0.420312665625 0.739062228125 0.420312665625 0.7421874093749999 0.41875 0.7437496375 0.41875 0.7687496375 0.417187334375 0.770312590625 0.417187334375 0.820312590625 0.42187532968749997 0.825 0.423437334375 0.825 0.425 0.826562228125 0.425 0.8281251812500001 0.426562665625 0.8281251812500001 0.42812532968749994 0.8296874093750001 0.42968733437499995 0.8296874093750001 0.43125 0.8312496375 0.43281266562500004 0.8312496375 0.435937334375 0.83437481875 0.4375 0.83437481875 0.439062665625 0.8359377718750001 0.44062532968749996 0.8359377718750001 0.44531266562500005 0.8406251812500001 0.4468753296875 0.8406251812500001 0.448437334375 0.842187409375 0.451562665625 0.842187409375 0.45625 0.8468748187499999 0.457812665625 0.8468748187499999 0.45937532968749994 0.848437771875 0.46093733437499995 0.848437771875 0.467187334375 0.8546874093750001 0.46875 0.8546874093750001 0.47343733437499996 0.8593748187499999 0.475 0.8593748187499999 0.47656266562500005 0.860937771875 0.48125 0.860937771875 0.482812665625 0.8625 0.485937334375 0.8625 0.4875 0.860937771875 0.49218733437499995 0.860937771875 0.49375 0.8593748187499999 0.49531266562500004 0.8593748187499999 0.5 0.8546874093750001 0.5015626656250001 0.8546874093750001 0.50625 0.85 0.507812665625 0.85 0.5093753296875 0.848437771875 0.510937334375 0.848437771875 0.514062665625 0.845312590625 0.5156253296875 0.845312590625 0.517187334375 0.8437503625 0.51875 0.8437503625 0.520312665625 0.842187409375 0.523437334375 0.842187409375 0.526562665625 0.839062228125 0.5281253296874999 0.839062228125 0.53125 0.8359377718750001 0.5343753296875 0.8359377718750001 0.535937334375 0.83437481875 0.5375 0.83437481875 0.5406253296875 0.8312496375 0.542187334375 0.8312496375 0.54375 0.8296874093750001 0.545312665625 0.8296874093750001 0.548437334375 0.826562228125 0.548437334375 0.825 0.551562665625 0.8218748187499999 0.551562665625 0.760937771875 0.5468753296875 0.7562496375000001 0.542187334375 0.7562496375000001 0.5406253296875 0.754687409375 0.539062665625 0.754687409375 0.5375 0.7531251812499999 0.5375 0.751562228125 0.5343753296875 0.748437771875 0.5328126656250001 0.748437771875 0.53125 0.7468748187500001 0.53125 0.7437496375 0.5296873343749999 0.7421874093749999 0.5296873343749999 0.7375 0.5281253296874999 0.735937771875 0.5281253296874999 0.73437481875 0.525 0.7312496375 0.525 0.729687409375 0.523437334375 0.72812518125 0.523437334375 0.723437771875 0.5218753296875 0.72187481875 0.5218753296875 0.7203125906250001 0.517187334375 0.71562518125 0.517187334375 0.714062228125 0.5156253296875 0.714062228125 0.5093753296875 0.707812590625 0.507812665625 0.707812590625 0.50625 0.7062496375 0.504687334375 0.7062496375 0.5031253296875 0.704687409375 0.5015626656250001 0.704687409375 0.4968753296875 0.7 0.49531266562500004 0.7 0.49375 0.698437771875 0.47343733437499996 0.698437771875 0.4656253296875 0.7062496375 0.46406266562500004 0.7062496375 0.457812665625 0.7125 0.45625 0.7125
37 0.325 0.42812518125 0.3218753296875 0.4312496375 0.317187334375 0.4312496375 0.3156253296875 0.43281259062500005 0.31093733437500004 0.43281259062500005 0.30937532968750003 0.43437481875 0.307812665625 0.43437481875 0.304687334375 0.4375 0.301562665625 0.4375 0.3 0.43906222812499995 0.3 0.44062518125 0.2968753296875 0.4437503625 0.2968753296875 0.44531259062500006 0.29531266562499997 0.44687481875 0.29531266562499997 0.45156222812499996 0.29375 0.45312518125 0.29375 0.45937481875 0.292187334375 0.460937771875 0.292187334375 0.4625 0.2906253296875 0.464062228125 0.289062665625 0.464062228125 0.289062665625 0.46562518124999996 0.285937334375 0.46875036249999996 0.2843753296875 0.46875036249999996 0.28281266562499996 0.470312590625 0.28125 0.470312590625 0.28125 0.47187481875000004 0.27968733437500004 0.473437771875 0.27812532968750003 0.473437771875 0.275 0.476562228125 0.275 0.54062518125 0.27812532968750003 0.5437496375 0.27968733437500004 0.5437496375 0.28125 0.545312590625 0.28125 0.54687481875 0.28281266562499996 0.548437771875 0.2843753296875 0.548437771875 0.285937334375 0.55 0.2875 0.55 0.2906253296875 0.55312518125 0.292187334375 0.55312518125 0.29375 0.5546874093749999 0.29843733437500003 0.5546874093749999 0.3031253296875 0.5593748187500001 0.30625 0.5593748187500001 0.307812665625 0.560937771875 0.3218753296875 0.560937771875 0.323437334375 0.5593748187500001 0.325 0.5593748187500001 0.32656266562499997 0.557812590625 0.3281253296875 0.557812590625 0.32968733437500003 0.5562496375 0.33125 0.5562496375 0.332812665625 0.5546874093749999 0.34375 0.5546874093749999 0.34531266562499996 0.5562496375 0.348437334375 0.5562496375 0.35 0.557812590625 0.351562665625 0.557812590625 0.3531253296875 0.5593748187500001 0.354687334375 0.5593748187500001 0.35625 0.560937771875 0.3656253296875 0.560937771875 0.37187532968750003 0.5546874093749999 0.3781253296875 0.5546874093749999 0.379687334375 0.55312518125 0.38125 0.55312518125 0.3843753296875 0.55 0.385937334375 0.55 0.3875 0.548437771875 0.3906253296875 0.548437771875 0.39218733437500003 0.54687481875 0.39375 0.54687481875 0.4 0.54062518125 0.4 0.473437771875 0.398437334375 0.47187481875000004 0.398437334375 0.470312590625 0.3968753296875 0.46875036249999996 0.395312665625 0.46875036249999996 0.39218733437500003 0.46562518124999996 0.39218733437500003 0.464062228125 0.3906253296875 0.4625 0.38906266562499997 0.4625 0.385937334375 0.45937481875 0.385937334375 0.45 0.3843753296875 0.448437771875 0.3843753296875 0.44531259062500006 0.382812665625 0.44531259062500006 0.379687334375 0.44218740937499995 0.3781253296875 0.44218740937499995 0.37343733437500004 0.4375 0.37187532968750003 0.4375 0.370312665625 0.43593777187500005 0.36875 0.43593777187500005 0.3656253296875 0.43281259062500005 0.3625 0.43281259062500005 0.36093733437500003 0.4312496375 0.35781266562499997 0.4312496375 0.35625 0.42968740937499994 0.354687334375 0.42968740937499994 0.351562665625 0.426562228125 0.348437334375 0.426562228125 0.3468753296875 0.425 0.3375 0.425 0.335937334375 0.426562228125 0.3281253296875 0.426562228125 0.32656266562499997 0.42812518125 0.325 0.42812518125
35 0.614062665625 0.7062496375 0.607812665625 0.7125 0.604687334375 0.7125 0.6031253296875 0.714062228125 0.601562665625 0.714062228125 0.59375 0.72187481875 0.59375 0.725 0.5921873343749999 0.7265622281249999 0.5921873343749999 0.729687409375 0.5906253296874999 0.7312496375 0.5906253296874999 0.732812590625 0.589062665625 0.73437481875 0.589062665625 0.7375 0.5875 0.739062228125 0.5875 0.7437496375 0.585937334375 0.745312590625 0.585937334375 0.7468748187500001 0.582812665625 0.75 0.58125 0.75 0.579687334375 0.751562228125 0.5781253296875 0.751562228125 0.573437334375 0.7562496375000001 0.5718753296875 0.7562496375000001 0.570312665625 0.7578125906250001 0.56875 0.7578125906250001 0.56875 0.760937771875 0.567187334375 0.7625 0.567187334375 0.820312590625 0.56875 0.8218748187499999 0.56875 0.823437771875 0.570312665625 0.823437771875 0.576562665625 0.8296874093750001 0.579687334375 0.8296874093750001 0.58125 0.8312496375 0.582812665625 0.8312496375 0.5875 0.8359377718750001 0.589062665625 0.8359377718750001 0.5953126656250001 0.842187409375 0.598437334375 0.842187409375 0.6031253296875 0.8468748187499999 0.604687334375 0.8468748187499999 0.607812665625 0.85 0.6093753296875 0.85 0.6156253296875 0.8562503625 0.617187334375 0.8562503625 0.61875 0.8578125906249999 0.61875 0.8593748187499999 0.620312665625 0.860937771875 0.625 0.860937771875 0.6265626656250001 0.8625 0.6343753296875 0.8625 0.635937334375 0.860937771875 0.6406253296875 0.860937771875 0.645312665625 0.8562503625 0.6468753296875 0.8562503625 0.65 0.85312518125 0.651562665625 0.85312518125 0.6546873343749999 0.85 0.65625 0.85 0.6578126656250001 0.848437771875 0.6593753296875 0.848437771875 0.664062665625 0.8437503625 0.667187334375 0.8437503625 0.66875 0.842187409375 0.6718753296875 0.842187409375 0.676562665625 0.8375 0.6781253296875 0.8375 0.679687334375 0.8359377718750001 0.682812665625 0.8359377718750001 0.6875 0.8312496375 0.6890626656250001 0.8312496375 0.6906253296875 0.8296874093750001 0.692187334375 0.8296874093750001 0.698437334375 0.823437771875 0.698437334375 0.8218748187499999 0.7 0.820312590625 0.7 0.7625 0.6968753296875 0.75937481875 0.6968753296875 0.7578125906250001 0.695312665625 0.7578125906250001 0.69375 0.7562496375000001 0.6906253296875 0.7562496375000001 0.6843753296874999 0.75 0.682812665625 0.75 0.679687334375 0.7468748187500001 0.679687334375 0.7421874093749999 0.6781253296875 0.74062518125 0.6781253296875 0.739062228125 0.673437334375 0.73437481875 0.673437334375 0.7265622281249999 0.664062665625 0.7171874093749999 0.6625 0.7171874093749999 0.660937334375 0.71562518125 0.660937334375 0.714062228125 0.6593753296875 0.714062228125 0.6578126656250001 0.7125 0.6546873343749999 0.7125 0.6531253296874999 0.7109377718750001 0.651562665625 0.7109377718750001 0.6468753296875 0.7062496375 0.645312665625 0.7062496375 0.639062665625 0.7 0.6265626656250001 0.7 0.6218753296874999 0.704687409375 0.620312665625 0.704687409375 0.61875 0.7062496375 0.614062665625 0.7062496375
37 0.504687334375 0.310937771875 0.5031253296875 0.310937771875 0.5015626656250001 0.3125 0.5 0.3125 0.498437334375 0.314062228125 0.4968753296875 0.314062228125 0.49531266562500004 0.31562518125 0.49531266562500004 0.31874963749999996 0.49375 0.320312590625 0.49375 0.404687409375 0.49531266562500004 0.404687409375 0.5015626656250001 0.410937771875 0.5031253296875 0.410937771875 0.507812665625 0.41562518125 0.510937334375 0.41562518125 0.5125 0.417187409375 0.517187334375 0.417187409375 0.51875 0.41874963750000005 0.5218753296875 0.41874963750000005 0.525 0.42187481875 0.5281253296874999 0.42187481875 0.5296873343749999 0.42343777187500004 0.535937334375 0.42343777187500004 0.5375 0.42187481875 0.5406253296875 0.42187481875 0.542187334375 0.42031259062500004 0.54375 0.42031259062500004 0.545312665625 0.41874963750000005 0.5468753296875 0.41874963750000005 0.548437334375 0.417187409375 0.5718753296875 0.417187409375 0.573437334375 0.41874963750000005 0.576562665625 0.41874963750000005 0.5781253296875 0.42031259062500004 0.579687334375 0.42031259062500004 0.58125 0.42187481875 0.5843753296875 0.42187481875 0.585937334375 0.42031259062500004 0.5875 0.42031259062500004 0.589062665625 0.41874963750000005 0.5906253296874999 0.41874963750000005 0.5921873343749999 0.417187409375 0.598437334375 0.417187409375 0.6 0.41562518125 0.601562665625 0.41562518125 0.604687334375 0.4125 0.60625 0.4125 0.607812665625 0.410937771875 0.610937334375 0.410937771875 0.6125 0.40937481875000004 0.614062665625 0.40937481875000004 0.61875 0.404687409375 0.6218753296874999 0.404687409375 0.6234373343749999 0.40312518124999996 0.6234373343749999 0.401562228125 0.625 0.4 0.625 0.317187409375 0.6234373343749999 0.31562518125 0.6234373343749999 0.314062228125 0.6218753296874999 0.3125 0.620312665625 0.3125 0.61875 0.310937771875 0.617187334375 0.310937771875 0.614062665625 0.307812590625 0.6125 0.307812590625 0.610937334375 0.3062496375 0.604687334375 0.3062496375 0.6031253296875 0.304687409375 0.601562665625 0.304687409375 0.598437334375 0.301562228125 0.5953126656250001 0.301562228125 0.59375 0.3 0.5921873343749999 0.3 0.5906253296874999 0.298437771875 0.589062665625 0.298437771875 0.585937334375 0.295312590625 0.5843753296875 0.295312590625 0.582812665625 0.2937496375 0.5781253296875 0.2937496375 0.576562665625 0.292187409375 0.5718753296875 0.292187409375 0.5683284953125 0.2870231546875 0.55667084375 0.2875318375 0.544410290625 0.28495803125 0.5093753296875 0.3062496375 0.504687334375 0.310937771875
37 0.46093733437499995 0.43593777187500005 0.45312532968749997 0.43593777187500005 0.451562665625 0.4375 0.448437334375 0.4375 0.4468753296875 0.43906222812499995 0.44531266562500005 0.43906222812499995 0.44218733437499996 0.44218740937499995 0.44062532968749996 0.44218740937499995 0.4375 0.44531259062500006 0.4375 0.44687481875 0.435937334375 0.448437771875 0.435937334375 0.45 0.4343753296875 0.45156222812499996 0.4343753296875 0.45312518125 0.43281266562500004 0.45468740937499996 0.43281266562500004 0.4562496375 0.43125 0.457812590625 0.43125 0.460937771875 0.423437334375 0.46875036249999996 0.423437334375 0.470312590625 0.42187532968749997 0.47187481875000004 0.42187532968749997 0.542187409375 0.42812532968749994 0.548437771875 0.42968733437499995 0.548437771875 0.43125 0.55 0.43281266562500004 0.55 0.435937334375 0.55312518125 0.4375 0.55312518125 0.439062665625 0.5546874093749999 0.44375 0.5546874093749999 0.44531266562500005 0.5562496375 0.4468753296875 0.5562496375 0.451562665625 0.560937771875 0.457812665625 0.560937771875 0.45937532968749994 0.5625 0.46093733437499995 0.5625 0.4625 0.564062228125 0.46406266562500004 0.564062228125 0.4656253296875 0.5656251812499999 0.467187334375 0.5656251812499999 0.46875 0.567187409375 0.470312665625 0.567187409375 0.47343733437499996 0.5703125906250001 0.475 0.5703125906250001 0.47656266562500005 0.57187481875 0.4781253296875 0.57187481875 0.479687334375 0.573437771875 0.48125 0.573437771875 0.482812665625 0.575 0.485937334375 0.575 0.4875 0.576562228125 0.49062532968749994 0.576562228125 0.49218733437499995 0.575 0.4968753296875 0.575 0.498437334375 0.573437771875 0.5015626656250001 0.573437771875 0.5031253296875 0.57187481875 0.504687334375 0.57187481875 0.507812665625 0.5687503625 0.5093753296875 0.5687503625 0.510937334375 0.567187409375 0.5156253296875 0.567187409375 0.520312665625 0.5625 0.5218753296875 0.5625 0.523437334375 0.560937771875 0.5281253296874999 0.560937771875 0.5328126656250001 0.5562496375 0.5343753296875 0.5562496375 0.535937334375 0.5546874093749999 0.5375 0.5546874093749999 0.539062665625 0.55312518125 0.5406253296875 0.55312518125 0.548437334375 0.545312590625 0.548437334375 0.5437496375 0.551562665625 0.54062518125 0.551562665625 0.475 0.55 0.475 0.54375 0.46875036249999996 0.5406253296875 0.46875036249999996 0.535937334375 0.464062228125 0.535937334375 0.45468740937499996 0.5343753296875 0.45312518125 0.525558046875 0.4461432703125 0.504687334375 0.43281259062500005 0.4988271765625 0.42987554218749996 0.4932143796875 0.4271353109375 0.4855362796875 0.4218292328125 0.4773905015625 0.42627858124999995 0.46406266562500004 0.4375 0.4625 0.4375 0.46093733437499995 0.43593777187500005
17 0.670312665625 0.575 0.66875 0.576562228125 0.66875 0.57812518125 0.667187334375 0.579687409375 0.6656253296875 0.579687409375 0.664062665625 0.5812496375 0.6625 0.5812496375 0.660937334375 0.582812590625 0.6593753296875 0.582812590625 0.6546873343749999 0.5875 0.6531253296874999 0.5875 0.6468753296875 0.5937503625 0.645312665625 0.5937503625 0.642187334375 0.59687481875 0.642187334375 0.598437771875 0.639062665625 0.6015622281249999 0.639062665625 0.67812518125 0.645312665625 0.6843748187500001 0.6468753296875 0.6843748187500001 0.648437334375 0.685937771875 0.6546873343749999 0.685937771875 0.65625 0.6875 0.6578126656250001 0.6875 0.660937334375 0.6906251812499999 0.6625 0.6906251812499999 0.664062665625 0.692187409375 0.667187334375 0.692187409375 0.66875 0.6937496375000001 0.670312665625 0.6937496375000001 0.6718753296875 0.6953125906250001 0.673437334375 0.6953125906250001 0.675 0.69687481875 0.6843753296874999 0.69687481875 0.6875 0.6937496375000001 0.6890626656250001 0.6937496375000001 0.6906253296875 0.692187409375 0.7 0.692187409375 0.701562665625 0.6937496375000001 0.7031253296875 0.6937496375000001 0.70625 0.69687481875 0.707812665625 0.69687481875 0.7093753296875 0.698437771875 0.710937334375 0.698437771875 0.7218753296875 0.70937481875 0.729687334375 0.70937481875 0.73125 0.707812590625 0.732812665625 0.707812590625 0.735937334375 0.704687409375 0.7375 0.704687409375 0.739062665625 0.70312518125 0.7406253296875 0.70312518125 0.74375 0.7 0.745312665625 0.7 0.7468753296874999 0.698437771875 0.75 0.698437771875 0.7515626656250001 0.69687481875 0.7531253296875 0.69687481875 0.757812665625 0.692187409375 0.7593753296875 0.692187409375 0.760937334375 0.6906251812499999 0.7625 0.6906251812499999 0.7656253296875 0.6875 0.767187334375 0.6875 0.76875 0.685937771875 0.770312665625 0.685937771875 0.7718753296875 0.6843748187500001 0.7718753296875 0.682812590625 0.773437334375 0.6812496375 0.773437334375 0.6015622281249999 0.7718753296875 0.6 0.7718753296875 0.598437771875 0.7625 0.589062228125 0.760937334375 0.589062228125 0.7593753296875 0.5875 0.757812665625 0.5875 0.75625 0.5859377718750001 0.754687334375 0.5859377718750001 0.7531253296875 0.58437481875 0.7531253296875 0.582812590625 0.7515626656250001 0.582812590625 0.75 0.5812496375 0.7468753296874999 0.5812496375 0.7406253296875 0.575 0.739062665625 0.575 0.7343753296875 0.5703125906250001 0.73125 0.5703125906250001 0.729687334375 0.5687503625 0.679687334375 0.5687503625 0.6781253296875 0.5703125906250001 0.676562665625 0.5703125906250001 0.6718753296875 0.575 0.670312665625 0.575
35 0.620312665625 0.154687409375 0.6156253296875 0.15937481874999998 0.6156253296875 0.160937771875 0.614062665625 0.1625 0.6125 0.1625 0.610937334375 0.164062228125 0.6093753296875 0.164062228125 0.60625 0.167187409375 0.604687334375 0.167187409375 0.6031253296875 0.1687496375 0.6 0.1687496375 0.598437334375 0.167187409375 0.59375 0.167187409375 0.5921873343749999 0.16562518125 0.582812665625 0.16562518125 0.58125 0.167187409375 0.579687334375 0.167187409375 0.5781253296875 0.1687496375 0.5718753296875 0.1687496375 0.56875 0.17187481875 0.56875 0.23437481875000002 0.575 0.24062518125 0.575 0.24687481875 0.576562665625 0.248437771875 0.576562665625 0.251562228125 0.5781253296875 0.25312518125 0.5781253296875 0.254687409375 0.579687334375 0.25624963749999996 0.579687334375 0.257812590625 0.58125 0.25937481875 0.58125 0.267187409375 0.582812665625 0.2687503625 0.582812665625 0.270312590625 0.589062665625 0.27656222812500003 0.589062665625 0.27812518124999996 0.5921873343749999 0.27812518124999996 0.59375 0.27968740937500003 0.5968753296875 0.27968740937500003 0.598437334375 0.2812503625 0.601562665625 0.2812503625 0.604687334375 0.28437481875000004 0.607812665625 0.28437481875000004 0.6093753296875 0.28593777187499997 0.6125 0.28593777187499997 0.614062665625 0.2875 0.617187334375 0.2875 0.620312665625 0.29062518125 0.6218753296874999 0.29062518125 0.625 0.2937496375 0.6265626656250001 0.2937496375 0.6281253296875 0.295312590625 0.629687334375 0.295312590625 0.63125 0.29687481875 0.6343753296875 0.29687481875 0.635937334375 0.295312590625 0.6375 0.295312590625 0.639062665625 0.2937496375 0.6406253296875 0.2937496375 0.642187334375 0.292187409375 0.64375 0.292187409375 0.645312665625 0.29062518125 0.6468753296875 0.29062518125 0.65 0.2875 0.651562665625 0.2875 0.6531253296874999 0.28593777187499997 0.65625 0.28593777187499997 0.6578126656250001 0.28437481875000004 0.6593753296875 0.28437481875000004 0.664062665625 0.27968740937500003 0.6718753296875 0.27968740937500003 0.673437334375 0.27812518124999996 0.675 0.27812518124999996 0.676562665625 0.27656222812500003 0.6781253296875 0.27656222812500003 0.6781253296875 0.275 0.679687334375 0.27343777187499996 0.679687334375 0.2687503625 0.68125 0.267187409375 0.68125 0.26562518125 0.6843753296874999 0.2625 0.6843753296874999 0.260937771875 0.6859373343749999 0.25937481875 0.6859373343749999 0.25 0.6875 0.248437771875 0.6875 0.24687481875 0.6906253296875 0.24374963749999998 0.6906253296875 0.242187409375 0.692187334375 0.24062518125 0.692187334375 0.23906222812500003 0.6968753296875 0.23437481875000002 0.6968753296875 0.173437771875 0.692187334375 0.1687496375 0.6890626656250001 0.1687496375 0.6875 0.167187409375 0.6859373343749999 0.167187409375 0.682812665625 0.164062228125 0.6781253296875 0.164062228125 0.676562665625 0.1625 0.66875 0.1625 0.6656253296875 0.15937481874999998 0.6656253296875 0.157812590625 0.664062665625 0.157812590625 0.6625 0.1562503625 0.6593753296875 0.1562503625 0.6578126656250001 0.154687409375 0.65625 0.154687409375 0.6546873343749999 0.15312518125000002 0.6531253296874999 0.15312518125000002 0.651562665625 0.151562228125 0.65 0.15312518125000002 0.645312665625 0.15312518125000002 0.64375 0.151562228125 0.642187334375 0.151562228125 0.6406253296875 0.15 0.6343753296875 0.15 0.632812665625 0.151562228125 0.63125 0.151562228125 0.6281253296875 0.154687409375 0.620312665625 0.154687409375
36 0.39218733437500003 0.29062518125 0.3906253296875 0.292187409375 0.38906266562499997 0.292187409375 0.3875 0.2937496375 0.385937334375 0.2937496375 0.3843753296875 0.295312590625 0.382812665625 0.295312590625 0.3781253296875 0.3 0.375 0.3 0.37343733437500004 0.301562228125 0.37187532968750003 0.301562228125 0.36875 0.304687409375 0.367187334375 0.304687409375 0.3656253296875 0.3062496375 0.36093733437500003 0.3062496375 0.3593753296875 0.307812590625 0.35781266562499997 0.307812590625 0.3531253296875 0.3125 0.351562665625 0.3125 0.34375 0.320312590625 0.34375 0.392187409375 0.34531266562499996 0.39374963749999997 0.34531266562499996 0.39687481875 0.35 0.401562228125 0.35 0.40312518124999996 0.351562665625 0.404687409375 0.3531253296875 0.404687409375 0.3593753296875 0.410937771875 0.3625 0.410937771875 0.367187334375 0.41562518125 0.36875 0.41562518125 0.370312665625 0.417187409375 0.3781253296875 0.417187409375 0.379687334375 0.41874963750000005 0.39375 0.41874963750000005 0.395312665625 0.417187409375 0.44531266562500005 0.417187409375 0.45 0.4125 0.451562665625 0.4125 0.45312532968749997 0.410937771875 0.45937532968749994 0.410937771875 0.46093733437499995 0.40937481875000004 0.46093733437499995 0.407812590625 0.46406266562500004 0.404687409375 0.4656253296875 0.404687409375 0.47343733437499996 0.39687481875 0.47343733437499996 0.31562518125 0.470312665625 0.3125 0.46875 0.3125 0.467187334375 0.310937771875 0.4656253296875 0.310937771875 0.4625 0.307812590625 0.46093733437499995 0.307812590625 0.45937532968749994 0.3062496375 0.457812665625 0.3062496375 0.45625 0.304687409375 0.454687334375 0.304687409375 0.451562665625 0.301562228125 0.45 0.301562228125 0.448437334375 0.3 0.44531266562500005 0.3 0.44062532968749996 0.295312590625 0.439062665625 0.295312590625 0.4375 0.2937496375 0.4343753296875 0.2937496375 0.42968733437499995 0.28906222812500004 0.42812532968749994 0.28906222812500004 0.426562665625 0.2875 0.40625 0.2875 0.404687334375 0.28906222812500004 0.395312665625 0.28906222812500004 0.39375 0.29062518125 0.39218733437500003 0.29062518125
36 0.320312665625 0.7109377718750001 0.31875 0.7125 0.3156253296875 0.7125 0.31406266562499996 0.714062228125 0.3125 0.714062228125 0.30937532968750003 0.7171874093749999 0.307812665625 0.7171874093749999 0.30625 0.7187503625 0.304687334375 0.7187503625 0.3031253296875 0.7203125906250001 0.301562665625 0.7203125906250001 0.301562665625 0.72187481875 0.3 0.723437771875 0.3 0.7312496375 0.29843733437500003 0.732812590625 0.29843733437500003 0.73437481875 0.29531266562499997 0.7375 0.29531266562499997 0.739062228125 0.29375 0.74062518125 0.29375 0.7421874093749999 0.292187334375 0.7437496375 0.292187334375 0.745312590625 0.289062665625 0.748437771875 0.2875 0.748437771875 0.285937334375 0.75 0.2843753296875 0.75 0.27812532968750003 0.7562496375000001 0.275 0.7562496375000001 0.273437334375 0.7578125906250001 0.2718753296875 0.7578125906250001 0.2718753296875 0.8218748187499999 0.273437334375 0.823437771875 0.275 0.823437771875 0.27968733437500004 0.8281251812500001 0.28125 0.8281251812500001 0.28281266562499996 0.8296874093750001 0.2843753296875 0.8296874093750001 0.285937334375 0.8312496375 0.2875 0.8312496375 0.2906253296875 0.83437481875 0.292187334375 0.83437481875 0.29375 0.8359377718750001 0.29531266562499997 0.8359377718750001 0.2968753296875 0.8375 0.29843733437500003 0.8375 0.301562665625 0.8406251812500001 0.3031253296875 0.8406251812500001 0.304687334375 0.842187409375 0.307812665625 0.842187409375 0.30937532968750003 0.8437503625 0.31093733437500004 0.8437503625 0.31406266562499996 0.8468748187499999 0.3156253296875 0.8468748187499999 0.31875 0.85 0.320312665625 0.85 0.325 0.8546874093750001 0.32656266562499997 0.8546874093750001 0.33125 0.8593748187499999 0.34062532968750003 0.8593748187499999 0.34218733437500004 0.8578125906249999 0.34375 0.8578125906249999 0.3468753296875 0.8546874093750001 0.348437334375 0.8546874093750001 0.35 0.85312518125 0.351562665625 0.85312518125 0.354687334375 0.85 0.35625 0.85 0.35781266562499997 0.848437771875 0.3593753296875 0.848437771875 0.364062665625 0.8437503625 0.3656253296875 0.8437503625 0.367187334375 0.842187409375 0.370312665625 0.842187409375 0.37656266562499996 0.8359377718750001 0.379687334375 0.8359377718750001 0.3843753296875 0.8312496375 0.3875 0.8312496375 0.38906266562499997 0.8296874093750001 0.3906253296875 0.8296874093750001 0.395312665625 0.825 0.3968753296875 0.825 0.4 0.8218748187499999 0.4 0.820312590625 0.40156266562500004 0.8187496375000001 0.40156266562500004 0.745312590625 0.4 0.7437496375 0.4 0.7421874093749999 0.398437334375 0.74062518125 0.398437334375 0.739062228125 0.3968753296875 0.7375 0.395312665625 0.7375 0.3906253296875 0.732812590625 0.38906266562499997 0.732812590625 0.3875 0.7312496375 0.3843753296875 0.7312496375 0.382812665625 0.729687409375 0.38125 0.729687409375 0.3781253296875 0.7265622281249999 0.37656266562499996 0.7265622281249999 0.375 0.725 0.37343733437500004 0.725 0.370312665625 0.72187481875 0.36875 0.72187481875 0.3656253296875 0.7187503625 0.364062665625 0.7187503625 0.3593753296875 0.714062228125 0.35781266562499997 0.714062228125 0.35625 0.7125 0.354687334375 0.7125 0.3531253296875 0.7109377718750001 0.351562665625 0.7109377718750001 0.3468753296875 0.7062496375 0.34531266562499996 0.7062496375 0.34375 0.704687409375 0.34218733437500004 0.704687409375 0.339062665625 0.701562228125 0.332812665625 0.701562228125 0.3281253296875 0.7062496375 0.32656266562499997 0.7062496375 0.3218753296875 0.7109377718750001 0.320312665625 0.7109377718750001
6 0.3968753296875 0.567187409375 0.395312665625 0.5687503625 0.39218733437500003 0.5687503625 0.3906253296875 0.5703125906250001 0.38906266562499997 0.5703125906250001 0.385937334375 0.573437771875 0.3843753296875 0.573437771875 0.382812665625 0.575 0.375 0.575 0.37187532968750003 0.57812518125 0.370312665625 0.57812518125 0.370312665625 0.579687409375 0.364062665625 0.5859377718750001 0.364062665625 0.5875 0.3625 0.589062228125 0.3625 0.59687481875 0.36093733437500003 0.598437771875 0.36093733437500003 0.6 0.348437334375 0.6125 0.3468753296875 0.6125 0.34375 0.61562518125 0.34375 0.67812518125 0.34531266562499996 0.6796874093749999 0.34531266562499996 0.6812496375 0.35 0.685937771875 0.351562665625 0.685937771875 0.35625 0.6906251812499999 0.35781266562499997 0.6906251812499999 0.3593753296875 0.692187409375 0.36093733437500003 0.692187409375 0.3625 0.6937496375000001 0.364062665625 0.6937496375000001 0.36875 0.698437771875 0.37187532968750003 0.698437771875 0.37656266562499996 0.70312518125 0.3781253296875 0.70312518125 0.379687334375 0.704687409375 0.38125 0.704687409375 0.382812665625 0.7062496375 0.3843753296875 0.7062496375 0.38906266562499997 0.7109377718750001 0.3906253296875 0.7109377718750001 0.395312665625 0.71562518125 0.3968753296875 0.71562518125 0.398437334375 0.7171874093749999 0.40156266562500004 0.7171874093749999 0.4031253296875 0.7187503625 0.404687334375 0.7187503625 0.40625 0.7203125906250001 0.407812665625 0.7203125906250001 0.40937532968749996 0.72187481875 0.41093733437499996 0.7203125906250001 0.41406266562500005 0.7203125906250001 0.4156253296875 0.7187503625 0.417187334375 0.7187503625 0.41875 0.7171874093749999 0.42187532968749997 0.7171874093749999 0.423437334375 0.71562518125 0.425 0.71562518125 0.42968733437499995 0.7109377718750001 0.43281266562500004 0.7109377718750001 0.4343753296875 0.70937481875 0.435937334375 0.70937481875 0.44062532968749996 0.704687409375 0.44375 0.704687409375 0.44531266562500005 0.70312518125 0.4468753296875 0.70312518125 0.451562665625 0.698437771875 0.454687334375 0.698437771875 0.45625 0.69687481875 0.457812665625 0.69687481875 0.46093733437499995 0.6937496375000001 0.4625 0.6937496375000001 0.46406266562500004 0.692187409375 0.4656253296875 0.692187409375 0.467187334375 0.6906251812499999 0.46875 0.6906251812499999 0.475 0.6843748187500001 0.47656266562500005 0.6843748187500001 0.47656266562500005 0.682812590625 0.4781253296875 0.6812496375 0.4781253296875 0.6796874093749999 0.479687334375 0.67812518125 0.479687334375 0.6125 0.4781253296875 0.610937771875 0.4781253296875 0.6015622281249999 0.475 0.598437771875 0.475 0.59687481875 0.47187532968749996 0.5937503625 0.470312665625 0.5937503625 0.46406266562500004 0.5875 0.457812665625 0.5875 0.45312532968749997 0.582812590625 0.451562665625 0.582812590625 0.45 0.5812496375 0.4468753296875 0.5812496375 0.44531266562500005 0.579687409375 0.44375 0.579687409375 0.44062532968749996 0.576562228125 0.439062665625 0.576562228125 0.4375 0.575 0.435937334375 0.575 0.4343753296875 0.573437771875 0.43281266562500004 0.573437771875 0.42812532968749994 0.5687503625 0.426562665625 0.5687503625 0.420312665625 0.5625 0.4156253296875 0.5625 0.41406266562500005 0.560937771875 0.407812665625 0.560937771875 0.40625 0.5625 0.4031253296875 0.5625 0.398437334375 0.567187409375 0.3968753296875 0.567187409375
37 0.4656253296875 0.15 0.45937532968749994 0.15 0.457812665625 0.151562228125 0.454687334375 0.151562228125 0.45 0.1562503625 0.44531266562500005 0.1562503625 0.44375 0.157812590625 0.44218733437499996 0.157812590625 0.4375 0.1625 0.435937334375 0.1625 0.4343753296875 0.164062228125 0.43281266562500004 0.164062228125 0.43281266562500004 0.16562518125 0.42187532968749997 0.176562228125 0.420312665625 0.176562228125 0.420312665625 0.248437771875 0.42187532968749997 0.25 0.42187532968749997 0.251562228125 0.423437334375 0.25312518125 0.425 0.25312518125 0.426562665625 0.254687409375 0.43281266562500004 0.254687409375 0.4375 0.25937481875 0.4375 0.264062228125 0.439062665625 0.26562518125 0.439062665625 0.267187409375 0.44218733437499996 0.270312590625 0.44218733437499996 0.27187481875 0.44531266562500005 0.275 0.4468753296875 0.275 0.451562665625 0.27968740937500003 0.457812665625 0.27968740937500003 0.4625 0.28437481875000004 0.46406266562500004 0.28437481875000004 0.4656253296875 0.28593777187499997 0.46875 0.28593777187499997 0.470312665625 0.2875 0.47187532968749996 0.2875 0.475 0.29062518125 0.47656266562500005 0.29062518125 0.48437532968749997 0.298437771875 0.485937334375 0.29687481875 0.49062532968749994 0.29687481875 0.49218733437499995 0.295312590625 0.49375 0.295312590625 0.49531266562500004 0.2937496375 0.498437334375 0.2937496375 0.5 0.292187409375 0.504687334375 0.292187409375 0.50625 0.29062518125 0.507812665625 0.29062518125 0.510937334375 0.2875 0.514062665625 0.2875 0.5156253296875 0.28593777187499997 0.520312665625 0.28593777187499997 0.5218753296875 0.28437481875000004 0.523437334375 0.28437481875000004 0.5296873343749999 0.27812518124999996 0.5296873343749999 0.27656222812500003 0.53125 0.275 0.53125 0.27343777187499996 0.5343753296875 0.270312590625 0.5343753296875 0.2687503625 0.535937334375 0.267187409375 0.535937334375 0.257812590625 0.5375 0.25624963749999996 0.5375 0.254687409375 0.539062665625 0.25312518125 0.539062665625 0.251562228125 0.5406253296875 0.25 0.5406253296875 0.248437771875 0.542187334375 0.24687481875 0.542187334375 0.242187409375 0.54375 0.24062518125 0.54375 0.23906222812500003 0.548437334375 0.23437481875000002 0.548437334375 0.225 0.55 0.22343777187499997 0.55 0.192187409375 0.548437334375 0.19062518125 0.548437334375 0.173437771875 0.5468753296875 0.17187481875 0.5468753296875 0.17031259062499998 0.545312665625 0.17031259062499998 0.54375 0.1687496375 0.542187334375 0.1687496375 0.5406253296875 0.167187409375 0.539062665625 0.167187409375 0.535937334375 0.164062228125 0.5343753296875 0.164062228125 0.5328126656250001 0.1625 0.525 0.1625 0.523437334375 0.160937771875 0.5218753296875 0.160937771875 0.51875 0.157812590625 0.517187334375 0.157812590625 0.5156253296875 0.1562503625 0.514062665625 0.1562503625 0.5093753296875 0.151562228125 0.507812665625 0.151562228125 0.50625 0.15 0.504687334375 0.15 0.5031253296875 0.148437771875 0.5 0.148437771875 0.498437334375 0.14687481875 0.4968753296875 0.14687481875 0.49531266562500004 0.145312590625 0.49062532968749994 0.145312590625 0.489062665625 0.1437496375 0.47187532968749996 0.1437496375 0.470312665625 0.145312590625 0.46875 0.145312590625 0.46875 0.14687481875 0.4656253296875 0.15
2 0.2375 0.425 0.23593733437500003 0.426562228125 0.23593733437500003 0.42812518125 0.23281266562499997 0.4312496375 0.23281266562499997 0.448437771875 0.2375 0.45312518125 0.2375 0.464062228125 0.242187334375 0.46875036249999996 0.24375 0.46875036249999996 0.24531266562499998 0.470312590625 0.24531266562499998 0.47187481875000004 0.27968733437500004 0.47187481875000004 0.2843753296875 0.467187409375 0.289062665625 0.467187409375 0.2906253296875 0.46562518124999996 0.2906253296875 0.464062228125 0.292187334375 0.4625 0.292187334375 0.44531259062500006 0.2843753296875 0.4375 0.27968733437500004 0.4375 0.27812532968750003 0.43593777187500005 0.276562665625 0.43593777187500005 0.275 0.43437481875 0.275 0.43281259062500005 0.273437334375 0.4312496375 0.273437334375 0.42812518125 0.26718733437500003 0.42187481875 0.26718733437500003 0.42031259062500004 0.2656253296875 0.41874963750000005 0.26406266562499997 0.41874963750000005 0.2593753296875 0.414062228125 0.248437334375 0.414062228125 0.24375 0.41874963750000005 0.2406253296875 0.41874963750000005 0.2375 0.42187481875 0.2375 0.425
36 0.5468753296875 0.564062228125 0.535937334375 0.575 0.5343753296875 0.575 0.5296873343749999 0.579687409375 0.5281253296874999 0.579687409375 0.526562665625 0.5812496375 0.5218753296875 0.5812496375 0.520312665625 0.582812590625 0.51875 0.582812590625 0.5156253296875 0.5859377718750001 0.514062665625 0.5859377718750001 0.5125 0.5875 0.510937334375 0.5875 0.5093753296875 0.589062228125 0.507812665625 0.589062228125 0.5015626656250001 0.5953125906250001 0.5 0.5953125906250001 0.49531266562500004 0.6 0.49531266562500004 0.6015622281249999 0.49375 0.60312518125 0.49375 0.676562228125 0.498437334375 0.6812496375 0.498437334375 0.682812590625 0.5015626656250001 0.685937771875 0.5031253296875 0.685937771875 0.5093753296875 0.692187409375 0.5125 0.692187409375 0.514062665625 0.6937496375000001 0.5156253296875 0.6937496375000001 0.520312665625 0.698437771875 0.525 0.698437771875 0.526562665625 0.7 0.5281253296874999 0.7 0.5296873343749999 0.698437771875 0.5328126656250001 0.698437771875 0.5343753296875 0.69687481875 0.535937334375 0.69687481875 0.539062665625 0.6937496375000001 0.5406253296875 0.6937496375000001 0.542187334375 0.692187409375 0.5531253296875 0.692187409375 0.557812665625 0.69687481875 0.5593753296874999 0.69687481875 0.5609373343749999 0.698437771875 0.567187334375 0.698437771875 0.56875 0.7 0.579687334375 0.7 0.58125 0.698437771875 0.5906253296874999 0.698437771875 0.5953126656250001 0.6937496375000001 0.5968753296875 0.6937496375000001 0.598437334375 0.692187409375 0.604687334375 0.692187409375 0.607812665625 0.689062228125 0.6093753296875 0.689062228125 0.6125 0.685937771875 0.6156253296875 0.685937771875 0.617187334375 0.6843748187500001 0.617187334375 0.682812590625 0.620312665625 0.6796874093749999 0.6218753296874999 0.6796874093749999 0.6234373343749999 0.67812518125 0.6234373343749999 0.6015622281249999 0.6156253296875 0.5937503625 0.614062665625 0.5937503625 0.6125 0.5921874093749999 0.610937334375 0.5921874093749999 0.607812665625 0.589062228125 0.60625 0.589062228125 0.604687334375 0.5875 0.601562665625 0.5875 0.598437334375 0.58437481875 0.5968753296875 0.58437481875 0.5953126656250001 0.582812590625 0.59375 0.582812590625 0.5921873343749999 0.5812496375 0.589062665625 0.5812496375 0.5875 0.579687409375 0.585937334375 0.579687409375 0.582812665625 0.576562228125 0.58125 0.576562228125 0.5781253296875 0.573437771875 0.576562665625 0.573437771875 0.567187334375 0.564062228125 0.5656253296875 0.564062228125 0.5640626656250001 0.5625 0.5609373343749999 0.5625 0.5593753296874999 0.560937771875 0.5531253296875 0.560937771875 0.551562665625 0.5625 0.55 0.5625 0.548437334375 0.564062228125 0.5468753296875 0.564062228125
15 0.6546873343749999 0.8406251812500001 0.6593753296875 0.8359377718750001 0.6593753296875 0.7812503625 0.65625 0.7812503625 0.6546873343749999 0.7796874093749999 0.607812665625 0.7796874093749999 0.60625 0.7812503625 0.60625 0.8375 0.6093753296875 0.8406251812500001 0.6546873343749999 0.8406251812500001
3 0.385937334375 0.23437481875000002 0.38125 0.23906222812500003 0.38125 0.27187481875 0.382812665625 0.27343777187499996 0.3843753296875 0.27343777187499996 0.3875 0.27656222812500003 0.3875 0.27812518124999996 0.38906266562499997 0.27968740937500003 0.39375 0.27968740937500003 0.395312665625 0.2812503625 0.42812532968749994 0.2812503625 0.42968733437499995 0.27968740937500003 0.43125 0.27968740937500003 0.43281266562500004 0.27812518124999996 0.4343753296875 0.27812518124999996 0.4343753296875 0.27656222812500003 0.435937334375 0.275 0.435937334375 0.27343777187499996 0.4375 0.27187481875 0.4375 0.270312590625 0.439062665625 0.2687503625 0.439062665625 0.26562518125 0.44062532968749996 0.264062228125 0.439062665625 0.2625 0.439062665625 0.25937481875 0.435937334375 0.25624963749999996 0.43281266562500004 0.25624963749999996 0.426562665625 0.25 0.425 0.25 0.423437334375 0.248437771875 0.423437334375 0.24687481875 0.41875 0.242187409375 0.41875 0.24062518125 0.417187334375 0.23906222812500003 0.417187334375 0.23281259062499998 0.4156253296875 0.2312496375 0.4156253296875 0.22812518124999998 0.39218733437500003 0.22812518124999998 0.38906266562499997 0.2312496375 0.3875 0.2312496375 0.385937334375 0.23281259062499998 0.385937334375 0.23437481875000002
36 0.25 0.567187409375 0.248437334375 0.5687503625 0.2468753296875 0.5687503625 0.24531266562499998 0.5703125906250001 0.24375 0.5703125906250001 0.2406253296875 0.573437771875 0.23906266562499998 0.573437771875 0.2375 0.575 0.23437532968750002 0.575 0.23281266562499997 0.576562228125 0.23125 0.576562228125 0.225 0.582812590625 0.225 0.59062518125 0.22343733437500002 0.5921874093749999 0.22343733437500002 0.59687481875 0.21875 0.6015622281249999 0.21875 0.60312518125 0.2093753296875 0.6125 0.20625 0.6125 0.20468733437500003 0.614062228125 0.20312532968750002 0.614062228125 0.20156266562499997 0.61562518125 0.20156266562499997 0.6171874093749999 0.2 0.6187496375 0.2 0.620312590625 0.198437334375 0.6218748187500001 0.198437334375 0.6843748187500001 0.20156266562499997 0.6843748187500001 0.20312532968750002 0.685937771875 0.20781266562499998 0.685937771875 0.2125 0.6906251812499999 0.21406266562499998 0.6906251812499999 0.2156253296875 0.692187409375 0.2218753296875 0.692187409375 0.225 0.6953125906250001 0.225 0.69687481875 0.226562665625 0.69687481875 0.22812532968750002 0.698437771875 0.242187334375 0.698437771875 0.24375 0.69687481875 0.2468753296875 0.69687481875 0.248437334375 0.6953125906250001 0.25 0.6953125906250001 0.25156266562499996 0.6937496375000001 0.2531253296875 0.6937496375000001 0.254687334375 0.6953125906250001 0.25625 0.6953125906250001 0.257812665625 0.69687481875 0.260937334375 0.69687481875 0.2625 0.698437771875 0.26875 0.698437771875 0.270312665625 0.7 0.2718753296875 0.7 0.276562665625 0.704687409375 0.27812532968750003 0.704687409375 0.27968733437500004 0.7062496375 0.28125 0.7062496375 0.28281266562499996 0.707812590625 0.289062665625 0.707812590625 0.2906253296875 0.7062496375 0.292187334375 0.7062496375 0.29375 0.704687409375 0.29531266562499997 0.704687409375 0.301562665625 0.698437771875 0.304687334375 0.698437771875 0.30625 0.69687481875 0.307812665625 0.69687481875 0.3125 0.692187409375 0.3156253296875 0.692187409375 0.317187334375 0.6906251812499999 0.317187334375 0.689062228125 0.31875 0.6875 0.320312665625 0.6875 0.3281253296875 0.6796874093749999 0.3281253296875 0.67812518125 0.32968733437500003 0.676562228125 0.32968733437500003 0.61562518125 0.32656266562499997 0.6125 0.323437334375 0.6125 0.3218753296875 0.610937771875 0.320312665625 0.610937771875 0.317187334375 0.607812590625 0.317187334375 0.6062496375 0.3156253296875 0.604687409375 0.3156253296875 0.60312518125 0.3125 0.6 0.3125 0.598437771875 0.31093733437500004 0.59687481875 0.31093733437500004 0.589062228125 0.29843733437500003 0.576562228125 0.2968753296875 0.576562228125 0.29531266562499997 0.575 0.289062665625 0.575 0.28281266562499996 0.5687503625 0.27812532968750003 0.5687503625 0.2718753296875 0.5625 0.257812665625 0.5625 0.25625 0.564062228125 0.254687334375 0.564062228125 0.25156266562499996 0.567187409375 0.25 0.567187409375
8 0.510937334375 0.557812590625 0.510937334375 0.501562228125 0.5093753296875 0.5 0.45937532968749994 0.5 0.45937532968749994 0.557812590625 0.46093733437499995 0.5593748187500001 0.5093753296875 0.5593748187500001 0.510937334375 0.557812590625
0 0.2375 0.29062518125 0.23437532968750002 0.2937496375 0.23125 0.2937496375 0.226562665625 0.298437771875 0.225 0.298437771875 0.22343733437500002 0.3 0.2218753296875 0.3 0.220312665625 0.301562228125 0.21875 0.301562228125 0.21406266562499998 0.3062496375 0.210937334375 0.3062496375 0.2093753296875 0.307812590625 0.20781266562499998 0.307812590625 0.20781266562499998 0.30937481875 0.198437334375 0.31874963749999996 0.198437334375 0.401562228125 0.20156266562499997 0.404687409375 0.20312532968750002 0.404687409375 0.20468733437500003 0.40625036249999996 0.20625 0.40625036249999996 0.2093753296875 0.40937481875000004 0.210937334375 0.40937481875000004 0.2125 0.410937771875 0.21875 0.410937771875 0.220312665625 0.4125 0.2218753296875 0.4125 0.22343733437500002 0.414062228125 0.225 0.414062228125 0.226562665625 0.41562518125 0.22812532968750002 0.41562518125 0.22968733437500002 0.417187409375 0.24375 0.417187409375 0.24531266562499998 0.41562518125 0.25 0.41562518125 0.25156266562499996 0.414062228125 0.2531253296875 0.414062228125 0.254687334375 0.41562518125 0.257812665625 0.41562518125 0.2593753296875 0.417187409375 0.270312665625 0.417187409375 0.2718753296875 0.41874963750000005 0.273437334375 0.41874963750000005 0.276562665625 0.42187481875 0.27812532968750003 0.42187481875 0.27968733437500004 0.42343777187500004 0.2968753296875 0.42343777187500004 0.29843733437500003 0.42187481875 0.3 0.42187481875 0.3031253296875 0.41874963750000005 0.30625 0.41874963750000005 0.307812665625 0.417187409375 0.31406266562499996 0.417187409375 0.31875 0.4125 0.320312665625 0.4125 0.32968733437500003 0.40312518124999996 0.32968733437500003 0.32187481875 0.3281253296875 0.320312590625 0.3281253296875 0.31874963749999996 0.3218753296875 0.3125 0.320312665625 0.3125 0.31875 0.310937771875 0.317187334375 0.310937771875 0.31406266562499996 0.307812590625 0.31093733437500004 0.307812590625 0.30937532968750003 0.3062496375 0.30625 0.3062496375 0.304687334375 0.304687409375 0.3031253296875 0.304687409375 0.29843733437500003 0.3 0.29531266562499997 0.3 0.292187334375 0.29687481875 0.292187334375 0.295312590625 0.2906253296875 0.295312590625 0.2875 0.292187409375 0.285937334375 0.292187409375 0.2843753296875 0.29062518125 0.2843753296875 0.28906222812500004 0.28281266562499996 0.28906222812500004 0.28125 0.2875 0.273437334375 0.2875 0.2718753296875 0.28593777187499997 0.2468753296875 0.28593777187499997 0.24531266562499998 0.2875 0.242187334375 0.2875 0.23906266562499998 0.29062518125 0.2375 0.29062518125
0 0.31406266562499996 0.151562228125 0.31406266562499996 0.15312518125000002 0.3125 0.154687409375 0.31093733437500004 0.154687409375 0.307812665625 0.157812590625 0.30625 0.157812590625 0.30625 0.1625 0.3031253296875 0.16562518125 0.29843733437500003 0.16562518125 0.2968753296875 0.164062228125 0.29531266562499997 0.16562518125 0.29375 0.16562518125 0.292187334375 0.167187409375 0.2906253296875 0.167187409375 0.289062665625 0.1687496375 0.28281266562499996 0.1687496375 0.28125 0.17031259062499998 0.27968733437500004 0.17031259062499998 0.276562665625 0.173437771875 0.276562665625 0.175 0.275 0.176562228125 0.275 0.17812518125000001 0.27812532968750003 0.1812496375 0.27968733437500004 0.1812496375 0.28125 0.179687409375 0.2843753296875 0.179687409375 0.285937334375 0.1812496375 0.289062665625 0.1812496375 0.2906253296875 0.182812590625 0.2968753296875 0.182812590625 0.304687334375 0.19062518125 0.304687334375 0.19374963750000002 0.30625 0.195312590625 0.30625 0.2 0.307812665625 0.20156222812500002 0.307812665625 0.2062503625 0.30937532968750003 0.207812590625 0.30937532968750003 0.21562518125 0.30625 0.21875036250000002 0.30625 0.220312590625 0.3031253296875 0.22343777187499997 0.301562665625 0.22343777187499997 0.3 0.225 0.29375 0.225 0.292187334375 0.22656222812500001 0.289062665625 0.22656222812500001 0.2875 0.225 0.28281266562499996 0.225 0.28125 0.22343777187499997 0.27968733437500004 0.22343777187499997 0.27812532968750003 0.22187481875 0.276562665625 0.22187481875 0.276562665625 0.22343777187499997 0.275 0.225 0.275 0.23593777187499998 0.27968733437500004 0.24062518125 0.27968733437500004 0.24374963749999998 0.28125 0.245312590625 0.28125 0.25312518125 0.28281266562499996 0.254687409375 0.28281266562499996 0.25624963749999996 0.2843753296875 0.257812590625 0.2843753296875 0.25937481875 0.285937334375 0.260937771875 0.285937334375 0.2625 0.2875 0.264062228125 0.2875 0.2687503625 0.289062665625 0.270312590625 0.289062665625 0.27187481875 0.2906253296875 0.27187481875 0.292187334375 0.27343777187499996 0.29375 0.27343777187499996 0.29531266562499997 0.275 0.2968753296875 0.275 0.301562665625 0.27968740937500003 0.30625 0.27968740937500003 0.307812665625 0.2812503625 0.30937532968750003 0.2812503625 0.31406266562499996 0.28593777187499997 0.317187334375 0.28593777187499997 0.31875 0.2875 0.3218753296875 0.2875 0.325 0.29062518125 0.32656266562499997 0.29062518125 0.3281253296875 0.292187409375 0.32968733437500003 0.292187409375 0.332812665625 0.295312590625 0.335937334375 0.295312590625 0.3375 0.2937496375 0.34062532968750003 0.2937496375 0.34218733437500004 0.292187409375 0.3468753296875 0.292187409375 0.3531253296875 0.28593777187499997 0.35781266562499997 0.28593777187499997 0.3625 0.2812503625 0.364062665625 0.2812503625 0.3656253296875 0.27968740937500003 0.370312665625 0.27968740937500003 0.37187532968750003 0.27812518124999996 0.37343733437500004 0.27812518124999996 0.379687334375 0.27187481875 0.379687334375 0.24687481875 0.385937334375 0.24062518125 0.385937334375 0.23906222812500003 0.39218733437500003 0.23281259062499998 0.39218733437500003 0.2312496375 0.3968753296875 0.22656222812500001 0.3968753296875 0.225 0.4 0.22187481875 0.4 0.185937771875 0.398437334375 0.18437481875 0.398437334375 0.176562228125 0.3968753296875 0.175 0.3968753296875 0.173437771875 0.395312665625 0.173437771875 0.39375 0.17187481875 0.39375 0.17031259062499998 0.39218733437500003 0.17031259062499998 0.3906253296875 0.1687496375 0.38906266562499997 0.1687496375 0.3875 0.167187409375 0.3843753296875 0.167187409375 0.38125 0.164062228125 0.379687334375 0.164062228125 0.3781253296875 0.1625 0.37656266562499996 0.1625 0.375 0.160937771875 0.37343733437500004 0.160937771875 0.36875 0.1562503625 0.3656253296875 0.1562503625 0.3593753296875 0.15 0.35781266562499997 0.15 0.3531253296875 0.145312590625 0.351562665625 0.145312590625 0.35 0.1437496375 0.325 0.1437496375 0.323437334375 0.145312590625 0.3218753296875 0.145312590625 0.3156253296875 0.151562228125 0.31406266562499996 0.151562228125
32 0.24375 0.242187409375 0.242187334375 0.24374963749999998 0.242187334375 0.27187481875 0.24375 0.27343777187499996 0.24375 0.275 0.2468753296875 0.27812518124999996 0.248437334375 0.27812518124999996 0.25 0.27968740937500003 0.27812532968750003 0.27968740937500003 0.27968733437500004 0.27812518124999996 0.27968733437500004 0.27656222812500003 0.28281266562499996 0.27343777187499996 0.2843753296875 0.27343777187499996 0.285937334375 0.27187481875 0.285937334375 0.25312518125 0.2843753296875 0.251562228125 0.2843753296875 0.25 0.28281266562499996 0.248437771875 0.28281266562499996 0.24687481875 0.28125 0.245312590625 0.28125 0.24374963749999998 0.27968733437500004 0.242187409375 0.27968733437500004 0.23906222812500003 0.27812532968750003 0.2375 0.276562665625 0.2375 0.2718753296875 0.23281259062499998 0.2468753296875 0.23281259062499998 0.24531266562499998 0.23437481875000002 0.24531266562499998 0.23593777187499998 0.24375 0.2375 0.24375 0.242187409375
31 0.1 0.426562228125 0.09375 0.43281259062500005 0.09375 0.4625 0.095312665625 0.464062228125 0.095312665625 0.46562518124999996 0.09843733437499999 0.46562518124999996 0.1 0.467187409375 0.12812532968749998 0.467187409375 0.129687334375 0.46562518124999996 0.13125 0.46562518124999996 0.1343753296875 0.4625 0.1343753296875 0.460937771875 0.135937334375 0.45937481875 0.135937334375 0.426562228125 0.1343753296875 0.425 0.132812665625 0.425 0.129687334375 0.42187481875 0.129687334375 0.42031259062500004 0.12812532968749998 0.41874963750000005 0.12656266562500001 0.41874963750000005 0.123437334375 0.41562518125 0.107812665625 0.41562518125 0.10625 0.417187409375 0.10625 0.41874963750000005 0.1 0.425 0.1 0.426562228125
5 0.2375 0.70312518125 0.23437532968750002 0.7062496375 0.23437532968750002 0.7312496375 0.2375 0.73437481875 0.2375 0.745312590625 0.2406253296875 0.748437771875 0.242187334375 0.748437771875 0.24531266562499998 0.751562228125 0.24531266562499998 0.7531251812499999 0.27812532968750003 0.7531251812499999 0.28125 0.75 0.28281266562499996 0.75 0.285937334375 0.7468748187500001 0.2875 0.7468748187500001 0.2875 0.745312590625 0.289062665625 0.7437496375 0.2906253296875 0.7437496375 0.292187334375 0.7421874093749999 0.292187334375 0.739062228125 0.29375 0.7375 0.29375 0.732812590625 0.292187334375 0.7312496375 0.292187334375 0.7265622281249999 0.2843753296875 0.7187503625 0.276562665625 0.7187503625 0.273437334375 0.71562518125 0.273437334375 0.707812590625 0.2718753296875 0.7062496375 0.270312665625 0.7062496375 0.26718733437500003 0.70312518125 0.26718733437500003 0.701562228125 0.26406266562499997 0.698437771875 0.24375 0.698437771875 0.242187334375 0.7 0.23906266562499998 0.7 0.2375 0.701562228125 0.2375 0.70312518125
33 0.61875 0.09687481875000001 0.6125 0.10312518125 0.6125 0.135937771875 0.614062665625 0.1375 0.6156253296875 0.1375 0.617187334375 0.139062228125 0.617187334375 0.14062518125 0.648437334375 0.14062518125 0.648437334375 0.139062228125 0.6531253296874999 0.13437481874999999 0.6531253296874999 0.10937481874999999 0.65 0.10624963750000001 0.65 0.10468740937500001 0.648437334375 0.10312518125 0.648437334375 0.101562228125 0.639062665625 0.092187409375 0.6375 0.092187409375 0.635937334375 0.09062518124999999 0.625 0.09062518124999999 0.6218753296874999 0.09375036249999999 0.620312665625 0.09375036249999999 0.61875 0.095312590625 0.61875 0.09687481875000001
27 0.5093753296875 0.15312518125000002 0.510937334375 0.15312518125000002 0.5125 0.154687409375 0.5156253296875 0.154687409375 0.51875 0.157812590625 0.51875 0.15937481874999998 0.520312665625 0.160937771875 0.525 0.160937771875 0.526562665625 0.1625 0.5281253296874999 0.1625 0.5328126656250001 0.167187409375 0.5343753296875 0.167187409375 0.539062665625 0.17187481875 0.554687334375 0.17187481875 0.554687334375 0.157812590625 0.5531253296875 0.1562503625 0.551562665625 0.1562503625 0.548437334375 0.15312518125000002 0.548437334375 0.151562228125 0.5468753296875 0.15 0.5406253296875 0.15 0.5343753296875 0.1437496375 0.5328126656250001 0.1437496375 0.526562665625 0.1375 0.525 0.1375 0.523437334375 0.135937771875 0.5218753296875 0.135937771875 0.51875 0.132812590625 0.5 0.132812590625 0.5 0.145312590625 0.5031253296875 0.148437771875 0.504687334375 0.148437771875 0.5093753296875 0.15312518125000002
28 0.60625 0.6906251812499999 0.6031253296875 0.6937496375000001 0.5953126656250001 0.6937496375000001 0.59375 0.6953125906250001 0.59375 0.69687481875 0.5906253296874999 0.7 0.589062665625 0.7 0.582812665625 0.7062496375 0.5781253296875 0.7062496375 0.576562665625 0.707812590625 0.575 0.707812590625 0.575 0.7171874093749999 0.576562665625 0.7171874093749999 0.58125 0.72187481875 0.59375 0.72187481875 0.5953126656250001 0.7203125906250001 0.5968753296875 0.7203125906250001 0.6 0.7171874093749999 0.6031253296875 0.7171874093749999 0.604687334375 0.71562518125 0.604687334375 0.714062228125 0.607812665625 0.7109377718750001 0.610937334375 0.7109377718750001 0.6125 0.70937481875 0.614062665625 0.70937481875 0.617187334375 0.7062496375 0.61875 0.7062496375 0.620312665625 0.704687409375 0.6218753296874999 0.704687409375 0.6234373343749999 0.70312518125 0.6234373343749999 0.701562228125 0.6265626656250001 0.698437771875 0.6281253296875 0.698437771875 0.629687334375 0.69687481875 0.629687334375 0.685937771875 0.6125 0.685937771875 0.610937334375 0.6875 0.607812665625 0.6875 0.60625 0.689062228125 0.60625 0.6906251812499999
31 0.323437334375 0.5656251812499999 0.3218753296875 0.567187409375 0.320312665625 0.567187409375 0.320312665625 0.5687503625 0.31875 0.5703125906250001 0.31875 0.57187481875 0.3156253296875 0.575 0.3156253296875 0.6 0.31875 0.60312518125 0.31875 0.604687409375 0.320312665625 0.604687409375 0.325 0.60937481875 0.348437334375 0.60937481875 0.3593753296875 0.598437771875 0.3593753296875 0.5812496375 0.354687334375 0.576562228125 0.354687334375 0.5656251812499999 0.348437334375 0.5593748187500001 0.348437334375 0.557812590625 0.3468753296875 0.5562496375 0.3281253296875 0.5562496375 0.325 0.5593748187500001 0.325 0.5625 0.323437334375 0.564062228125 0.323437334375 0.5656251812499999
26 0.28125 0.28906222812500004 0.28125 0.29062518125 0.28281266562499996 0.29062518125 0.2843753296875 0.292187409375 0.289062665625 0.292187409375 0.2906253296875 0.2937496375 0.292187334375 0.2937496375 0.29375 0.295312590625 0.29375 0.29687481875 0.29531266562499997 0.298437771875 0.2968753296875 0.298437771875 0.3031253296875 0.304687409375 0.30937532968750003 0.304687409375 0.3125 0.307812590625 0.3125 0.30937481875 0.31406266562499996 0.310937771875 0.3156253296875 0.310937771875 0.317187334375 0.3125 0.31875 0.3125 0.3218753296875 0.31562518125 0.33125 0.31562518125 0.33125 0.314062228125 0.332812665625 0.3125 0.3343753296875 0.3125 0.3343753296875 0.29687481875 0.332812665625 0.295312590625 0.33125 0.295312590625 0.32968733437500003 0.2937496375 0.32656266562499997 0.2937496375 0.323437334375 0.29062518125 0.323437334375 0.28906222812500004 0.3218753296875 0.2875 0.320312665625 0.2875 0.3156253296875 0.28281259062499997 0.31406266562499996 0.28281259062499997 0.3125 0.2812503625 0.30937532968750003 0.2812503625 0.307812665625 0.27968740937500003 0.30625 0.27968740937500003 0.304687334375 0.27812518124999996 0.304687334375 0.27656222812500003 0.3031253296875 0.275 0.27812532968750003 0.275 0.27812532968750003 0.28437481875000004 0.27968733437500004 0.28593777187499997 0.27968733437500004 0.2875 0.28125 0.28906222812500004
33 0.46406266562500004 0.10468740937500001 0.46406266562500004 0.10624963750000001 0.4625 0.107812590625 0.4625 0.13437481874999999 0.46406266562500004 0.135937771875 0.4656253296875 0.135937771875 0.46875 0.139062228125 0.46875 0.14062518125 0.470312665625 0.14218740937500002 0.5 0.14218740937500002 0.5015626656250001 0.14062518125 0.5031253296875 0.14062518125 0.5031253296875 0.139062228125 0.504687334375 0.1375 0.504687334375 0.10312518125 0.498437334375 0.09687481875000001 0.498437334375 0.095312590625 0.4968753296875 0.09375036249999999 0.49531266562500004 0.09375036249999999 0.49218733437499995 0.09062518124999999 0.4781253296875 0.09062518124999999 0.467187334375 0.101562228125 0.467187334375 0.10312518125 0.4656253296875 0.10468740937500001 0.46406266562500004 0.10468740937500001
33 0.6890626656250001 0.24374963749999998 0.6875 0.245312590625 0.6875 0.25624963749999996 0.6859373343749999 0.257812590625 0.6859373343749999 0.275 0.6875 0.27656222812500003 0.6875 0.27812518124999996 0.6890626656250001 0.27968740937500003 0.7218753296875 0.27968740937500003 0.723437334375 0.27812518124999996 0.723437334375 0.23906222812500003 0.7218753296875 0.2375 0.7203126656250001 0.2375 0.7171873343749999 0.23437481875000002 0.7171873343749999 0.23281259062499998 0.7156253296874999 0.2312496375 0.698437334375 0.2312496375 0.695312665625 0.23437481875000002 0.695312665625 0.23593777187499998 0.6890626656250001 0.242187409375 0.6890626656250001 0.24374963749999998
26 0.29531266562499997 0.1375 0.289062665625 0.1437496375 0.28281266562499996 0.1437496375 0.28125 0.145312590625 0.28125 0.14687481875 0.27812532968750003 0.15 0.276562665625 0.15 0.270312665625 0.1562503625 0.26875 0.1562503625 0.26718733437500003 0.157812590625 0.26718733437500003 0.173437771875 0.2843753296875 0.173437771875 0.285937334375 0.17187481875 0.285937334375 0.17031259062499998 0.289062665625 0.167187409375 0.2906253296875 0.167187409375 0.29531266562499997 0.1625 0.2968753296875 0.1625 0.29843733437500003 0.160937771875 0.3031253296875 0.160937771875 0.304687334375 0.15937481874999998 0.304687334375 0.157812590625 0.307812665625 0.154687409375 0.30937532968750003 0.154687409375 0.31875 0.145312590625 0.31875 0.1437496375 0.3218753296875 0.14062518125 0.3218753296875 0.132812590625 0.304687334375 0.132812590625 0.301562665625 0.135937771875 0.3 0.135937771875 0.29843733437500003 0.1375 0.29531266562499997 0.1375
27 0.65 0.14687481875 0.651562665625 0.148437771875 0.6531253296874999 0.148437771875 0.65625 0.151562228125 0.65625 0.15312518125000002 0.6578126656250001 0.154687409375 0.6593753296875 0.154687409375 0.664062665625 0.15937481874999998 0.6656253296875 0.15937481874999998 0.667187334375 0.160937771875 0.6718753296875 0.160937771875 0.675 0.164062228125 0.675 0.16562518125 0.676562665625 0.167187409375 0.679687334375 0.167187409375 0.68125 0.1687496375 0.6843753296874999 0.1687496375 0.6859373343749999 0.17031259062499998 0.6859373343749999 0.17187481875 0.6875 0.17187481875 0.6890626656250001 0.173437771875 0.7031253296875 0.173437771875 0.7031253296875 0.160937771875 0.7 0.157812590625 0.698437334375 0.157812590625 0.6968753296875 0.1562503625 0.695312665625 0.1562503625 0.692187334375 0.15312518125000002 0.692187334375 0.151562228125 0.6906253296875 0.15 0.682812665625 0.15 0.679687334375 0.14687481875 0.679687334375 0.145312590625 0.6781253296875 0.1437496375 0.676562665625 0.1437496375 0.670312665625 0.1375 0.667187334375 0.1375 0.6656253296875 0.135937771875 0.6578126656250001 0.135937771875 0.65625 0.13437481874999999 0.645312665625 0.13437481874999999 0.645312665625 0.14218740937500002 0.6468753296875 0.14218740937500002 0.65 0.145312590625 0.65 0.14687481875
25 0.37656266562499996 0.5546874093749999 0.375 0.5562496375 0.370312665625 0.5562496375 0.36875 0.557812590625 0.36875 0.5593748187500001 0.3656253296875 0.5625 0.364062665625 0.5625 0.3593753296875 0.567187409375 0.35781266562499997 0.567187409375 0.35781266562499997 0.5859377718750001 0.3656253296875 0.5859377718750001 0.370312665625 0.5812496375 0.37187532968750003 0.5812496375 0.37343733437500004 0.579687409375 0.3781253296875 0.579687409375 0.379687334375 0.57812518125 0.379687334375 0.576562228125 0.382812665625 0.573437771875 0.3875 0.573437771875 0.38906266562499997 0.57187481875 0.3906253296875 0.57187481875 0.395312665625 0.567187409375 0.3968753296875 0.567187409375 0.398437334375 0.5656251812499999 0.398437334375 0.564062228125 0.40156266562500004 0.560937771875 0.404687334375 0.560937771875 0.40625 0.5593748187500001 0.407812665625 0.5593748187500001 0.40937532968749996 0.557812590625 0.40937532968749996 0.5562496375 0.41093733437499996 0.5546874093749999 0.41093733437499996 0.545312590625 0.38906266562499997 0.545312590625 0.3843753296875 0.55 0.382812665625 0.55 0.3781253296875 0.5546874093749999 0.37656266562499996 0.5546874093749999
25 0.41875 0.5562496375 0.41875 0.5593748187500001 0.426562665625 0.567187409375 0.42812532968749994 0.567187409375 0.43125 0.5703125906250001 0.43125 0.57187481875 0.43281266562500004 0.57187481875 0.4343753296875 0.573437771875 0.439062665625 0.573437771875 0.44531266562500005 0.579687409375 0.448437334375 0.579687409375 0.45312532968749997 0.58437481875 0.454687334375 0.58437481875 0.45625 0.5859377718750001 0.45937532968749994 0.5859377718750001 0.4625 0.589062228125 0.4625 0.59062518125 0.46406266562500004 0.5921874093749999 0.47187532968749996 0.5921874093749999 0.47343733437499996 0.5937503625 0.479687334375 0.5937503625 0.482812665625 0.59062518125 0.482812665625 0.5812496375 0.479687334375 0.57812518125 0.479687334375 0.576562228125 0.4781253296875 0.575 0.47656266562500005 0.575 0.47187532968749996 0.5703125906250001 0.470312665625 0.5703125906250001 0.46875 0.5687503625 0.46406266562500004 0.5687503625 0.46093733437499995 0.5656251812499999 0.46093733437499995 0.564062228125 0.45937532968749994 0.5625 0.45625 0.5625 0.451562665625 0.557812590625 0.45 0.557812590625 0.448437334375 0.5562496375 0.44531266562500005 0.5562496375 0.44218733437499996 0.55312518125 0.44218733437499996 0.551562228125 0.44062532968749996 0.55 0.4343753296875 0.55 0.42968733437499995 0.545312590625 0.4156253296875 0.545312590625 0.4156253296875 0.55 0.417187334375 0.551562228125 0.417187334375 0.5546874093749999 0.41875 0.5562496375
26 0.3625 0.15312518125000002 0.364062665625 0.154687409375 0.3656253296875 0.154687409375 0.36875 0.157812590625 0.36875 0.15937481874999998 0.370312665625 0.160937771875 0.37656266562499996 0.160937771875 0.382812665625 0.167187409375 0.3843753296875 0.167187409375 0.38906266562499997 0.17187481875 0.3906253296875 0.17187481875 0.39218733437500003 0.173437771875 0.40937532968749996 0.173437771875 0.40937532968749996 0.1625 0.4031253296875 0.1562503625 0.40156266562500004 0.1562503625 0.398437334375 0.15312518125000002 0.398437334375 0.151562228125 0.3968753296875 0.15 0.395312665625 0.15 0.38906266562499997 0.1437496375 0.3843753296875 0.1437496375 0.379687334375 0.139062228125 0.379687334375 0.1375 0.3781253296875 0.135937771875 0.37656266562499996 0.135937771875 0.37343733437500004 0.132812590625 0.3531253296875 0.132812590625 0.3531253296875 0.14687481875 0.354687334375 0.14687481875 0.36093733437500003 0.15312518125000002 0.3625 0.15312518125000002
25 0.270312665625 0.560937771875 0.2718753296875 0.560937771875 0.275 0.564062228125 0.275 0.5656251812499999 0.276562665625 0.567187409375 0.27968733437500004 0.567187409375 0.2843753296875 0.57187481875 0.285937334375 0.57187481875 0.2875 0.573437771875 0.2906253296875 0.573437771875 0.29375 0.576562228125 0.29375 0.57812518125 0.29531266562499997 0.579687409375 0.2968753296875 0.579687409375 0.29843733437500003 0.5812496375 0.3 0.5812496375 0.3031253296875 0.58437481875 0.304687334375 0.58437481875 0.30625 0.5859377718750001 0.3156253296875 0.5859377718750001 0.3156253296875 0.5687503625 0.31406266562499996 0.5687503625 0.31093733437500004 0.5656251812499999 0.31093733437500004 0.564062228125 0.30937532968750003 0.5625 0.307812665625 0.5625 0.304687334375 0.5593748187500001 0.304687334375 0.557812590625 0.3031253296875 0.5562496375 0.3 0.5562496375 0.29843733437500003 0.5546874093749999 0.2968753296875 0.5546874093749999 0.292187334375 0.55 0.2906253296875 0.55 0.289062665625 0.548437771875 0.2875 0.548437771875 0.285937334375 0.54687481875 0.285937334375 0.545312590625 0.2843753296875 0.545312590625 0.28281266562499996 0.5437496375 0.276562665625 0.5437496375 0.275 0.542187409375 0.2656253296875 0.542187409375 0.2656253296875 0.5546874093749999 0.26875 0.557812590625 0.26875 0.5593748187500001 0.270312665625 0.560937771875
12 0.6843753296874999 0.698437771875 0.6890626656250001 0.6937496375000001 0.6906253296875 0.6937496375000001 0.692187334375 0.692187409375 0.6968753296875 0.692187409375 0.7031253296875 0.698437771875 0.710937334375 0.698437771875 0.7125 0.7 0.714062665625 0.7 0.7156253296874999 0.701562228125 0.7171873343749999 0.7 0.723437334375 0.7 0.725 0.698437771875 0.732812665625 0.698437771875 0.7343753296875 0.69687481875 0.7343753296875 0.6437496375 0.732812665625 0.6437496375 0.729687334375 0.64062518125 0.68125 0.64062518125 0.679687334375 0.642187409375 0.679687334375 0.69687481875 0.68125 0.698437771875 0.6843753296874999 0.698437771875
15 0.3125 0.27812518124999996 0.36093733437500003 0.27812518124999996 0.36093733437500003 0.27656222812500003 0.364062665625 0.27343777187499996 0.364062665625 0.22343777187499997 0.36093733437500003 0.220312590625 0.3125 0.220312590625 0.3125 0.22187481875 0.30937532968750003 0.225 0.30937532968750003 0.275 0.3125 0.27812518124999996
28 0.2 0.704687409375 0.20312532968750002 0.704687409375 0.20625 0.707812590625 0.20625 0.70937481875 0.20781266562499998 0.7109377718750001 0.2125 0.7109377718750001 0.21406266562499998 0.7125 0.2156253296875 0.7125 0.220312665625 0.7171874093749999 0.2218753296875 0.7171874093749999 0.226562665625 0.72187481875 0.23125 0.72187481875 0.23125 0.7203125906250001 0.23281266562499997 0.7187503625 0.23281266562499997 0.7 0.23125 0.7 0.226562665625 0.6953125906250001 0.225 0.6953125906250001 0.22343733437500002 0.6937496375000001 0.220312665625 0.6937496375000001 0.217187334375 0.6906251812499999 0.217187334375 0.689062228125 0.2156253296875 0.6875 0.21406266562499998 0.6875 0.2125 0.685937771875 0.210937334375 0.685937771875 0.2093753296875 0.6843748187500001 0.192187334375 0.6843748187500001 0.192187334375 0.698437771875 0.1968753296875 0.70312518125 0.198437334375 0.70312518125 0.2 0.704687409375
28 0.6468753296875 0.704687409375 0.65 0.707812590625 0.65 0.70937481875 0.651562665625 0.7109377718750001 0.6531253296874999 0.7109377718750001 0.6593753296875 0.7171874093749999 0.664062665625 0.7171874093749999 0.6656253296875 0.7187503625 0.667187334375 0.7187503625 0.66875 0.7203125906250001 0.673437334375 0.7203125906250001 0.673437334375 0.714062228125 0.675 0.7125 0.675 0.7109377718750001 0.676562665625 0.70937481875 0.676562665625 0.707812590625 0.675 0.7062496375 0.675 0.70312518125 0.6718753296875 0.7 0.670312665625 0.7 0.667187334375 0.69687481875 0.667187334375 0.6953125906250001 0.6656253296875 0.6937496375000001 0.6593753296875 0.6937496375000001 0.6531253296874999 0.6875 0.651562665625 0.6875 0.65 0.685937771875 0.639062665625 0.685937771875 0.6375 0.6875 0.6375 0.69687481875 0.645312665625 0.704687409375 0.6468753296875 0.704687409375
27 0.651562665625 0.2875 0.65 0.28906222812500004 0.65 0.29062518125 0.6468753296875 0.2937496375 0.64375 0.2937496375 0.6375 0.3 0.6375 0.310937771875 0.639062665625 0.3125 0.645312665625 0.3125 0.6468753296875 0.310937771875 0.6531253296874999 0.310937771875 0.6593753296875 0.304687409375 0.664062665625 0.304687409375 0.670312665625 0.298437771875 0.673437334375 0.298437771875 0.675 0.29687481875 0.6781253296875 0.29687481875 0.6781253296875 0.295312590625 0.679687334375 0.2937496375 0.68125 0.2937496375 0.682812665625 0.292187409375 0.6843753296874999 0.292187409375 0.6859373343749999 0.29062518125 0.6859373343749999 0.28906222812500004 0.6906253296875 0.28437481875000004 0.6906253296875 0.2812503625 0.6859373343749999 0.27656222812500003 0.670312665625 0.27656222812500003 0.6656253296875 0.2812503625 0.6593753296875 0.2812503625 0.6531253296874999 0.2875 0.651562665625 0.2875
27 0.579687334375 0.2875 0.58125 0.28906222812500004 0.58125 0.29062518125 0.582812665625 0.292187409375 0.5843753296875 0.292187409375 0.5875 0.295312590625 0.5875 0.29687481875 0.589062665625 0.298437771875 0.5968753296875 0.298437771875 0.6 0.301562228125 0.6 0.30312518125 0.601562665625 0.304687409375 0.6031253296875 0.304687409375 0.60625 0.307812590625 0.60625 0.30937481875 0.607812665625 0.310937771875 0.6156253296875 0.310937771875 0.61875 0.314062228125 0.6281253296875 0.314062228125 0.6281253296875 0.3 0.6218753296874999 0.2937496375 0.61875 0.2937496375 0.617187334375 0.292187409375 0.6156253296875 0.292187409375 0.610937334375 0.2875 0.607812665625 0.2875 0.604687334375 0.28437481875000004 0.604687334375 0.28281259062499997 0.6031253296875 0.2812503625 0.5968753296875 0.2812503625 0.5921873343749999 0.27656222812500003 0.575 0.27656222812500003 0.575 0.2812503625 0.576562665625 0.2812503625 0.579687334375 0.28437481875000004 0.579687334375 0.2875
5 0.68125 0.701562228125 0.68125 0.70312518125 0.6781253296875 0.7062496375 0.676562665625 0.7062496375 0.676562665625 0.73437481875 0.68125 0.739062228125 0.68125 0.7468748187500001 0.682812665625 0.748437771875 0.6843753296874999 0.748437771875 0.6875 0.751562228125 0.6875 0.7531251812499999 0.723437334375 0.7531251812499999 0.723437334375 0.751562228125 0.726562665625 0.748437771875 0.7281253296875 0.748437771875 0.729687334375 0.7468748187500001 0.73125 0.7468748187500001 0.73125 0.745312590625 0.732812665625 0.7437496375 0.7343753296875 0.7437496375 0.7343753296875 0.7421874093749999 0.735937334375 0.74062518125 0.735937334375 0.7265622281249999 0.7343753296875 0.725 0.7343753296875 0.723437771875 0.73125 0.7203125906250001 0.729687334375 0.7203125906250001 0.7281253296875 0.7187503625 0.7203126656250001 0.7187503625 0.7171873343749999 0.71562518125 0.7171873343749999 0.70937481875 0.710937334375 0.70312518125 0.710937334375 0.701562228125 0.7093753296875 0.7 0.707812665625 0.7 0.704687334375 0.69687481875 0.704687334375 0.6953125906250001 0.6875 0.6953125906250001 0.6875 0.69687481875 0.6843753296874999 0.7 0.682812665625 0.7 0.68125 0.701562228125
5 0.164062665625 0.5625 0.1625 0.564062228125 0.1625 0.5703125906250001 0.160937334375 0.57187481875 0.160937334375 0.5937503625 0.1625 0.5953125906250001 0.1625 0.6015622281249999 0.16875 0.607812590625 0.16875 0.60937481875 0.170312665625 0.610937771875 0.2093753296875 0.610937771875 0.210937334375 0.60937481875 0.210937334375 0.607812590625 0.21406266562499998 0.604687409375 0.2156253296875 0.604687409375 0.217187334375 0.60312518125 0.217187334375 0.6015622281249999 0.2218753296875 0.59687481875 0.2218753296875 0.5937503625 0.220312665625 0.5921874093749999 0.220312665625 0.59062518125 0.21875 0.589062228125 0.21875 0.5875 0.217187334375 0.5859377718750001 0.217187334375 0.58437481875 0.21406266562499998 0.5812496375 0.20625 0.5812496375 0.20468733437500003 0.579687409375 0.20312532968750002 0.579687409375 0.2 0.576562228125 0.2 0.575 0.198437334375 0.573437771875 0.198437334375 0.567187409375 0.1968753296875 0.5656251812499999 0.1968753296875 0.564062228125 0.192187334375 0.5593748187500001 0.192187334375 0.557812590625 0.19062532968749998 0.5562496375 0.18906266562500001 0.5562496375 0.1875 0.5546874093749999 0.1718753296875 0.5546874093749999 0.16875 0.557812590625 0.16875 0.5593748187500001 0.1656253296875 0.5625 0.164062665625 0.5625
25 0.710937334375 0.50937481875 0.710937334375 0.46562518124999996 0.7125 0.464062228125 0.7125 0.45937481875 0.710937334375 0.457812590625 0.710937334375 0.45468740937499996 0.7 0.45468740937499996 0.7 0.50937481875 0.701562665625 0.510937771875 0.7093753296875 0.510937771875 0.710937334375 0.50937481875
25 0.123437334375 0.475 0.12031266562500001 0.47187481875000004 0.107812665625 0.47187481875000004 0.107812665625 0.542187409375 0.12187532968749999 0.542187409375 0.123437334375 0.54062518125 0.123437334375 0.475
26 0.3593753296875 0.28281259062499997 0.354687334375 0.2875 0.351562665625 0.2875 0.35 0.28906222812500004 0.35 0.29062518125 0.3468753296875 0.2937496375 0.34531266562499996 0.2937496375 0.34375 0.295312590625 0.34375 0.301562228125 0.34218733437500004 0.30312518125 0.34218733437500004 0.3062496375 0.34062532968750003 0.307812590625 0.34218733437500004 0.30937481875 0.34218733437500004 0.310937771875 0.34375 0.3125 0.354687334375 0.3125 0.35625 0.310937771875 0.3593753296875 0.310937771875 0.36093733437500003 0.30937481875 0.3625 0.30937481875 0.367187334375 0.304687409375 0.36875 0.304687409375 0.370312665625 0.30312518125 0.37187532968750003 0.30312518125 0.37187532968750003 0.301562228125 0.37343733437500004 0.3 0.375 0.3 0.37656266562499996 0.298437771875 0.3781253296875 0.298437771875 0.379687334375 0.29687481875 0.379687334375 0.295312590625 0.382812665625 0.292187409375 0.3843753296875 0.292187409375 0.3875 0.28906222812500004 0.3875 0.2875 0.3906253296875 0.28437481875000004 0.3906253296875 0.275 0.370312665625 0.275 0.3656253296875 0.27968740937500003 0.364062665625 0.27968740937500003 0.36093733437500003 0.28281259062499997 0.3593753296875 0.28281259062499997
27 0.5906253296874999 0.139062228125 0.585937334375 0.1437496375 0.582812665625 0.1437496375 0.58125 0.145312590625 0.58125 0.14687481875 0.5781253296875 0.15 0.576562665625 0.15 0.575 0.151562228125 0.573437334375 0.151562228125 0.56875 0.1562503625 0.567187334375 0.1562503625 0.5640626656250001 0.15937481874999998 0.5640626656250001 0.17187481875 0.575 0.17187481875 0.576562665625 0.17031259062499998 0.5781253296875 0.17031259062499998 0.58125 0.167187409375 0.5843753296875 0.167187409375 0.5906253296874999 0.160937771875 0.5968753296875 0.160937771875 0.598437334375 0.15937481874999998 0.598437334375 0.157812590625 0.601562665625 0.154687409375 0.607812665625 0.154687409375 0.614062665625 0.148437771875 0.6156253296875 0.148437771875 0.617187334375 0.14687481875 0.617187334375 0.135937771875 0.598437334375 0.135937771875 0.5968753296875 0.1375 0.59375 0.1375 0.5921873343749999 0.139062228125 0.5906253296874999 0.139062228125
33 0.54375 0.24062518125 0.539062665625 0.245312590625 0.539062665625 0.27812518124999996 0.5406253296875 0.27812518124999996 0.542187334375 0.27968740937500003 0.5781253296875 0.27968740937500003 0.579687334375 0.27812518124999996 0.579687334375 0.24687481875 0.573437334375 0.24062518125 0.573437334375 0.23906222812500003 0.5718753296875 0.2375 0.570312665625 0.2375 0.567187334375 0.23437481875000002 0.567187334375 0.23281259062499998 0.5656253296875 0.2312496375 0.5531253296875 0.2312496375 0.5468753296875 0.2375 0.545312665625 0.2375 0.54375 0.23906222812500003 0.54375 0.24062518125
32 0.3906253296875 0.460937771875 0.39375 0.464062228125 0.39375 0.46562518124999996 0.395312665625 0.467187409375 0.404687334375 0.467187409375 0.40625 0.46875036249999996 0.417187334375 0.46875036249999996 0.41875 0.467187409375 0.426562665625 0.467187409375 0.42968733437499995 0.464062228125 0.42968733437499995 0.426562228125 0.425 0.42187481875 0.425 0.42031259062500004 0.423437334375 0.41874963750000005 0.423437334375 0.417187409375 0.4 0.417187409375 0.39375 0.42343777187500004 0.39375 0.425 0.3906253296875 0.42812518125 0.3906253296875 0.460937771875
26 0.439062665625 0.2937496375 0.44375 0.298437771875 0.4468753296875 0.298437771875 0.45 0.301562228125 0.45 0.30312518125 0.451562665625 0.304687409375 0.45312532968749997 0.304687409375 0.454687334375 0.3062496375 0.45625 0.3062496375 0.457812665625 0.307812590625 0.457812665625 0.30937481875 0.46093733437499995 0.30937481875 0.4625 0.310937771875 0.4656253296875 0.310937771875 0.467187334375 0.3125 0.46875 0.3125 0.470312665625 0.314062228125 0.475 0.314062228125 0.47656266562500005 0.3125 0.4781253296875 0.3125 0.479687334375 0.310937771875 0.479687334375 0.30937481875 0.48125 0.307812590625 0.48125 0.304687409375 0.479687334375 0.30312518125 0.479687334375 0.295312590625 0.4781253296875 0.2937496375 0.47656266562500005 0.2937496375 0.47343733437499996 0.29062518125 0.47343733437499996 0.28906222812500004 0.47187532968749996 0.2875 0.46875 0.2875 0.467187334375 0.28593777187499997 0.4656253296875 0.28593777187499997 0.46093733437499995 0.2812503625 0.457812665625 0.2812503625 0.454687334375 0.27812518124999996 0.4343753296875 0.27812518124999996 0.4343753296875 0.292187409375 0.435937334375 0.292187409375 0.4375 0.2937496375 0.439062665625 0.2937496375
25 0.19375 0.417187409375 0.195312665625 0.41874963750000005 0.195312665625 0.42031259062500004 0.1968753296875 0.42187481875 0.198437334375 0.42187481875 0.2 0.42343777187500004 0.20312532968750002 0.42343777187500004 0.20625 0.426562228125 0.20625 0.42812518125 0.20781266562499998 0.42968740937499994 0.2093753296875 0.42968740937499994 0.2156253296875 0.43593777187500005 0.220312665625 0.43593777187500005 0.225 0.44062518125 0.22968733437500002 0.44062518125 0.22968733437500002 0.43906222812499995 0.23125 0.4375 0.23125 0.43593777187500005 0.23281266562499997 0.43437481875 0.23281266562499997 0.426562228125 0.23125 0.425 0.23125 0.42343777187500004 0.22968733437500002 0.42187481875 0.22968733437500002 0.42031259062500004 0.22812532968750002 0.41874963750000005 0.226562665625 0.41874963750000005 0.22343733437500002 0.41562518125 0.22343733437500002 0.414062228125 0.2218753296875 0.4125 0.220312665625 0.4125 0.2156253296875 0.407812590625 0.21406266562499998 0.407812590625 0.2125 0.40625036249999996 0.20781266562499998 0.40625036249999996 0.20625 0.404687409375 0.19375 0.404687409375 0.192187334375 0.40625036249999996 0.192187334375 0.414062228125 0.19375 0.41562518125 0.19375 0.417187409375
7 0.5093753296875 0.839062228125 0.5093753296875 0.8375 0.510937334375 0.8359377718750001 0.510937334375 0.7828125906250001 0.5093753296875 0.7812503625 0.504687334375 0.7812503625 0.5031253296875 0.7796874093749999 0.45937532968749994 0.7796874093749999 0.457812665625 0.7812503625 0.457812665625 0.8406251812500001 0.507812665625 0.8406251812500001 0.5093753296875 0.839062228125
26 0.45625 0.40937481875000004 0.45312532968749997 0.4125 0.448437334375 0.4125 0.4468753296875 0.414062228125 0.44531266562500005 0.414062228125 0.44062532968749996 0.41874963750000005 0.439062665625 0.41874963750000005 0.4343753296875 0.42343777187500004 0.43281266562500004 0.42343777187500004 0.43281266562500004 0.44531259062500006 0.4375 0.44531259062500006 0.439062665625 0.4437503625 0.44062532968749996 0.4437503625 0.44218733437499996 0.44218740937499995 0.4468753296875 0.44218740937499995 0.451562665625 0.4375 0.45312532968749997 0.4375 0.454687334375 0.43593777187500005 0.45625 0.43593777187500005 0.46093733437499995 0.4312496375 0.4625 0.4312496375 0.46406266562500004 0.42968740937499994 0.4656253296875 0.42968740937499994 0.47187532968749996 0.42343777187500004 0.475 0.42343777187500004 0.47656266562500005 0.42187481875 0.4781253296875 0.42187481875 0.4781253296875 0.42031259062500004 0.479687334375 0.41874963750000005 0.479687334375 0.414062228125 0.48125 0.4125 0.48125 0.410937771875 0.482812665625 0.40937481875000004 0.482812665625 0.404687409375 0.46093733437499995 0.404687409375 0.45937532968749994 0.40625036249999996 0.457812665625 0.40625036249999996 0.45625 0.407812590625 0.45625 0.40937481875000004
27 0.60625 0.410937771875 0.604687334375 0.4125 0.601562665625 0.4125 0.6 0.414062228125 0.6 0.41562518125 0.5968753296875 0.41874963750000005 0.59375 0.41874963750000005 0.5921873343749999 0.42031259062500004 0.5906253296874999 0.42031259062500004 0.585937334375 0.425 0.582812665625 0.425 0.58125 0.426562228125 0.58125 0.44531259062500006 0.585937334375 0.44531259062500006 0.589062665625 0.44218740937499995 0.5953126656250001 0.44218740937499995 0.601562665625 0.43593777187500005 0.6031253296875 0.43593777187500005 0.604687334375 0.43437481875 0.604687334375 0.43281259062500005 0.607812665625 0.42968740937499994 0.6125 0.42968740937499994 0.614062665625 0.42812518125 0.6156253296875 0.42812518125 0.620312665625 0.42343777187500004 0.6218753296874999 0.42343777187500004 0.6234373343749999 0.42187481875 0.6234373343749999 0.42031259062500004 0.6265626656250001 0.417187409375 0.6281253296875 0.417187409375 0.629687334375 0.41562518125 0.629687334375 0.40625036249999996 0.614062665625 0.40625036249999996 0.6125 0.407812590625 0.610937334375 0.407812590625 0.607812665625 0.410937771875 0.60625 0.410937771875
25 0.26718733437500003 0.54062518125 0.26875 0.54062518125 0.26875 0.5390622281249999 0.270312665625 0.5375 0.270312665625 0.475 0.257812665625 0.475 0.257812665625 0.54062518125 0.2593753296875 0.542187409375 0.2656253296875 0.542187409375 0.26718733437500003 0.54062518125
9 0.732812665625 0.41562518125 0.732812665625 0.364062228125 0.73125 0.3625 0.73125 0.35937481875 0.68125 0.35937481875 0.679687334375 0.360937771875 0.679687334375 0.417187409375 0.73125 0.417187409375 0.732812665625 0.41562518125
25 0.15781266562500001 0.4125 0.15625 0.414062228125 0.15468733437499999 0.414062228125 0.151562665625 0.417187409375 0.15 0.417187409375 0.148437334375 0.41874963750000005 0.145312665625 0.41874963750000005 0.14375 0.42031259062500004 0.14375 0.42187481875 0.1406253296875 0.425 0.139062665625 0.425 0.139062665625 0.44531259062500006 0.1468753296875 0.44531259062500006 0.15 0.44218740937499995 0.15312532968749998 0.44218740937499995 0.15937532968749998 0.43593777187500005 0.164062665625 0.43593777187500005 0.170312665625 0.42968740937499994 0.1718753296875 0.42968740937499994 0.173437334375 0.42812518125 0.173437334375 0.426562228125 0.176562665625 0.42343777187500004 0.1781253296875 0.42343777187500004 0.18593733437499999 0.41562518125 0.18593733437499999 0.414062228125 0.1875 0.4125 0.1875 0.40625036249999996 0.167187334375 0.40625036249999996 0.1656253296875 0.407812590625 0.164062665625 0.407812590625 0.15937532968749998 0.4125 0.15781266562500001 0.4125
26 0.4125 0.23281259062499998 0.4125 0.23437481875000002 0.41406266562500005 0.23593777187499998 0.4156253296875 0.23593777187499998 0.417187334375 0.23437481875000002 0.417187334375 0.176562228125 0.4156253296875 0.175 0.4031253296875 0.175 0.4031253296875 0.225 0.407812665625 0.229687409375 0.40937532968749996 0.229687409375 0.4125 0.23281259062499998
28 0.18593733437499999 0.6812496375 0.1875 0.6812496375 0.18906266562500001 0.682812590625 0.19062532968749998 0.682812590625 0.192187334375 0.6812496375 0.19375 0.6812496375 0.195312665625 0.6796874093749999 0.1968753296875 0.6796874093749999 0.1968753296875 0.6171874093749999 0.18125 0.6171874093749999 0.18125 0.67812518125 0.182812665625 0.6796874093749999 0.18437532968749998 0.6796874093749999 0.18593733437499999 0.6812496375
12 0.435937334375 0.364062228125 0.43281266562500004 0.360937771875 0.385937334375 0.360937771875 0.385937334375 0.417187409375 0.4343753296875 0.417187409375 0.435937334375 0.41562518125 0.435937334375 0.364062228125
26 0.49062532968749994 0.31562518125 0.479687334375 0.31562518125 0.479687334375 0.40312518124999996 0.4875 0.40312518124999996 0.49062532968749994 0.4 0.49062532968749994 0.31562518125
26 0.26875 0.22656222812500001 0.26875 0.22187481875 0.270312665625 0.220312590625 0.26875 0.21875036250000002 0.26875 0.21093777187499999 0.270312665625 0.20937481875000002 0.270312665625 0.179687409375 0.26875 0.17812518125000001 0.26875 0.176562228125 0.26718733437500003 0.175 0.26718733437500003 0.17187481875 0.254687334375 0.17187481875 0.254687334375 0.23281259062499998 0.257812665625 0.229687409375 0.2656253296875 0.229687409375 0.26875 0.22656222812500001
29 0.28125 0.19062518125 0.27812532968750003 0.19374963750000002 0.275 0.19374963750000002 0.273437334375 0.192187409375 0.270312665625 0.192187409375 0.270312665625 0.198437771875 0.26875 0.2 0.26875 0.22656222812500001 0.270312665625 0.225 0.276562665625 0.225 0.27968733437500004 0.22812518124999998 0.28125 0.22812518124999998 0.28281266562499996 0.229687409375 0.3 0.229687409375 0.301562665625 0.22812518124999998 0.3031253296875 0.22812518124999998 0.304687334375 0.22656222812500001 0.304687334375 0.225 0.307812665625 0.22187481875 0.30937532968750003 0.22187481875 0.31406266562499996 0.217187409375 0.3156253296875 0.217187409375 0.317187334375 0.21562518125 0.317187334375 0.21093777187499999 0.3156253296875 0.20937481875000002 0.3156253296875 0.207812590625 0.31093733437500004 0.20312518124999998 0.31093733437500004 0.20156222812500002 0.304687334375 0.195312590625 0.304687334375 0.189062228125 0.3031253296875 0.1875 0.301562665625 0.1875 0.3 0.185937771875 0.29843733437500003 0.185937771875 0.2968753296875 0.18437481875 0.29375 0.18437481875 0.2906253296875 0.1875 0.28281266562499996 0.1875 0.28125 0.189062228125 0.28125 0.19062518125
33 0.545312665625 0.42343777187500004 0.542187334375 0.426562228125 0.542187334375 0.42812518125 0.539062665625 0.4312496375 0.539062665625 0.464062228125 0.5406253296875 0.46562518124999996 0.542187334375 0.46562518124999996 0.54375 0.467187409375 0.5781253296875 0.467187409375 0.579687334375 0.46562518124999996 0.579687334375 0.42812518125 0.576562665625 0.425 0.575 0.425 0.570312665625 0.42031259062500004 0.56875 0.42031259062500004 0.567187334375 0.41874963750000005 0.5640626656250001 0.41874963750000005 0.5625 0.417187409375 0.551562665625 0.417187409375 0.548437334375 0.42031259062500004 0.5468753296875 0.42031259062500004 0.545312665625 0.42187481875 0.545312665625 0.42343777187500004
26 0.417187334375 0.473437771875 0.40625 0.473437771875 0.40625 0.542187409375 0.4156253296875 0.542187409375 0.417187334375 0.54062518125 0.417187334375 0.473437771875
8 0.8046873343750001 0.557812590625 0.8046873343750001 0.5 0.7531253296875 0.5 0.7531253296875 0.5562496375 0.757812665625 0.560937771875 0.8015626656249999 0.560937771875 0.8046873343750001 0.557812590625
5 0.53125 0.701562228125 0.53125 0.704687409375 0.5296873343749999 0.7062496375 0.5296873343749999 0.73437481875 0.53125 0.735937771875 0.53125 0.74062518125 0.5328126656250001 0.7421874093749999 0.5328126656250001 0.7437496375 0.5375 0.748437771875 0.5375 0.75 0.539062665625 0.751562228125 0.539062665625 0.7531251812499999 0.570312665625 0.7531251812499999 0.5718753296875 0.751562228125 0.573437334375 0.751562228125 0.575 0.75 0.576562665625 0.75 0.5781253296875 0.748437771875 0.579687334375 0.748437771875 0.585937334375 0.7421874093749999 0.585937334375 0.739062228125 0.5875 0.7375 0.5875 0.72812518125 0.585937334375 0.7265622281249999 0.585937334375 0.725 0.5843753296875 0.723437771875 0.582812665625 0.723437771875 0.58125 0.72187481875 0.58125 0.7203125906250001 0.579687334375 0.7203125906250001 0.5781253296875 0.7187503625 0.576562665625 0.7187503625 0.567187334375 0.70937481875 0.567187334375 0.707812590625 0.5593753296874999 0.7 0.557812665625 0.7 0.554687334375 0.69687481875 0.554687334375 0.6953125906250001 0.5375 0.6953125906250001 0.5375 0.69687481875 0.5343753296875 0.7 0.5328126656250001 0.7 0.53125 0.701562228125
27 0.5656253296875 0.229687409375 0.5656253296875 0.173437771875 0.554687334375 0.173437771875 0.554687334375 0.22812518124999998 0.55625 0.22812518124999998 0.557812665625 0.229687409375 0.5656253296875 0.229687409375
27 0.710937334375 0.22812518124999998 0.710937334375 0.17812518125000001 0.70625 0.173437771875 0.7 0.173437771875 0.7 0.22812518124999998 0.701562665625 0.229687409375 0.7093753296875 0.229687409375 0.710937334375 0.22812518124999998
14 0.2110587078125 0.560937771875 0.212621371875 0.5593748187500001 0.2141840375 0.5593748187500001 0.2157467015625 0.557812590625 0.2157467015625 0.5562496375 0.2173087078125 0.5546874093749999 0.2173087078125 0.501562228125 0.2157467015625 0.5 0.1641840375 0.5 0.1641840375 0.5546874093749999 0.1844967015625 0.5546874093749999 0.1907467015625 0.560937771875 0.2110587078125 0.560937771875
13 0.3125 0.8328125906249999 0.3125 0.8406251812500001 0.36093733437500003 0.8406251812500001 0.36093733437500003 0.839062228125 0.3625 0.8375 0.364062665625 0.8375 0.364062665625 0.7812503625 0.3593753296875 0.7812503625 0.35781266562499997 0.7796874093749999 0.31406266562499996 0.7796874093749999 0.3125 0.7812503625 0.31093733437500004 0.7812503625 0.31093733437500004 0.8312496375 0.3125 0.8328125906249999
16 0.3125 0.560937771875 0.32968733437500003 0.560937771875 0.33125 0.5593748187500001 0.34062532968750003 0.5593748187500001 0.34218733437500004 0.560937771875 0.3593753296875 0.560937771875 0.36093733437500003 0.5593748187500001 0.36093733437500003 0.557812590625 0.364062665625 0.5546874093749999 0.364062665625 0.504687409375 0.3593753296875 0.5 0.35 0.5 0.348437334375 0.49843777187500005 0.31406266562499996 0.49843777187500005 0.3125 0.5 0.31093733437500004 0.5 0.31093733437500004 0.5593748187500001 0.3125 0.560937771875
11 0.5481530343750001 0.693921853125 0.5633245375 0.7011577421874999 0.5784960421875 0.7011577421874999 0.585751978125 0.6982633859375 0.5883905015625001 0.6758321281249999 0.585751978125 0.64182344375 0.5778364109374999 0.6389290875 0.5573878624999999 0.6382055 0.538258575 0.6396526765625 0.5323219 0.6439942109375 0.53166226875 0.693921853125 0.5343007921875 0.6982633859375 0.5375989453125001 0.6997105640625 0.5481530343750001 0.693921853125
10 0.2770448546875 0.7011577421874999 0.290897096875 0.6982633859375 0.2928759890625 0.6570188140625 0.292216359375 0.6454413890625 0.28957783593749997 0.6410998546875 0.24340369375 0.6396526765625 0.2368073875 0.6439942109375 0.2368073875 0.6924746749999999 0.2414248015625 0.6997105640625 0.2513192609375 0.694645440625 0.2770448546875 0.7011577421874999
11 0.271767809375 0.4218523875 0.2862796828125 0.42112879843749995 0.291556728125 0.41823444218750006 0.2935356203125 0.37120115781249996 0.290897096875 0.3610709125 0.28364116093749997 0.35817655625 0.244063325 0.35817655625 0.23614775781250003 0.3654124453125 0.2368073875 0.4146164984375 0.24010554062499997 0.41968162031249995 0.253298153125 0.4131693203125 0.271767809375 0.4218523875
16 0.657651715625 0.2793053546875 0.6609498687500001 0.2764109984375 0.6609498687500001 0.2250361796875 0.6583113453125 0.2206946453125 0.612137203125 0.21997105625 0.605540896875 0.224312590625 0.6048812671875 0.271345875 0.60817941875 0.2793053546875 0.63456464375 0.28147612187500004 0.657651715625 0.2793053546875
13 0.5672823218749999 0.420405209375 0.5778364109374999 0.4218523875 0.585751978125 0.41895803125000003 0.5877308703125 0.3668596234375 0.5844327171875 0.3603473234375 0.540897096875 0.3589001453125 0.5323219 0.36468885625 0.5329815296875 0.41823444218750006 0.54419525 0.4225759765625 0.5567282328125 0.413892909375 0.5672823218749999 0.420405209375
7 0.5118733515625 0.2778581765625 0.5138522421875 0.2626628078125 0.5138522421875 0.2264833578125 0.5118733515625 0.22141823437500002 0.5079155671875 0.2192474671875 0.4630606859375 0.2192474671875 0.45778364062500004 0.224312590625 0.45778364062500004 0.2735166421875 0.46108179375 0.278581765625 0.49934036875 0.28147612187500004 0.5118733515625 0.2778581765625
14 0.6602902375 0.55716353125 0.6616094984374999 0.50868306875 0.657651715625 0.5007235890625 0.6108179421875 0.5 0.606200528125 0.5021707671875 0.6048812671875 0.507235890625 0.606200528125 0.5593342984375 0.611477571875 0.561505065625 0.6543535625 0.561505065625 0.6602902375 0.55716353125
18 0.132812665625 0.6281251812499999 0.13125 0.626562228125 0.13125 0.60312518125 0.132812665625 0.6015622281249999 0.132812665625 0.57812518125 0.0843753296875 0.57812518125 0.0843753296875 0.65312518125 0.13125 0.65312518125 0.132812665625 0.651562228125 0.132812665625 0.6281251812499999
20 0.285937334375 0.015625181250000002 0.22812532968750002 0.015625181250000002 0.22812532968750002 0.09375036249999999 0.2843753296875 0.09375036249999999 0.285937334375 0.092187409375 0.285937334375 0.015625181250000002
18 0.74375 0.157812590625 0.74375 0.23593777187499998 0.8031253296875001 0.23593777187499998 0.8031253296875001 0.157812590625 0.74375 0.157812590625
18 0.285937334375 0.860937771875 0.22968733437500002 0.860937771875 0.22968733437500002 0.939062228125 0.2843753296875 0.939062228125 0.285937334375 0.9375 0.285937334375 0.860937771875
18 0.139062665625 0.3 0.079687334375 0.3 0.079687334375 0.37812518125 0.1375 0.37812518125 0.139062665625 0.376562228125 0.139062665625 0.3
23 0.579687334375 0.05937481875 0.58125 0.05781259062500001 0.58125 0.015625181250000002 0.525 0.015625181250000002 0.525 0.092187409375 0.5781253296875 0.092187409375 0.579687334375 0.09062518124999999 0.579687334375 0.05937481875
22 0.95 0.517187409375 0.95 0.43281259062500005 0.89375 0.43281259062500005 0.89375 0.5187496375 0.9468753296875001 0.5187496375 0.9484373343750001 0.517187409375 0.95 0.517187409375
19 0.579687334375 0.8593748187499999 0.525 0.8593748187499999 0.525 0.935937771875 0.5781253296875 0.935937771875 0.579687334375 0.93437481875 0.579687334375 0.8593748187499999
21 0.798437334375 0.79062518125 0.8 0.7890622281249999 0.8 0.7796874093749999 0.798437334375 0.77812518125 0.798437334375 0.7203125906250001 0.8 0.7187503625 0.8 0.7171874093749999 0.7484373343749999 0.7171874093749999 0.7484373343749999 0.7937503625 0.7968753296875 0.7937503625 0.798437334375 0.792187409375 0.798437334375 0.79062518125