5 0.45625 0.3656248125 0.4531253265625 0.3687503765625 0.45156266250000004 0.3687503765625 0.45 0.37031278125 0.45 0.40312481250000004 0.45156266250000004 0.40468721875 0.45156266250000004 0.4062503765625 0.4531253265625 0.4062503765625 0.45468733749999996 0.40781278125 0.45468733749999996 0.40937518749999996 0.45625 0.41093759375000005 0.45625 0.41562481250000005 0.4578126625 0.41718721875 0.49062532656249996 0.41718721875 0.4921873375 0.4187503765625 0.49843733749999997 0.4187503765625 0.5015626625 0.41562481250000005 0.5031246734375 0.41562481250000005 0.5031246734375 0.41406240624999996 0.50625 0.41093759375000005 0.5078126625 0.41093759375000005 0.5093746734375 0.40937518749999996 0.5093746734375 0.40781278125 0.5109373374999999 0.4062503765625 0.5109373374999999 0.3906248125 0.5078126625 0.3875 0.5015626625 0.3875 0.5 0.38593759375 0.49843733749999997 0.38593759375 0.49531266250000006 0.38281278125 0.49375 0.38281278125 0.4921873375 0.3812503765625 0.49062532656249996 0.3812503765625 0.48593733749999996 0.37656240625000004 0.48593733749999996 0.37031278125 0.4843753265625 0.3687503765625 0.48281266250000004 0.3687503765625 0.4796873375 0.3656248125 0.4796873375 0.36406240625 0.47812467343750004 0.3625 0.4765626625 0.3625 0.475 0.36093759375 0.4609373375 0.36093759375 0.45937532656249996 0.3625 0.4578126625 0.3625 0.45625 0.36406240625 0.45625 0.3656248125
33 0.2546873375 0.75468721875 0.25625 0.7562503765625 0.26875 0.7562503765625 0.27031266249999997 0.75468721875 0.27812467343749997 0.75468721875 0.2796873375 0.7531248125000001 0.2796873375 0.7093751875 0.2765626625 0.7062503765625 0.2734373375 0.7062503765625 0.2718746734375 0.70468721875 0.27031266249999997 0.70468721875 0.26875 0.7031248125 0.25 0.7031248125 0.24218733750000002 0.71093759375 0.24218733750000002 0.7515624062499999 0.2453126625 0.75468721875 0.2546873375 0.75468721875
32 0.2406246734375 0.2625 0.2453126625 0.26718721875 0.25 0.26718721875 0.2515626625 0.2687503765625 0.2671873375 0.2687503765625 0.26875 0.26718721875 0.2718746734375 0.26718721875 0.2734373375 0.2656248125 0.2734373375 0.26406240625 0.2765626625 0.26093759375 0.27812467343749997 0.26093759375 0.2796873375 0.2593751875 0.2796873375 0.2562503765625 0.28125 0.25468721875 0.28125 0.24843759375 0.2796873375 0.2468751875 0.2796873375 0.23125037656249997 0.27812467343749997 0.22968721875 0.27812467343749997 0.2281248125 0.2734373375 0.22343759375 0.2734373375 0.22187518750000002 0.27031266249999997 0.2187503765625 0.2453126625 0.2187503765625 0.24375 0.22031278125 0.24375 0.22187518750000002 0.2406246734375 0.225 0.2406246734375 0.2625
34 0.5375 0.5156248125 0.5328126625 0.52031278125 0.5328126625 0.55468721875 0.5343746734375 0.55468721875 0.5375 0.55781278125 0.5375 0.5593751874999999 0.5390626625 0.5609375937500001 0.5656246734375 0.5609375937500001 0.5734373374999999 0.5531248125 0.5734373374999999 0.52031278125 0.5718746734375 0.5187503765625 0.5703126625 0.5187503765625 0.5671873374999999 0.5156248125 0.5671873374999999 0.51406240625 0.5656246734375 0.5125 0.5640626625 0.5125 0.5609373375 0.5093751875 0.54375 0.5093751875 0.5406246734375 0.5125 0.5390626625 0.5125 0.5375 0.51406240625 0.5375 0.5156248125
34 0.53125 0.12656240624999998 0.53125 0.16718721875 0.5343746734375 0.16718721875 0.5375 0.17031278125 0.5375 0.1718751875 0.5390626625 0.17343759375 0.5640626625 0.17343759375 0.5734373374999999 0.16406240625 0.5734373374999999 0.12656240624999998 0.5718746734375 0.125 0.5703126625 0.125 0.5625 0.11718721875 0.5375 0.11718721875 0.5375 0.1218751875 0.5343746734375 0.125 0.5328126625 0.125 0.53125 0.12656240624999998
33 0.3140626625 0.8562503765624999 0.3140626625 0.89843759375 0.3171873375 0.89843759375 0.3218746734375 0.9031248125 0.3484373375 0.9031248125 0.3484373375 0.9015624062500001 0.3531246734375 0.8968751875000001 0.3531246734375 0.8562503765624999 0.3468746734375 0.85 0.3203126625 0.85 0.3171873375 0.8531248124999999 0.3171873375 0.85468721875 0.3156246734375 0.8562503765624999 0.3140626625 0.8562503765624999
35 0.31875 0.71093759375 0.3171873375 0.7125 0.3156246734375 0.7125 0.30937467343749997 0.7187503765625001 0.3078126625 0.7187503765625001 0.30156266249999997 0.725 0.2953126625 0.725 0.2890626625 0.7312503765625 0.2890626625 0.73281278125 0.2875 0.7343751875 0.2875 0.7406248125 0.2828126625 0.74531278125 0.2828126625 0.7468751874999999 0.28125 0.7484375937500001 0.28125 0.7515624062499999 0.27031266249999997 0.7625 0.27031266249999997 0.83593759375 0.2718746734375 0.83593759375 0.27812467343749997 0.84218721875 0.2796873375 0.84218721875 0.28437532656250003 0.8468751875 0.2859373375 0.8468751875 0.2875 0.8484375937499999 0.2906246734375 0.8484375937499999 0.29218733750000003 0.85 0.29375 0.85 0.2953126625 0.85156240625 0.29687532656250004 0.85156240625 0.2984373375 0.8531248124999999 0.3 0.8531248124999999 0.30156266249999997 0.85468721875 0.3046873375 0.85468721875 0.3078126625 0.85781278125 0.30937467343749997 0.85781278125 0.30937467343749997 0.8562503765624999 0.3125 0.8531248124999999 0.3140626625 0.8531248124999999 0.31875 0.8484375937499999 0.35 0.8484375937499999 0.3515626625 0.85 0.3625 0.85 0.36406266249999997 0.8484375937499999 0.37187467343749997 0.8484375937499999 0.3734373375 0.8468751875 0.3765626625 0.8468751875 0.3796873375 0.8437503765625 0.38125 0.8437503765625 0.3828126625 0.84218721875 0.3843746734375 0.84218721875 0.3890626625 0.8375 0.39062532656250004 0.8375 0.3921873375 0.83593759375 0.39531266249999997 0.83593759375 0.39531266249999997 0.7625 0.3921873375 0.7593751875 0.3921873375 0.75781278125 0.39062532656250004 0.7562503765625 0.3890626625 0.7562503765625 0.38593733750000003 0.7531248125000001 0.38593733750000003 0.7515624062499999 0.3843746734375 0.75 0.3843746734375 0.7484375937500001 0.3828126625 0.7484375937500001 0.38125 0.7468751874999999 0.38125 0.74531278125 0.3796873375 0.7437503765625 0.3796873375 0.73906240625 0.3781246734375 0.7375 0.3781246734375 0.7343751875 0.3765626625 0.73281278125 0.375 0.73281278125 0.3734373375 0.7312503765625 0.37187467343749997 0.7312503765625 0.3656253265625 0.725 0.3625 0.725 0.3609373375 0.72343759375 0.35937532656250004 0.72343759375 0.35468733750000003 0.7187503765625001 0.3531246734375 0.7187503765625001 0.3468746734375 0.7125 0.34375 0.7125 0.3421873375 0.71093759375 0.34062467343749997 0.71093759375 0.3390626625 0.7093751875 0.3375 0.7093751875 0.3359373375 0.70781278125 0.325 0.70781278125 0.32343733750000003 0.7093751875 0.3218746734375 0.7093751875 0.3203126625 0.71093759375 0.31875 0.71093759375
17 0.4656246734375 0.125 0.46406266250000006 0.12656240624999998 0.4625 0.12656240624999998 0.45937532656249996 0.12968721875 0.4578126625 0.12968721875 0.45625 0.1312503765625 0.45468733749999996 0.1312503765625 0.4531253265625 0.13281278125 0.45156266250000004 0.13281278125 0.44687467343750004 0.1375 0.44375 0.1375 0.43906266250000003 0.14218721875 0.4375 0.14218721875 0.43593733749999997 0.1437503765625 0.4343746734375 0.1437503765625 0.42812532656249996 0.15 0.4265626625 0.15 0.4218753265625 0.15468721875 0.42031266250000004 0.15468721875 0.41562467343750004 0.1593751875 0.41562467343750004 0.22031278125 0.41875 0.22343759375 0.41875 0.225 0.42343733749999996 0.22968721875 0.42343733749999996 0.23125037656249997 0.425 0.23281278125 0.425 0.24062481249999998 0.4265626625 0.24218721875 0.4265626625 0.24375037656249998 0.42812532656249996 0.24531278125 0.42812532656249996 0.2468751875 0.4296873375 0.24843759375 0.4296873375 0.25 0.43125 0.25156240625000004 0.43125 0.25468721875 0.43281266250000006 0.2562503765625 0.43281266250000006 0.25781278125 0.4343746734375 0.2593751875 0.43593733749999997 0.2593751875 0.4375 0.26093759375 0.4406246734375 0.26093759375 0.44375 0.26406240625 0.44375 0.2656248125 0.4453126625 0.26718721875 0.4484373375 0.26718721875 0.45 0.2687503765625 0.45156266250000004 0.2687503765625 0.45468733749999996 0.2718751875 0.45625 0.2718751875 0.4578126625 0.27343759375 0.45937532656249996 0.27343759375 0.4609373375 0.275 0.4625 0.275 0.4656246734375 0.2781248125 0.47031266250000003 0.2781248125 0.4718746734375 0.27968721875 0.47343733749999994 0.27968721875 0.475 0.28125037656249996 0.47812467343750004 0.28125037656249996 0.4796873375 0.28281278125 0.48281266250000004 0.28281278125 0.4843753265625 0.28125037656249996 0.48593733749999996 0.28125037656249996 0.4890626625 0.2781248125 0.49062532656249996 0.2781248125 0.49375 0.275 0.49531266250000006 0.275 0.4968746734375 0.27343759375 0.5031246734375 0.27343759375 0.5078126625 0.2687503765625 0.5093746734375 0.2687503765625 0.5109373374999999 0.26718721875 0.5156253265624999 0.26718721875 0.5218753265625 0.26093759375 0.525 0.26093759375 0.5265626625000001 0.2593751875 0.5281246734375 0.2593751875 0.5406246734375 0.2468751875 0.5406246734375 0.24531278125 0.5421873374999999 0.24375037656249998 0.5421873374999999 0.18281278125 0.5359373374999999 0.17656240625 0.5359373374999999 0.17343759375 0.53125 0.1687503765625 0.53125 0.16718721875 0.5296873375 0.1656248125 0.5296873375 0.1625 0.5281246734375 0.16093759375 0.5281246734375 0.1593751875 0.5265626625000001 0.15781278125 0.5265626625000001 0.15625037656250002 0.525 0.15468721875 0.525 0.1531248125 0.5234373375 0.15156240625 0.5234373375 0.14531278125 0.5156253265624999 0.1375 0.5140626625 0.1375 0.5078126625 0.1312503765625 0.50625 0.1312503765625 0.5046873374999999 0.12968721875 0.5031246734375 0.12968721875 0.5 0.12656240624999998 0.49843733749999997 0.12656240624999998 0.4968746734375 0.125 0.49531266250000006 0.125 0.49375 0.12343759375 0.4921873375 0.12343759375 0.4890626625 0.12031278125 0.47343733749999994 0.12031278125 0.47031266250000003 0.12343759375 0.46875 0.12343759375 0.46718733749999997 0.125 0.4656246734375 0.125
37 0.47031266250000003 0.7125 0.46406266250000006 0.7187503765625001 0.4609373375 0.7187503765625001 0.45937532656249996 0.72031278125 0.45468733749999996 0.72031278125 0.4531253265625 0.7218751875 0.45156266250000004 0.7218751875 0.45 0.72343759375 0.44687467343750004 0.72343759375 0.4453126625 0.725 0.44375 0.725 0.43906266250000003 0.72968721875 0.43906266250000003 0.7312503765625 0.4375 0.73281278125 0.4375 0.7343751875 0.43593733749999997 0.73593759375 0.43593733749999997 0.7375 0.4343746734375 0.73906240625 0.4343746734375 0.7406248125 0.43125 0.7437503765625 0.43125 0.7468751874999999 0.42812532656249996 0.75 0.4265626625 0.75 0.425 0.7515624062499999 0.425 0.7531248125000001 0.42343733749999996 0.75468721875 0.42343733749999996 0.7562503765625 0.4218753265625 0.75781278125 0.42031266250000004 0.75781278125 0.42031266250000004 0.7593751875 0.41875 0.76093759375 0.41875 0.8375 0.4218753265625 0.8406248125 0.42343733749999996 0.8406248125 0.425 0.84218721875 0.42812532656249996 0.84218721875 0.43125 0.84531278125 0.43125 0.8468751875 0.43281266250000006 0.8468751875 0.4343746734375 0.8484375937499999 0.43593733749999997 0.8484375937499999 0.4406246734375 0.8531248124999999 0.44218733749999994 0.8531248124999999 0.44375 0.85468721875 0.4453126625 0.85468721875 0.44687467343750004 0.8562503765624999 0.4484373375 0.8562503765624999 0.45 0.85781278125 0.45 0.8593751875000001 0.45156266250000004 0.8593751875000001 0.4531253265625 0.8609375937499999 0.45468733749999996 0.8609375937499999 0.4609373375 0.86718721875 0.4625 0.86718721875 0.46718733749999997 0.8718751875 0.46875 0.8718751875 0.47031266250000003 0.87343759375 0.4890626625 0.87343759375 0.49531266250000006 0.86718721875 0.4968746734375 0.86718721875 0.5031246734375 0.8609375937499999 0.5046873374999999 0.8609375937499999 0.5078126625 0.85781278125 0.5093746734375 0.85781278125 0.5125 0.85468721875 0.5156253265624999 0.85468721875 0.5203126625000001 0.85 0.5218753265625 0.85 0.5234373375 0.8484375937499999 0.5265626625000001 0.8484375937499999 0.5328126625 0.84218721875 0.5343746734375 0.84218721875 0.54375 0.83281278125 0.54375 0.8312503765624999 0.5468753265624999 0.8281248124999999 0.5468753265624999 0.76406240625 0.5453126625 0.76406240625 0.5406246734375 0.7593751875 0.5406246734375 0.75781278125 0.5390626625 0.75781278125 0.5375 0.7562503765625 0.5359373374999999 0.7562503765625 0.5343746734375 0.75468721875 0.5328126625 0.75468721875 0.53125 0.7531248125000001 0.53125 0.7515624062499999 0.5281246734375 0.7484375937500001 0.5281246734375 0.7468751874999999 0.5234373375 0.74218721875 0.5234373375 0.7406248125 0.5218753265625 0.73906240625 0.5218753265625 0.7375 0.5140626625 0.72968721875 0.5125 0.72968721875 0.5078126625 0.725 0.50625 0.725 0.5046873374999999 0.72343759375 0.5031246734375 0.72343759375 0.5 0.72031278125 0.49843733749999997 0.72031278125 0.49531266250000006 0.71718721875 0.49375 0.71718721875 0.4890626625 0.7125 0.4875 0.7125 0.4843753265625 0.7093751875 0.4796873375 0.7093751875 0.47812467343750004 0.70781278125 0.4765626625 0.7093751875 0.475 0.7093751875 0.4718746734375 0.7125 0.47031266250000003 0.7125
33 0.5328126625 0.7093751875 0.5328126625 0.7484375937500001 0.5343746734375 0.7484375937500001 0.5375 0.7515624062499999 0.5375 0.7531248125000001 0.5390626625 0.75468721875 0.5515626625000001 0.75468721875 0.5531253265625 0.7562503765625 0.5593746734375 0.7562503765625 0.5609373375 0.75468721875 0.5656246734375 0.75468721875 0.5734373374999999 0.7468751874999999 0.5734373374999999 0.7125 0.5671873374999999 0.7062503765625 0.5640626625 0.7062503765625 0.5609373375 0.7031248125 0.5609373375 0.70156240625 0.5375 0.70156240625 0.5375 0.7031248125 0.5359373374999999 0.70468721875 0.5359373374999999 0.7062503765625 0.5328126625 0.7093751875
0 0.2406246734375 0.2781248125 0.2375 0.28125037656249996 0.2359373375 0.28125037656249996 0.2343753265625 0.28281278125 0.23125 0.28281278125 0.2296873375 0.2843751875 0.22656266249999998 0.2843751875 0.225 0.28593759375 0.2234373375 0.28593759375 0.22187532656250003 0.2875 0.21718733750000002 0.2875 0.21562467343749997 0.28906240625 0.2140626625 0.28906240625 0.2140626625 0.2906248125 0.2125 0.29218721875 0.21093733750000002 0.29218721875 0.2093746734375 0.29375037656249997 0.2078126625 0.29375037656249997 0.20625 0.29531278125 0.20625 0.2968751875 0.2031253265625 0.3 0.2015626625 0.3 0.2 0.30156240625 0.2 0.3031248125 0.1968746734375 0.3062503765625 0.1968746734375 0.3968751875 0.2 0.4 0.2 0.40156240624999995 0.2031253265625 0.40468721875 0.2046873375 0.40468721875 0.2093746734375 0.40937518749999996 0.21093733750000002 0.40937518749999996 0.2125 0.41093759375000005 0.21562467343749997 0.41093759375000005 0.22031266249999998 0.41562481250000005 0.22187532656250003 0.41562481250000005 0.2234373375 0.41718721875 0.22656266249999998 0.41718721875 0.2328126625 0.42343759375 0.2359373375 0.42343759375 0.2390626625 0.42656240624999997 0.2406246734375 0.42656240624999997 0.24375 0.42968721875 0.2453126625 0.42968721875 0.24687467343749997 0.43125037656250004 0.24843733750000002 0.43125037656250004 0.2515626625 0.4343751875 0.2546873375 0.4343751875 0.25625 0.43593759375 0.26562532656250004 0.43593759375 0.2671873375 0.4343751875 0.26875 0.4343751875 0.2718746734375 0.43125037656250004 0.2734373375 0.43125037656250004 0.275 0.42968721875 0.27812467343749997 0.42968721875 0.28437532656250003 0.42343759375 0.2859373375 0.42343759375 0.29218733750000003 0.41718721875 0.29375 0.41718721875 0.29687532656250004 0.41406240624999996 0.29687532656250004 0.4125 0.2984373375 0.41093759375000005 0.2984373375 0.40156240624999995 0.3 0.4 0.3 0.39218721875 0.30156266249999997 0.3906248125 0.30156266249999997 0.38906240625 0.3031246734375 0.3875 0.3031246734375 0.3843751875 0.3046873375 0.38281278125 0.3046873375 0.37031278125 0.3078126625 0.36718721875 0.30937467343749997 0.36718721875 0.30937467343749997 0.3656248125 0.3171873375 0.35781278125 0.3171873375 0.35468721875 0.31875 0.3531248125 0.31875 0.35156240625 0.3218746734375 0.34843759375 0.3218746734375 0.31406240625000004 0.31875 0.31093759374999996 0.31875 0.30937518750000004 0.3171873375 0.30781278125 0.3171873375 0.30468721875 0.3156246734375 0.3031248125 0.3156246734375 0.30156240625 0.3125 0.30156240625 0.3109373375 0.3 0.3078126625 0.3 0.3031246734375 0.29531278125 0.30156266249999997 0.29531278125 0.3 0.29375037656249997 0.2984373375 0.29375037656249997 0.29687532656250004 0.29218721875 0.2953126625 0.29218721875 0.29218733750000003 0.28906240625 0.2906246734375 0.28906240625 0.2890626625 0.2875 0.2875 0.2875 0.2828126625 0.28281278125 0.2796873375 0.28281278125 0.27812467343749997 0.28125037656249996 0.2765626625 0.28125037656249996 0.2734373375 0.2781248125 0.2734373375 0.27656240625 0.2718746734375 0.275 0.2515626625 0.275 0.25 0.27656240625 0.24843733750000002 0.27656240625 0.24687467343749997 0.2781248125 0.2406246734375 0.2781248125
35 0.42821605781249994 0.44375037656250005 0.42665339375 0.44531278125 0.42509073124999996 0.44531278125 0.41884073125 0.45156240625 0.41884073125 0.45312481250000003 0.4157160578125 0.4562503765625 0.4157160578125 0.5062503765625 0.41727806718749993 0.50781278125 0.41727806718749993 0.5093751875 0.41884073125 0.51093759375 0.41884073125 0.51406240625 0.42040339375 0.5156248125 0.42040339375 0.51718721875 0.42196605781249996 0.51718721875 0.42352806718749997 0.5187503765625 0.42352806718749997 0.52031278125 0.42509073124999996 0.5218751875 0.42509073124999996 0.5312503765625001 0.42665339375 0.53281278125 0.42665339375 0.5375 0.42821605781249994 0.53906240625 0.42821605781249994 0.5406248125 0.42977806718749995 0.54218721875 0.42977806718749995 0.5437503765625 0.43134073125 0.54531278125 0.43134073125 0.5531248125 0.43290339375000003 0.55468721875 0.4344660578125 0.55468721875 0.44071605781249995 0.5609375937500001 0.44227806718749996 0.5609375937500001 0.44384073125 0.5625 0.44540339375000004 0.5625 0.45009073125 0.56718721875 0.45165339375 0.56718721875 0.45321605781249996 0.5687503765625 0.45477806718749997 0.5687503765625 0.45790339375 0.5718751875 0.45946605781249994 0.5718751875 0.46102806718749995 0.57343759375 0.46259073125 0.57343759375 0.46415339375000003 0.575 0.4672780671875 0.575 0.47040339375 0.5781248125 0.47665339375000004 0.5781248125 0.4782160578125 0.57968721875 0.48290339375 0.57968721875 0.48446605781249996 0.5781248125 0.48759073124999996 0.5781248125 0.49071605781249994 0.575 0.49227806718749995 0.575 0.49384073125 0.57343759375 0.4969660578125 0.57343759375 0.4985280671875 0.5718751875 0.50009073125 0.5718751875 0.5032160578125 0.5687503765625 0.5047780671875 0.5687503765625 0.50634073125 0.56718721875 0.5094660578125 0.56718721875 0.5157160578125 0.5609375937500001 0.51884073125 0.5609375937500001 0.52040339375 0.5593751874999999 0.5219660578124999 0.5593751874999999 0.5219660578124999 0.55781278125 0.5282160578124999 0.55156240625 0.5282160578124999 0.54843759375 0.5297780671875 0.5468751875 0.5297780671875 0.52656240625 0.5344660578125 0.5218751875 0.5344660578125 0.52031278125 0.5360280671875 0.5187503765625 0.5360280671875 0.51406240625 0.53915339375 0.51093759375 0.5407160578125 0.51093759375 0.5422780671874999 0.5093751875 0.5422780671874999 0.45937518749999995 0.5407160578125 0.45781278125 0.5407160578125 0.4562503765625 0.53915339375 0.4562503765625 0.53759073125 0.45468721875 0.53759073125 0.45312481250000003 0.5360280671875 0.45156240625 0.5360280671875 0.45 0.5344660578125 0.44843759375000003 0.5329033937500001 0.44843759375000003 0.53134073125 0.4468751875 0.53134073125 0.44531278125 0.5297780671875 0.44531278125 0.5282160578124999 0.44375037656250005 0.52665339375 0.44375037656250005 0.5235280671875 0.4406248125 0.5235280671875 0.43906240625 0.5219660578124999 0.4375 0.51415339375 0.4375 0.5110280671874999 0.4343751875 0.5110280671874999 0.43281278125 0.5094660578125 0.43281278125 0.50790339375 0.43125037656250004 0.5047780671875 0.43125037656250004 0.5032160578125 0.43281278125 0.5016533937500001 0.43281278125 0.50009073125 0.43125037656250004 0.49323890312499996 0.42185864687499997 0.47084073125000003 0.422481203125 0.43134073125 0.44218721875 0.42977806718749995 0.44375037656250005 0.42821605781249994 0.44375037656250005
35 0.6046873374999999 0.12343759375 0.6031246734375 0.125 0.6015626625 0.125 0.6 0.12656240624999998 0.5984373374999999 0.12656240624999998 0.59375 0.1312503765625 0.5921873375 0.1312503765625 0.5859373375 0.1375 0.5843753265625 0.1375 0.58125 0.1406248125 0.58125 0.14218721875 0.5796873375 0.1437503765625 0.5796873375 0.14531278125 0.5781253265624999 0.1468751875 0.5781253265624999 0.15 0.5765626625 0.15156240625 0.5765626625 0.1531248125 0.5781253265624999 0.15468721875 0.5781253265624999 0.15625037656250002 0.5796873375 0.15781278125 0.5796873375 0.16093759375 0.58125 0.1625 0.58125 0.16406240625 0.5843753265625 0.16718721875 0.5859373375 0.16718721875 0.5890626625000001 0.17031278125 0.5890626625000001 0.1718751875 0.5921873375 0.175 0.5921873375 0.17656240625 0.59375 0.1781248125 0.59375 0.18281278125 0.5953126625 0.18437518749999998 0.5953126625 0.18593759375000002 0.5984373374999999 0.18906240624999998 0.5984373374999999 0.19062481250000002 0.6 0.19218721875 0.6 0.20468721875 0.5984373374999999 0.20625037656249998 0.5984373374999999 0.20781278125 0.5953126625 0.21093759374999999 0.59375 0.21093759374999999 0.5875 0.21718721875 0.5859373375 0.21718721875 0.5843753265625 0.2187503765625 0.575 0.2187503765625 0.5734373374999999 0.21718721875 0.5656246734375 0.21718721875 0.5640626625 0.2187503765625 0.5640626625 0.25312481249999996 0.5656246734375 0.25468721875 0.5671873374999999 0.25468721875 0.5718746734375 0.2593751875 0.5734373374999999 0.2593751875 0.575 0.26093759375 0.5765626625 0.26093759375 0.5781253265624999 0.2625 0.5796873375 0.2625 0.58125 0.26406240625 0.58125 0.2656248125 0.5828126625000001 0.2656248125 0.5843753265625 0.26718721875 0.5906246734375 0.26718721875 0.5921873375 0.2687503765625 0.6031246734375 0.2687503765625 0.6046873374999999 0.26718721875 0.6093753265624999 0.26718721875 0.6140626625000001 0.2625 0.6156246734375 0.2625 0.6171873375 0.26093759375 0.6281246734375 0.26093759375 0.63125 0.26406240625 0.63125 0.2656248125 0.6328126625 0.26718721875 0.6359373374999999 0.26718721875 0.6375 0.2687503765625 0.6390626625 0.2687503765625 0.64375 0.27343759375 0.6546873375 0.27343759375 0.6578126625 0.27031278125 0.6593746734375 0.27031278125 0.6625 0.26718721875 0.6656246734375 0.26718721875 0.6718753265624999 0.26093759375 0.6781246734375 0.26093759375 0.6796873375 0.2593751875 0.6796873375 0.25781278125 0.6828126625000001 0.25468721875 0.6843753265625 0.25468721875 0.6859373375 0.25312481249999996 0.6859373375 0.25156240625000004 0.6875 0.25 0.6875 0.17968721875 0.6859373375 0.1781248125 0.6859373375 0.175 0.6843753265625 0.17343759375 0.6843753265625 0.1718751875 0.675 0.1625 0.675 0.16093759375 0.6734373375 0.1593751875 0.6734373375 0.15 0.6718753265624999 0.14843759375 0.6718753265624999 0.1468751875 0.6671873374999999 0.14218721875 0.6671873374999999 0.1406248125 0.6640626625 0.1375 0.6625 0.1375 0.6578126625 0.13281278125 0.65625 0.13281278125 0.6546873375 0.1312503765625 0.6515626625000001 0.1312503765625 0.6468746734375 0.12656240624999998 0.6453126625000001 0.12656240624999998 0.64375 0.125 0.6421873375 0.125 0.6406253265624999 0.12343759375 0.6390626625 0.12343759375 0.6343746734375 0.11875037656250001 0.6125 0.11875037656250001 0.6093753265624999 0.1218751875 0.6078126625 0.1218751875 0.60625 0.12343759375 0.6046873374999999 0.12343759375
17 0.51875 0.575 0.5125 0.5812503765625 0.5109373374999999 0.5812503765625 0.5093746734375 0.58281278125 0.5078126625 0.58281278125 0.5015626625 0.58906240625 0.5 0.58906240625 0.49375 0.59531278125 0.49375 0.5968751875 0.4890626625 0.60156240625 0.4890626625 0.60468721875 0.4875 0.6062503765625 0.4875 0.6843751874999999 0.49531266250000006 0.69218721875 0.4968746734375 0.69218721875 0.5015626625 0.6968751875 0.5031246734375 0.6968751875 0.5046873374999999 0.69843759375 0.5078126625 0.69843759375 0.5093746734375 0.7 0.5109373374999999 0.7 0.5140626625 0.7031248125 0.5156253265624999 0.7031248125 0.5171873375 0.70468721875 0.5234373375 0.70468721875 0.525 0.7062503765625 0.5296873375 0.7062503765625 0.53125 0.70468721875 0.5343746734375 0.70468721875 0.5359373374999999 0.7031248125 0.5375 0.7031248125 0.5406246734375 0.7 0.5421873374999999 0.7 0.54375 0.69843759375 0.5546873375 0.69843759375 0.55625 0.7 0.5593746734375 0.7 0.5609373375 0.70156240625 0.5625 0.70156240625 0.5640626625 0.7031248125 0.5671873374999999 0.7031248125 0.56875 0.70468721875 0.5796873375 0.70468721875 0.58125 0.7031248125 0.5828126625000001 0.7031248125 0.5843753265625 0.70156240625 0.5875 0.70156240625 0.5890626625000001 0.7 0.59375 0.7 0.5953126625 0.69843759375 0.6031246734375 0.69843759375 0.6093753265624999 0.69218721875 0.6109373375 0.69218721875 0.6171873375 0.6859375937500001 0.6171873375 0.6843751874999999 0.61875 0.68281278125 0.61875 0.66718721875 0.6171873375 0.6656248125 0.6171873375 0.6031248125 0.6156246734375 0.60156240625 0.6156246734375 0.6 0.6093753265624999 0.5937503765625001 0.6078126625 0.5937503765625001 0.6046873374999999 0.5906248125 0.6046873374999999 0.58906240625 0.6031246734375 0.5875 0.5968746734375 0.5875 0.5906246734375 0.5812503765625 0.5875 0.5812503765625 0.5843753265625 0.5781248125 0.5828126625000001 0.5781248125 0.5796873375 0.575 0.5765626625 0.575 0.5703126625 0.5687503765625 0.56875 0.5687503765625 0.5656246734375 0.5656248125000001 0.5640626625 0.5656248125000001 0.5625 0.5640624062499999 0.5328126625 0.5640624062499999 0.5281246734375 0.5687503765625 0.5265626625000001 0.5687503765625 0.5203126625000001 0.575 0.51875 0.575
37 0.53125 0.28593759375 0.5296873375 0.2843751875 0.5265626625000001 0.2843751875 0.525 0.28593759375 0.5234373375 0.28593759375 0.5218753265625 0.2875 0.5156253265624999 0.2875 0.5093746734375 0.29375037656249997 0.5046873374999999 0.29375037656249997 0.5031246734375 0.29531278125 0.5015626625 0.29531278125 0.49843733749999997 0.29843759375 0.4968746734375 0.29843759375 0.49062532656249996 0.30468721875 0.49062532656249996 0.375 0.49375 0.37812481249999996 0.49375 0.37968721875 0.49531266250000006 0.3812503765625 0.4968746734375 0.3812503765625 0.49843733749999997 0.38281278125 0.49843733749999997 0.3843751875 0.5 0.3843751875 0.5015626625 0.38593759375 0.5031246734375 0.38593759375 0.50625 0.38906240625 0.50625 0.3906248125 0.5078126625 0.39218721875 0.5093746734375 0.39218721875 0.5125 0.39531278125 0.5125 0.40781278125 0.5156253265624999 0.41093759375000005 0.5218753265625 0.41093759375000005 0.5234373375 0.4125 0.525 0.4125 0.5281246734375 0.41562481250000005 0.5296873375 0.41562481250000005 0.53125 0.41718721875 0.5343746734375 0.41718721875 0.5406246734375 0.42343759375 0.5421873374999999 0.42343759375 0.54375 0.425 0.5453126625 0.425 0.5484373375 0.4281248125 0.55 0.4281248125 0.5515626625000001 0.42968721875 0.5625 0.42968721875 0.5640626625 0.4281248125 0.5656246734375 0.4281248125 0.56875 0.425 0.5718746734375 0.425 0.5734373374999999 0.42343759375 0.5781253265624999 0.42343759375 0.5796873375 0.42187518749999997 0.58125 0.42187518749999997 0.5843753265625 0.4187503765625 0.5859373375 0.4187503765625 0.5875 0.41718721875 0.5906246734375 0.41718721875 0.5953126625 0.4125 0.5968746734375 0.4125 0.5984373374999999 0.41093759375000005 0.6015626625 0.41093759375000005 0.6078126625 0.40468721875 0.6093753265624999 0.40468721875 0.6171873375 0.3968751875 0.6171873375 0.3281248125 0.6109373375 0.3218751875 0.6109373375 0.32031278125 0.6093753265624999 0.3187503765625 0.6078126625 0.3187503765625 0.6046873374999999 0.31562481249999996 0.6046873374999999 0.31406240625000004 0.6031246734375 0.3125 0.6015626625 0.3125 0.6 0.31093759374999996 0.6 0.30937518750000004 0.5984373374999999 0.30781278125 0.5984373374999999 0.30156240625 0.5968746734375 0.3 0.5968746734375 0.29843759375 0.59375 0.29531278125 0.5921873375 0.29531278125 0.5906246734375 0.29375037656249997 0.5890626625000001 0.29375037656249997 0.5875 0.29218721875 0.5843753265625 0.29218721875 0.5828126625000001 0.2906248125 0.575 0.2906248125 0.5734373374999999 0.29218721875 0.5718746734375 0.29218721875 0.5718746734375 0.29375037656249997 0.5703126625 0.29531278125 0.5703126625 0.2968751875 0.5656246734375 0.30156240625 0.5640626625 0.30156240625 0.5609373375 0.30468721875 0.5578126625000001 0.30468721875 0.55625 0.3031248125 0.55625 0.30156240625 0.5546873375 0.3 0.5546873375 0.29375037656249997 0.55625 0.29218721875 0.55625 0.28906240625 0.5546873375 0.2875 0.5546873375 0.2843751875 0.5531253265625 0.28281278125 0.5531253265625 0.27968721875 0.55 0.27968721875 0.5484373375 0.28125037656249996 0.5390626625 0.28125037656249996 0.5343746734375 0.28593759375 0.53125 0.28593759375
17 0.3109373375 0.12968721875 0.30937467343749997 0.1312503765625 0.30625 0.1312503765625 0.30156266249999997 0.13593759375 0.3 0.13593759375 0.2984373375 0.1375 0.2953126625 0.1375 0.2890626625 0.1437503765625 0.28437532656250003 0.1437503765625 0.27812467343749997 0.15 0.2765626625 0.15 0.26875 0.15781278125 0.26875 0.22187518750000002 0.27031266249999997 0.22343759375 0.27031266249999997 0.225 0.2734373375 0.2281248125 0.2734373375 0.22968721875 0.275 0.23125037656249997 0.275 0.2375 0.2765626625 0.23906240625000003 0.2765626625 0.24062481249999998 0.2796873375 0.24375037656249998 0.2796873375 0.24531278125 0.28125 0.2468751875 0.28125 0.24843759375 0.2828126625 0.25 0.2828126625 0.25312481249999996 0.2875 0.25781278125 0.2875 0.2593751875 0.2890626625 0.26093759375 0.2906246734375 0.26093759375 0.29687532656250004 0.26718721875 0.30156266249999997 0.26718721875 0.3031246734375 0.2687503765625 0.3046873375 0.2687503765625 0.30625 0.27031278125 0.30625 0.2718751875 0.3078126625 0.27343759375 0.3109373375 0.27343759375 0.3140626625 0.27656240625 0.3156246734375 0.27656240625 0.31875 0.27968721875 0.3218746734375 0.27968721875 0.3265626625 0.2843751875 0.3296873375 0.2843751875 0.33125 0.28593759375 0.3390626625 0.28593759375 0.3453126625 0.27968721875 0.3484373375 0.27968721875 0.35 0.2781248125 0.3515626625 0.2781248125 0.35625 0.27343759375 0.35937532656250004 0.27343759375 0.3609373375 0.2718751875 0.3609373375 0.27031278125 0.3625 0.2687503765625 0.36406266249999997 0.2687503765625 0.3656253265625 0.26718721875 0.3703126625 0.26718721875 0.3765626625 0.26093759375 0.3781246734375 0.26093759375 0.3796873375 0.2593751875 0.3796873375 0.25781278125 0.38125 0.2562503765625 0.38125 0.25312481249999996 0.3843746734375 0.25 0.3843746734375 0.24843759375 0.38593733750000003 0.2468751875 0.38593733750000003 0.23906240625000003 0.39062532656250004 0.23437518750000003 0.39062532656250004 0.23281278125 0.3921873375 0.23125037656249997 0.3921873375 0.22656240625000001 0.3984373375 0.22031278125 0.3984373375 0.21562481249999998 0.4 0.21406240625 0.4 0.1687503765625 0.3984373375 0.16718721875 0.3984373375 0.16406240625 0.3968753265625 0.1625 0.3968753265625 0.16093759375 0.39531266249999997 0.16093759375 0.39375 0.1593751875 0.39375 0.15781278125 0.3921873375 0.15625037656250002 0.39062532656250004 0.15625037656250002 0.3843746734375 0.15 0.38125 0.15 0.3796873375 0.14843759375 0.3781246734375 0.14843759375 0.3734373375 0.1437503765625 0.37187467343749997 0.1437503765625 0.3703126625 0.14218721875 0.36875 0.14218721875 0.3671873375 0.1406248125 0.3671873375 0.13906240625 0.3656253265625 0.1375 0.3625 0.1375 0.3609373375 0.13593759375 0.35937532656250004 0.13593759375 0.3531246734375 0.12968721875 0.3515626625 0.12968721875 0.3468746734375 0.125 0.3453126625 0.125 0.3421873375 0.1218751875 0.3421873375 0.12031278125 0.32343733750000003 0.12031278125 0.31875 0.125 0.3171873375 0.125 0.3125 0.12968721875 0.3109373375 0.12968721875
35 0.28437532656250003 0.44375037656250005 0.2828126625 0.44531278125 0.28125 0.44531278125 0.2765626625 0.45 0.275 0.45 0.2734373375 0.45156240625 0.2718746734375 0.45156240625 0.27031266249999997 0.45312481250000003 0.27031266249999997 0.45468721875 0.26875 0.4562503765625 0.26875 0.46718721875 0.2671873375 0.4687503765625 0.2671873375 0.5031248125000001 0.26875 0.50468721875 0.26875 0.5093751875 0.27031266249999997 0.51093759375 0.2718746734375 0.51093759375 0.275 0.51406240625 0.275 0.51718721875 0.2765626625 0.5187503765625 0.2765626625 0.52031278125 0.2796873375 0.52343759375 0.2796873375 0.525 0.28125 0.52656240625 0.28125 0.53906240625 0.2828126625 0.5406248125 0.2828126625 0.54218721875 0.2859373375 0.54531278125 0.2859373375 0.5468751875 0.2890626625 0.55 0.2890626625 0.55156240625 0.2906246734375 0.5531248125 0.29218733750000003 0.5531248125 0.2953126625 0.5562503765625 0.29687532656250004 0.5562503765625 0.2984373375 0.55781278125 0.3 0.55781278125 0.30156266249999997 0.5593751874999999 0.3031246734375 0.5593751874999999 0.3046873375 0.5609375937500001 0.3156246734375 0.5609375937500001 0.3171873375 0.5625 0.3218746734375 0.5625 0.325 0.5656248125000001 0.3265626625 0.5656248125000001 0.32812532656250004 0.56718721875 0.3296873375 0.56718721875 0.33125 0.5687503765625 0.3375 0.5687503765625 0.3390626625 0.57031278125 0.34062467343749997 0.5687503765625 0.34375 0.5687503765625 0.3453126625 0.56718721875 0.35 0.56718721875 0.3515626625 0.5656248125000001 0.3531246734375 0.5656248125000001 0.3578126625 0.5609375937500001 0.36406266249999997 0.5609375937500001 0.3656253265625 0.5593751874999999 0.3671873375 0.5593751874999999 0.3703126625 0.5562503765625 0.3734373375 0.5562503765625 0.375 0.55468721875 0.3781246734375 0.55468721875 0.3796873375 0.5531248125 0.3796873375 0.55 0.38125 0.54843759375 0.38125 0.5468751875 0.3843746734375 0.5437503765625 0.3843746734375 0.5406248125 0.38593733750000003 0.53906240625 0.38593733750000003 0.52656240625 0.39062532656250004 0.5218751875 0.39062532656250004 0.52031278125 0.3921873375 0.5187503765625 0.3921873375 0.51406240625 0.39531266249999997 0.51093759375 0.3968753265625 0.51093759375 0.3968753265625 0.4562503765625 0.3921873375 0.45156240625 0.3921873375 0.45 0.39062532656250004 0.44843759375000003 0.3890626625 0.44843759375000003 0.3843746734375 0.44375037656250005 0.3828126625 0.44375037656250005 0.3781246734375 0.43906240625 0.3765626625 0.43906240625 0.375 0.4375 0.3671873375 0.4375 0.3656253265625 0.43593759375 0.3625 0.43593759375 0.354031984375 0.4204706765625 0.3171305484375 0.4214669171875 0.29375 0.44218721875 0.29218733750000003 0.44375037656250005 0.28437532656250003 0.44375037656250005
6 0.2453126625 0.5687503765625 0.24375 0.57031278125 0.24218733750000002 0.57031278125 0.2406246734375 0.5718751875 0.2390626625 0.5718751875 0.2375 0.57343759375 0.2359373375 0.57343759375 0.2343753265625 0.575 0.2328126625 0.575 0.23125 0.57656240625 0.2296873375 0.57656240625 0.22656266249999998 0.57968721875 0.225 0.57968721875 0.2234373375 0.5812503765625 0.22187532656250003 0.5812503765625 0.22031266249999998 0.58281278125 0.21875 0.58281278125 0.2140626625 0.5875 0.2093746734375 0.5875 0.2078126625 0.58906240625 0.20625 0.58906240625 0.20625 0.5906248125 0.2031253265625 0.5937503765625001 0.2015626625 0.5937503765625001 0.2 0.59531278125 0.2 0.5968751875 0.19531266249999998 0.60156240625 0.19531266249999998 0.6062503765625 0.19375 0.60781278125 0.19375 0.6843751874999999 0.19531266249999998 0.6859375937500001 0.19531266249999998 0.6875 0.2 0.69218721875 0.2031253265625 0.69218721875 0.2093746734375 0.69843759375 0.2125 0.69843759375 0.2140626625 0.7 0.21562467343749997 0.7 0.22031266249999998 0.70468721875 0.22187532656250003 0.70468721875 0.22656266249999998 0.7093751875 0.22812467343749998 0.7093751875 0.2296873375 0.71093759375 0.24218733750000002 0.71093759375 0.24375 0.7093751875 0.2453126625 0.7093751875 0.24843733750000002 0.7062503765625 0.25 0.7062503765625 0.2515626625 0.70468721875 0.28125 0.70468721875 0.2828126625 0.7062503765625 0.28437532656250003 0.7062503765625 0.2859373375 0.70468721875 0.29375 0.70468721875 0.2953126625 0.7031248125 0.29687532656250004 0.7031248125 0.2984373375 0.70156240625 0.3 0.70156240625 0.30156266249999997 0.7 0.3031246734375 0.7 0.3046873375 0.69843759375 0.3078126625 0.69843759375 0.3140626625 0.69218721875 0.3156246734375 0.69218721875 0.3171873375 0.6906248125000001 0.31875 0.6906248125000001 0.32343733750000003 0.6859375937500001 0.325 0.6859375937500001 0.325 0.6 0.32343733750000003 0.59843759375 0.32343733750000003 0.5968751875 0.3140626625 0.5875 0.3078126625 0.5875 0.30625 0.58593759375 0.3046873375 0.58593759375 0.3031246734375 0.5843751875 0.3031246734375 0.58281278125 0.3 0.58281278125 0.2984373375 0.5812503765625 0.2953126625 0.5812503765625 0.2890626625 0.575 0.2859373375 0.575 0.28437532656250003 0.57343759375 0.2828126625 0.57343759375 0.2796873375 0.57031278125 0.27812467343749997 0.57031278125 0.2765626625 0.5687503765625 0.275 0.5687503765625 0.27031266249999997 0.5640624062499999 0.25312532656250003 0.5640624062499999 0.25 0.56718721875 0.24843733750000002 0.56718721875 0.24687467343749997 0.5687503765625 0.2453126625 0.5687503765625
0 0.5968746734375 0.7187503765625001 0.5906246734375 0.725 0.5890626625000001 0.725 0.5875 0.72656240625 0.5875 0.7281248125 0.5843753265625 0.7312503765625 0.5828126625000001 0.7312503765625 0.58125 0.73281278125 0.58125 0.73906240625 0.5796873375 0.7406248125 0.5796873375 0.74218721875 0.5765626625 0.74531278125 0.5765626625 0.7468751874999999 0.575 0.7484375937500001 0.575 0.7515624062499999 0.5703126625 0.7562503765625 0.56875 0.7562503765625 0.5671873374999999 0.75781278125 0.5656246734375 0.75781278125 0.5625 0.76093759375 0.5625 0.8343751875000001 0.5640626625 0.83593759375 0.5656246734375 0.83593759375 0.56875 0.8390624062500001 0.56875 0.8406248125 0.5703126625 0.84218721875 0.5734373374999999 0.84218721875 0.575 0.8437503765625 0.5765626625 0.8437503765625 0.58125 0.8484375937499999 0.5843753265625 0.8484375937499999 0.5906246734375 0.85468721875 0.59375 0.85468721875 0.6 0.8609375937499999 0.6015626625 0.8609375937499999 0.6078126625 0.86718721875 0.6093753265624999 0.86718721875 0.6140626625000001 0.8718751875 0.6156246734375 0.8718751875 0.6171873375 0.87343759375 0.6343746734375 0.87343759375 0.6453126625000001 0.8625 0.6468746734375 0.8625 0.6515626625000001 0.85781278125 0.6531246734375 0.85781278125 0.65625 0.85468721875 0.6593746734375 0.85468721875 0.6640626625 0.85 0.6656246734375 0.85 0.6671873374999999 0.8484375937499999 0.6703126625 0.8484375937499999 0.6718753265624999 0.8468751875 0.6734373375 0.8468751875 0.6734373375 0.84531278125 0.675 0.8437503765625 0.6765626625000001 0.8437503765625 0.6781246734375 0.84218721875 0.6796873375 0.84218721875 0.68125 0.8406248125 0.6828126625000001 0.8406248125 0.6875 0.83593759375 0.6875 0.8343751875000001 0.6906246734375 0.8312503765624999 0.6906246734375 0.82968721875 0.6921873374999999 0.8281248124999999 0.6921873374999999 0.7656248125 0.6828126625000001 0.7562503765625 0.6796873375 0.7562503765625 0.6781246734375 0.75468721875 0.6765626625000001 0.75468721875 0.675 0.7531248125000001 0.675 0.7515624062499999 0.6734373375 0.75 0.6734373375 0.7437503765625 0.6718753265624999 0.74218721875 0.6718753265624999 0.7375 0.66875 0.7343751875 0.66875 0.7312503765625 0.6671873374999999 0.72968721875 0.6671873374999999 0.72656240625 0.6656246734375 0.725 0.6640626625 0.725 0.6593746734375 0.72031278125 0.6578126625 0.72031278125 0.65625 0.7187503765625001 0.6531246734375 0.7187503765625001 0.6468746734375 0.7125 0.6453126625000001 0.7125 0.6406253265624999 0.70781278125 0.6390626625 0.70781278125 0.6375 0.7062503765625 0.6093753265624999 0.7062503765625 0.6 0.7156248125 0.6 0.71718721875 0.5984373374999999 0.7187503765625001 0.5968746734375 0.7187503765625001
36 0.175 0.41718721875 0.1734373375 0.4187503765625 0.17187532656249999 0.4187503765625 0.1703126625 0.42031278125 0.16875 0.42031278125 0.16875 0.42187518749999997 0.1671873375 0.42343759375 0.1656246734375 0.42343759375 0.16406266249999998 0.425 0.1593746734375 0.425 0.1531246734375 0.43125037656250004 0.15 0.43125037656250004 0.14843733750000002 0.43281278125 0.1453126625 0.43281278125 0.1453126625 0.4343751875 0.14375 0.43593759375 0.1421873375 0.43593759375 0.14062532656249999 0.4375 0.1390626625 0.4375 0.1375 0.43906240625 0.1359373375 0.43906240625 0.12656266249999998 0.44843759375000003 0.12656266249999998 0.45 0.125 0.45156240625 0.125 0.5406248125 0.12656266249999998 0.54218721875 0.1281246734375 0.54218721875 0.13125 0.54531278125 0.13125 0.5468751875 0.1343753265625 0.55 0.1359373375 0.55 0.1390626625 0.5531248125 0.14062532656249999 0.5531248125 0.1421873375 0.55468721875 0.1453126625 0.55468721875 0.1468746734375 0.5562503765625 0.14843733750000002 0.5562503765625 0.1531246734375 0.5609375937500001 0.15625 0.5609375937500001 0.15781266249999998 0.5625 0.1593746734375 0.5625 0.1625 0.5656248125000001 0.16406266249999998 0.5656248125000001 0.1656246734375 0.56718721875 0.1671873375 0.56718721875 0.17187532656249999 0.5718751875 0.18125 0.5718751875 0.1828126625 0.57343759375 0.1843746734375 0.5718751875 0.18906266249999998 0.5718751875 0.1906253265625 0.57031278125 0.19375 0.57031278125 0.19531266249999998 0.5687503765625 0.1984373375 0.5687503765625 0.2 0.56718721875 0.2031253265625 0.56718721875 0.2046873375 0.5656248125000001 0.2046873375 0.5640624062499999 0.20625 0.5625 0.2078126625 0.5625 0.2093746734375 0.5609375937500001 0.2140626625 0.5609375937500001 0.21875 0.5562503765625 0.22031266249999998 0.5562503765625 0.22187532656250003 0.55468721875 0.22656266249999998 0.55468721875 0.22812467343749998 0.5531248125 0.2296873375 0.5531248125 0.2296873375 0.55156240625 0.2343753265625 0.5468751875 0.2343753265625 0.54531278125 0.2359373375 0.5437503765625 0.2359373375 0.5343751875 0.2375 0.53281278125 0.2375 0.5312503765625001 0.2406246734375 0.5281248125 0.2406246734375 0.525 0.24218733750000002 0.52343759375 0.24218733750000002 0.5156248125 0.24843733750000002 0.5093751875 0.24843733750000002 0.50781278125 0.2515626625 0.50468721875 0.25312532656250003 0.50468721875 0.2546873375 0.5031248125000001 0.2546873375 0.45937518749999995 0.2453126625 0.45 0.24218733750000002 0.45 0.2406246734375 0.44843759375000003 0.2390626625 0.44843759375000003 0.2343753265625 0.44375037656250005 0.2328126625 0.44375037656250005 0.22812467343749998 0.43906240625 0.22656266249999998 0.43906240625 0.225 0.4375 0.2234373375 0.4375 0.22187532656250003 0.43593759375 0.22031266249999998 0.43593759375 0.21562467343749997 0.43125037656250004 0.2140626625 0.43125037656250004 0.2125 0.42968721875 0.21093733750000002 0.42968721875 0.1968746734375 0.41562481250000005 0.19531266249999998 0.41562481250000005 0.19375 0.41406240624999996 0.18125 0.41406240624999996 0.17968733750000002 0.41562481250000005 0.1781246734375 0.41562481250000005 0.1765626625 0.41718721875 0.175 0.41718721875
36 0.6843753265625 0.5687503765625 0.6796873375 0.57343759375 0.6781246734375 0.57343759375 0.6765626625000001 0.575 0.6718753265624999 0.575 0.6703126625 0.57656240625 0.66875 0.57656240625 0.66875 0.5781248125 0.6671873374999999 0.57968721875 0.6656246734375 0.57968721875 0.6640626625 0.5812503765625 0.6593746734375 0.5812503765625 0.6531246734375 0.5875 0.65 0.5875 0.6484373375 0.58906240625 0.6468746734375 0.58906240625 0.6421873375 0.5937503765625001 0.6421873375 0.59531278125 0.6359373374999999 0.60156240625 0.6359373374999999 0.6031248125 0.6343746734375 0.60468721875 0.6343746734375 0.6062503765625 0.6328126625 0.60781278125 0.6328126625 0.66406240625 0.6343746734375 0.6656248125 0.6343746734375 0.67343759375 0.6359373374999999 0.675 0.6359373374999999 0.67968721875 0.6375 0.6812503765625 0.6375 0.6843751874999999 0.6390626625 0.6859375937500001 0.6406253265624999 0.6859375937500001 0.6468746734375 0.69218721875 0.6484373375 0.69218721875 0.6531246734375 0.6968751875 0.6546873375 0.6968751875 0.65625 0.69843759375 0.6593746734375 0.69843759375 0.6609373374999999 0.7 0.6625 0.7 0.6656246734375 0.7031248125 0.6796873375 0.7031248125 0.68125 0.70156240625 0.6828126625000001 0.70156240625 0.6843753265625 0.7 0.6859373375 0.7 0.6875 0.69843759375 0.7093746734375 0.69843759375 0.7109373375 0.7 0.7156253265625 0.7 0.71875 0.7031248125 0.7203126625 0.7031248125 0.7218746734375 0.70468721875 0.7359373375 0.70468721875 0.7375 0.7031248125 0.7390626625000001 0.7031248125 0.7421873375 0.7 0.74375 0.7 0.7453126625000001 0.69843759375 0.7468753265625 0.69843759375 0.7531246734375 0.69218721875 0.7546873374999999 0.69218721875 0.7609373374999999 0.6859375937500001 0.7609373374999999 0.6812503765625 0.7625 0.67968721875 0.7625 0.64531278125 0.7609373374999999 0.6437503765625 0.7609373374999999 0.60781278125 0.7593746734375 0.6062503765625 0.7593746734375 0.6031248125 0.7578126625 0.60156240625 0.7578126625 0.6 0.75625 0.59843759375 0.75625 0.5968751875 0.7546873374999999 0.59531278125 0.7546873374999999 0.5937503765625001 0.7531246734375 0.59218721875 0.7515626625 0.59218721875 0.75 0.5906248125 0.75 0.58906240625 0.7484373375 0.58906240625 0.7468753265625 0.5875 0.7421873375 0.5875 0.7406246734375 0.58593759375 0.7390626625000001 0.58593759375 0.7343753265624999 0.5812503765625 0.73125 0.5812503765625 0.725 0.575 0.7218746734375 0.575 0.7156253265625 0.5687503765625 0.7140626625000001 0.5687503765625 0.7078126625000001 0.5625 0.69375 0.5625 0.6921873374999999 0.5640624062499999 0.6906246734375 0.5640624062499999 0.6859373375 0.5687503765625 0.6843753265625 0.5687503765625
15 0.3343753265625 0.8484375937499999 0.3359373375 0.85 0.34062467343749997 0.85 0.3421873375 0.85156240625 0.34375 0.85156240625 0.3453126625 0.8531248124999999 0.3468746734375 0.8531248124999999 0.3484373375 0.85156240625 0.3515626625 0.85156240625 0.3531246734375 0.85 0.35468733750000003 0.85 0.35625 0.8484375937499999 0.35937532656250004 0.8484375937499999 0.3609373375 0.8468751875 0.3609373375 0.7906248125 0.3578126625 0.7875 0.3078126625 0.7875 0.30625 0.78906240625 0.30625 0.84531278125 0.30937467343749997 0.8484375937499999 0.3343753265625 0.8484375937499999
37 0.3875 0.5687503765625 0.3796873375 0.57656240625 0.3781246734375 0.57656240625 0.3734373375 0.5812503765625 0.3703126625 0.5812503765625 0.3656253265625 0.58593759375 0.36406266249999997 0.58593759375 0.3625 0.5875 0.3578126625 0.5875 0.3531246734375 0.59218721875 0.3515626625 0.59218721875 0.35 0.5937503765625001 0.3484373375 0.5937503765625001 0.3453126625 0.5968751875 0.3453126625 0.59843759375 0.34375 0.6 0.34375 0.6031248125 0.3421873375 0.60468721875 0.3421873375 0.60781278125 0.34062467343749997 0.6093751875 0.34062467343749997 0.6875 0.3421873375 0.6875 0.34375 0.6890624062499999 0.34375 0.6906248125000001 0.3453126625 0.6906248125000001 0.3468746734375 0.69218721875 0.3515626625 0.69218721875 0.3531246734375 0.6937503765625 0.35468733750000003 0.6937503765625 0.35937532656250004 0.69843759375 0.36406266249999997 0.69843759375 0.3656253265625 0.7 0.3671873375 0.7 0.3703126625 0.7031248125 0.3734373375 0.7031248125 0.375 0.70468721875 0.39375 0.70468721875 0.39531266249999997 0.7031248125 0.3968753265625 0.7031248125 0.4 0.7 0.40156266250000006 0.7 0.4031246734375 0.69843759375 0.4093746734375 0.69843759375 0.41093733749999994 0.7 0.41562467343750004 0.7 0.41875 0.7031248125 0.42031266250000004 0.7031248125 0.4218753265625 0.70468721875 0.43281266250000006 0.70468721875 0.4343746734375 0.7062503765625 0.44218733749999994 0.7062503765625 0.44375 0.70468721875 0.4484373375 0.70468721875 0.45 0.7031248125 0.45156266250000004 0.7031248125 0.45625 0.69843759375 0.45937532656249996 0.69843759375 0.47343733749999994 0.6843751874999999 0.47343733749999994 0.61093759375 0.4718746734375 0.6093751875 0.4718746734375 0.6062503765625 0.46875 0.6031248125 0.46875 0.60156240625 0.46718733749999997 0.6 0.46718733749999997 0.59843759375 0.4609373375 0.59218721875 0.4609373375 0.5906248125 0.45937532656249996 0.58906240625 0.4578126625 0.58906240625 0.45468733749999996 0.58593759375 0.4531253265625 0.58593759375 0.4484373375 0.5812503765625 0.4453126625 0.5812503765625 0.43906266250000003 0.575 0.4375 0.575 0.43281266250000006 0.57031278125 0.43125 0.57031278125 0.4296873375 0.5687503765625 0.42812532656249996 0.5687503765625 0.4265626625 0.56718721875 0.425 0.56718721875 0.4218753265625 0.5640624062499999 0.41875 0.5640624062499999 0.4171873375 0.5625 0.3968753265625 0.5625 0.39531266249999997 0.5640624062499999 0.39375 0.5640624062499999 0.3890626625 0.5687503765625 0.3875 0.5687503765625
0 0.3843746734375 0.28281278125 0.3828126625 0.2843751875 0.3828126625 0.28593759375 0.3796873375 0.28906240625 0.3781246734375 0.28906240625 0.3765626625 0.2906248125 0.375 0.2906248125 0.3734373375 0.29218721875 0.37187467343749997 0.29218721875 0.3703126625 0.29375037656249997 0.3656253265625 0.29375037656249997 0.36406266249999997 0.29531278125 0.3625 0.29531278125 0.3578126625 0.3 0.3531246734375 0.3 0.3484373375 0.30468721875 0.3468746734375 0.30468721875 0.34375 0.30781278125 0.34375 0.37812481249999996 0.3515626625 0.38593759375 0.3531246734375 0.38593759375 0.3625 0.39531278125 0.3625 0.4 0.36406266249999997 0.40156240624999995 0.36406266249999997 0.40312481250000004 0.3671873375 0.4062503765625 0.3671873375 0.40781278125 0.3703126625 0.41093759375000005 0.38125 0.41093759375000005 0.3828126625 0.4125 0.3843746734375 0.4125 0.38593733750000003 0.41406240624999996 0.3875 0.41406240624999996 0.39062532656250004 0.41718721875 0.3921873375 0.41718721875 0.3984373375 0.42343759375 0.4 0.42343759375 0.40625 0.42968721875 0.42031266250000004 0.42968721875 0.4218753265625 0.4281248125 0.42343733749999996 0.4281248125 0.4265626625 0.425 0.42812532656249996 0.425 0.4296873375 0.42343759375 0.43125 0.42343759375 0.4375 0.41718721875 0.43906266250000003 0.41718721875 0.44218733749999994 0.41406240624999996 0.44218733749999994 0.4125 0.44375 0.41093759375000005 0.44375 0.40937518749999996 0.4453126625 0.40781278125 0.4453126625 0.40468721875 0.44687467343750004 0.40312481250000004 0.44687467343750004 0.3875 0.4484373375 0.38593759375 0.4484373375 0.37031278125 0.45156266250000004 0.36718721875 0.4531253265625 0.36718721875 0.45468733749999996 0.3656248125 0.45468733749999996 0.36406240625 0.4625 0.35625037656249997 0.4625 0.35468721875 0.46406266250000006 0.3531248125 0.4656246734375 0.3531248125 0.4656246734375 0.35 0.46718733749999997 0.34843759375 0.46718733749999997 0.3187503765625 0.4656246734375 0.31718721875 0.4656246734375 0.3125 0.46406266250000006 0.31093759374999996 0.46406266250000006 0.30937518750000004 0.4625 0.30781278125 0.4625 0.30468721875 0.4609373375 0.3031248125 0.4609373375 0.30156240625 0.45937532656249996 0.30156240625 0.4578126625 0.3 0.45625 0.3 0.45468733749999996 0.29843759375 0.4531253265625 0.29843759375 0.45 0.29531278125 0.4484373375 0.29531278125 0.44687467343750004 0.29375037656249997 0.4453126625 0.29375037656249997 0.44375 0.29218721875 0.44218733749999994 0.29218721875 0.4375 0.2875 0.4343746734375 0.2875 0.43281266250000006 0.28593759375 0.43125 0.28593759375 0.4265626625 0.28125037656249996 0.4218753265625 0.28125037656249996 0.42031266250000004 0.27968721875 0.39375 0.27968721875 0.3921873375 0.28125037656249996 0.3890626625 0.28125037656249996 0.3875 0.28281278125 0.3843746734375 0.28281278125
31 0.8265626625 0.4187503765625 0.825 0.42031278125 0.825 0.43281278125 0.8234373375 0.4343751875 0.8234373375 0.45156240625 0.825 0.45312481250000003 0.825 0.45937518749999995 0.8265626625 0.46093759375000004 0.8281253265625 0.46093759375000004 0.8328126625 0.46562481250000004 0.8328126625 0.46718721875 0.8531246734375 0.46718721875 0.8546873375 0.46562481250000004 0.85625 0.46562481250000004 0.8593753265625 0.4625 0.8609373375 0.4625 0.8625 0.46093759375000004 0.8656246734374999 0.46093759375000004 0.8671873375000001 0.45937518749999995 0.8671873375000001 0.43281278125 0.8609373375 0.42656240624999997 0.8609373375 0.42031278125 0.8593753265625 0.4187503765625 0.8578126625 0.4187503765625 0.8546873375 0.41562481250000005 0.8546873375 0.41406240624999996 0.8531246734375 0.4125 0.8484373375 0.4125 0.8468746734374999 0.41093759375000005 0.8453126624999999 0.41093759375000005 0.84375 0.40937518749999996 0.8359373375000001 0.40937518749999996 0.83125 0.41406240624999996 0.83125 0.41562481250000005 0.8281253265625 0.4187503765625 0.8265626625 0.4187503765625
36 0.7593746734375 0.42031278125 0.7546873374999999 0.425 0.7515626625 0.425 0.7453126625000001 0.43125037656250004 0.7406246734375 0.43125037656250004 0.7343753265624999 0.4375 0.73125 0.4375 0.7265626625 0.44218721875 0.7265626625 0.44375037656250005 0.725 0.44531278125 0.725 0.45312481250000003 0.7156253265625 0.4625 0.7140626625000001 0.4625 0.7125 0.46406240624999995 0.7125 0.46562481250000004 0.7109373375 0.46718721875 0.7093746734375 0.46718721875 0.70625 0.47031278125 0.70625 0.47187518749999996 0.7031253265624999 0.475 0.7031253265624999 0.5375 0.7093746734375 0.5437503765625 0.7109373375 0.5437503765625 0.7125 0.54531278125 0.7125 0.5468751875 0.7140626625000001 0.5468751875 0.7156253265625 0.54843759375 0.7171873375 0.54843759375 0.7218746734375 0.5531248125 0.725 0.5531248125 0.7265626625 0.55468721875 0.7296873374999999 0.55468721875 0.73125 0.5562503765625 0.7343753265624999 0.5562503765625 0.7390626625000001 0.5609375937500001 0.7406246734375 0.5609375937500001 0.7453126625000001 0.5656248125000001 0.7468753265625 0.5656248125000001 0.7484373375 0.56718721875 0.7515626625 0.56718721875 0.7531246734375 0.5687503765625 0.7546873374999999 0.5687503765625 0.75625 0.57031278125 0.75625 0.5718751875 0.7578126625 0.5718751875 0.7593746734375 0.57343759375 0.7671873375 0.57343759375 0.76875 0.575 0.7703126625000001 0.575 0.7718746734375 0.57656240625 0.775 0.57656240625 0.7765626625000001 0.575 0.7796873375 0.575 0.78125 0.57343759375 0.7843746734375 0.57343759375 0.7859373374999999 0.5718751875 0.7875 0.5718751875 0.7890626625 0.57031278125 0.7906246734375 0.57031278125 0.7921873374999999 0.5687503765625 0.79375 0.5687503765625 0.7953126625 0.56718721875 0.7968753265624999 0.56718721875 0.8031246734374999 0.5609375937500001 0.8078126625 0.5609375937500001 0.8093753265625001 0.5593751874999999 0.8109373375000001 0.5593751874999999 0.8140626624999999 0.5562503765625 0.8156246734374999 0.5562503765625 0.8171873375 0.55468721875 0.8203126624999999 0.55468721875 0.8265626625 0.54843759375 0.8281253265625 0.54843759375 0.8296873375 0.5468751875 0.8296873375 0.54531278125 0.8359373375000001 0.53906240625 0.8359373375000001 0.47187518749999996 0.8296873375 0.46562481250000004 0.8296873375 0.46406240624999995 0.8281253265625 0.4625 0.8265626625 0.4625 0.8234373375 0.45937518749999995 0.8234373375 0.45781278125 0.8171873375 0.45156240625 0.8171873375 0.43906240625 0.8156246734374999 0.4375 0.8156246734374999 0.43593759375 0.8125 0.43281278125 0.8109373375000001 0.43281278125 0.8093753265625001 0.43125037656250004 0.8046873375000001 0.43125037656250004 0.8031246734374999 0.42968721875 0.8015626625 0.42968721875 0.7968753265624999 0.425 0.7921873374999999 0.425 0.7906246734375 0.42343759375 0.7890626625 0.42343759375 0.7859373374999999 0.42031278125 0.7843746734375 0.42031278125 0.7828126625 0.4187503765625 0.7796873375 0.4187503765625 0.7781253265625 0.41718721875 0.76875 0.41718721875 0.7671873375 0.4187503765625 0.7625 0.4187503765625 0.7609373374999999 0.42031278125 0.7593746734375 0.42031278125
37 0.6906246734375 0.27343759375 0.6890626625 0.275 0.6875 0.275 0.6859373375 0.27656240625 0.6828126625000001 0.27656240625 0.6781246734375 0.28125037656249996 0.6734373375 0.28125037656249996 0.6718753265624999 0.28281278125 0.6703126625 0.28281278125 0.6656246734375 0.2875 0.6640626625 0.2875 0.6625 0.28906240625 0.6609373374999999 0.28906240625 0.6515626625000001 0.29843759375 0.6515626625000001 0.30156240625 0.65 0.3031248125 0.65 0.30937518750000004 0.6468746734375 0.3125 0.6453126625000001 0.3125 0.64375 0.31406240625000004 0.64375 0.31562481249999996 0.6406253265624999 0.3187503765625 0.6390626625 0.3187503765625 0.6375 0.32031278125 0.6375 0.3968751875 0.6390626625 0.39843759375 0.6421873375 0.39843759375 0.64375 0.4 0.6453126625000001 0.4 0.6484373375 0.40312481250000004 0.65 0.40312481250000004 0.6515626625000001 0.40468721875 0.65625 0.40468721875 0.6578126625 0.4062503765625 0.6593746734375 0.4062503765625 0.6625 0.40937518749999996 0.6640626625 0.40937518749999996 0.6656246734375 0.41093759375000005 0.675 0.41093759375000005 0.6765626625000001 0.4125 0.6781246734375 0.4125 0.6796873375 0.41093759375000005 0.6828126625000001 0.41093759375000005 0.6859373375 0.40781278125 0.6875 0.40781278125 0.6890626625 0.4062503765625 0.6921873374999999 0.4062503765625 0.69375 0.40468721875 0.7015626625 0.40468721875 0.7078126625000001 0.41093759375000005 0.7140626625000001 0.41093759375000005 0.7156253265625 0.4125 0.7171873375 0.4125 0.7203126625 0.41562481250000005 0.7234373374999999 0.41562481250000005 0.7265626625 0.4125 0.7296873374999999 0.4125 0.73125 0.41093759375000005 0.7406246734375 0.41093759375000005 0.7468753265625 0.40468721875 0.7515626625 0.40468721875 0.7609373374999999 0.39531278125 0.7609373374999999 0.325 0.7593746734375 0.32343759375 0.7593746734375 0.3218751875 0.7546873374999999 0.31718721875 0.7531246734375 0.31718721875 0.75 0.31406240625000004 0.75 0.3125 0.7484373375 0.31093759374999996 0.7484373375 0.30781278125 0.7468753265625 0.3062503765625 0.7468753265625 0.3031248125 0.74375 0.3 0.74375 0.29531278125 0.7421873375 0.29375037656249997 0.7421873375 0.28906240625 0.7406246734375 0.2875 0.7328126625 0.2875 0.7265626625 0.28125037656249996 0.7234373374999999 0.28125037656249996 0.7218746734375 0.27968721875 0.7203126625 0.27968721875 0.7171873375 0.27656240625 0.7156253265625 0.27656240625 0.7140626625000001 0.275 0.7125 0.275 0.7109373375 0.27343759375 0.7093746734375 0.27343759375 0.7078126625000001 0.2718751875 0.70625 0.2718751875 0.7046873375 0.27031278125 0.7031253265624999 0.27031278125 0.7015626625 0.2687503765625 0.7 0.2687503765625 0.6984373374999999 0.27031278125 0.6953126625 0.27031278125 0.6921873374999999 0.27343759375 0.6906246734375 0.27343759375
36 0.6125 0.42343759375 0.60625 0.42968721875 0.6046873374999999 0.42968721875 0.6031246734375 0.43125037656250004 0.5984373374999999 0.43125037656250004 0.5968746734375 0.43281278125 0.5953126625 0.43281278125 0.59375 0.4343751875 0.5921873375 0.4343751875 0.5906246734375 0.43593759375 0.5890626625000001 0.43593759375 0.5875 0.4375 0.5859373375 0.4375 0.5843753265625 0.43906240625 0.5828126625000001 0.43906240625 0.5781253265624999 0.44375037656250005 0.5765626625 0.44375037656250005 0.575 0.44531278125 0.5734373374999999 0.44531278125 0.5703126625 0.44843759375000003 0.56875 0.44843759375000003 0.5656246734375 0.45156240625 0.5656246734375 0.51093759375 0.56875 0.51406240625 0.56875 0.5156248125 0.5734373374999999 0.52031278125 0.5734373374999999 0.5218751875 0.575 0.52343759375 0.575 0.53281278125 0.5765626625 0.5343751875 0.5765626625 0.5406248125 0.5781253265624999 0.54218721875 0.5781253265624999 0.5437503765625 0.5796873375 0.54531278125 0.5796873375 0.5468751875 0.58125 0.54843759375 0.58125 0.55156240625 0.5843753265625 0.55468721875 0.5890626625000001 0.55468721875 0.5906246734375 0.5562503765625 0.5921873375 0.5562503765625 0.5953126625 0.5593751874999999 0.5968746734375 0.5593751874999999 0.5984373374999999 0.5609375937500001 0.6015626625 0.5609375937500001 0.6031246734375 0.5625 0.6046873374999999 0.5625 0.6078126625 0.5656248125000001 0.6093753265624999 0.5656248125000001 0.6109373375 0.56718721875 0.6140626625000001 0.56718721875 0.6156246734375 0.5687503765625 0.61875 0.5687503765625 0.6203126625000001 0.57031278125 0.6218746734375 0.57031278125 0.6234373375 0.5718751875 0.6281246734375 0.5718751875 0.6296873374999999 0.57031278125 0.63125 0.57031278125 0.6328126625 0.5687503765625 0.6343746734375 0.5687503765625 0.6359373374999999 0.56718721875 0.6406253265624999 0.56718721875 0.6421873375 0.5656248125000001 0.6453126625000001 0.5656248125000001 0.65 0.5609375937500001 0.6531246734375 0.5609375937500001 0.6593746734375 0.55468721875 0.6671873374999999 0.55468721875 0.66875 0.5531248125 0.6703126625 0.5531248125 0.675 0.54843759375 0.6781246734375 0.54843759375 0.6796873375 0.5468751875 0.6796873375 0.54531278125 0.6828126625000001 0.54218721875 0.6843753265625 0.54218721875 0.6906246734375 0.53593759375 0.6921873374999999 0.53593759375 0.69375 0.5343751875 0.69375 0.4968751875 0.6921873374999999 0.49531278125 0.6921873374999999 0.47343759375000005 0.6906246734375 0.47187518749999996 0.6906246734375 0.47031278125 0.6890626625 0.47031278125 0.6843753265625 0.46562481250000004 0.6843753265625 0.46406240624999995 0.6828126625000001 0.46406240624999995 0.68125 0.4625 0.6781246734375 0.4625 0.6734373375 0.45781278125 0.6734373375 0.4468751875 0.6718753265624999 0.44531278125 0.6718753265624999 0.44375037656250005 0.6703126625 0.44375037656250005 0.66875 0.44218721875 0.66875 0.4406248125 0.6656246734375 0.4375 0.6640626625 0.4375 0.6625 0.43593759375 0.6609373374999999 0.43593759375 0.6578126625 0.43281278125 0.65625 0.43281278125 0.6546873375 0.43125037656250004 0.6515626625000001 0.43125037656250004 0.6453126625000001 0.425 0.6390626625 0.425 0.6328126625 0.4187503765625 0.6171873375 0.4187503765625 0.6156246734375 0.42031278125 0.6140626625000001 0.42031278125 0.6125 0.42187518749999997 0.6125 0.42343759375
3 0.30625 0.36718721875 0.3046873375 0.3687503765625 0.3046873375 0.40312481250000004 0.30625 0.40468721875 0.30625 0.4062503765625 0.3125 0.4125 0.3125 0.41406240624999996 0.3156246734375 0.41718721875 0.3531246734375 0.41718721875 0.35468733750000003 0.41562481250000005 0.35625 0.41562481250000005 0.3656253265625 0.4062503765625 0.3656253265625 0.39531278125 0.3609373375 0.3906248125 0.3609373375 0.38906240625 0.35937532656250004 0.3875 0.3578126625 0.3875 0.35625 0.38593759375 0.35468733750000003 0.38593759375 0.3515626625 0.38281278125 0.35 0.38281278125 0.3484373375 0.3812503765625 0.3468746734375 0.3812503765625 0.3421873375 0.37656240625000004 0.3421873375 0.37031278125 0.34062467343749997 0.3687503765625 0.3390626625 0.3687503765625 0.3375 0.36718721875 0.3375 0.3656248125 0.3359373375 0.36406240625 0.3359373375 0.3625 0.3343753265625 0.36093759375 0.3109373375 0.36093759375 0.30937467343749997 0.3625 0.3078126625 0.3625 0.30625 0.36406240625 0.30625 0.36718721875
31 0.60625 0.27656240625 0.6046873374999999 0.2781248125 0.6046873374999999 0.3125 0.6093753265624999 0.31718721875 0.6406253265624999 0.31718721875 0.6421873375 0.31562481249999996 0.6421873375 0.3125 0.6453126625000001 0.30937518750000004 0.6453126625000001 0.29218721875 0.6421873375 0.28906240625 0.6421873375 0.28593759375 0.64375 0.2843751875 0.6421873375 0.28281278125 0.6421873375 0.275 0.6406253265624999 0.27343759375 0.6406253265624999 0.2718751875 0.6359373374999999 0.26718721875 0.6359373374999999 0.2656248125 0.6328126625 0.2625 0.63125 0.2625 0.6296873374999999 0.26093759375 0.6140626625000001 0.26093759375 0.6125 0.2625 0.6125 0.26406240625 0.60625 0.27031278125 0.60625 0.27656240625
28 0.6640626625 0.55156240625 0.6640626625 0.5531248125 0.6625 0.55468721875 0.6609373374999999 0.55468721875 0.6593746734375 0.5562503765625 0.6578126625 0.5562503765625 0.65625 0.55781278125 0.65625 0.5593751874999999 0.6531246734375 0.5625 0.6515626625000001 0.5625 0.65 0.5640624062499999 0.65 0.5656248125000001 0.6468746734375 0.5687503765625 0.64375 0.5687503765625 0.6421873375 0.57031278125 0.6390626625 0.57031278125 0.6390626625 0.5718751875 0.6375 0.57343759375 0.6359373374999999 0.57343759375 0.6343746734375 0.575 0.6328126625 0.575 0.63125 0.57656240625 0.63125 0.5812503765625 0.6296873374999999 0.58281278125 0.6296873374999999 0.59218721875 0.63125 0.5937503765625001 0.63125 0.59531278125 0.6359373374999999 0.59531278125 0.6375 0.5937503765625001 0.6390626625 0.5937503765625001 0.6406253265624999 0.59218721875 0.6484373375 0.59218721875 0.65 0.5906248125 0.6515626625000001 0.5906248125 0.65625 0.58593759375 0.6578126625 0.58593759375 0.6640626625 0.57968721875 0.6656246734375 0.57968721875 0.6718753265624999 0.57343759375 0.675 0.57343759375 0.6765626625000001 0.5718751875 0.6781246734375 0.5718751875 0.6828126625000001 0.56718721875 0.6843753265625 0.56718721875 0.6859373375 0.5656248125000001 0.6859373375 0.5640624062499999 0.6890626625 0.5609375937500001 0.69375 0.5609375937500001 0.6953126625 0.5593751874999999 0.6968746734375 0.5593751874999999 0.6968746734375 0.54531278125 0.675 0.54531278125 0.6703126625 0.55 0.6671873374999999 0.55 0.6656246734375 0.55156240625 0.6640626625 0.55156240625
25 0.8125 0.5531248125 0.8093753265625001 0.5562503765625 0.8078126625 0.5562503765625 0.80625 0.55781278125 0.8046873375000001 0.55781278125 0.8 0.5625 0.7984373375 0.5625 0.7968753265624999 0.5640624062499999 0.7953126625 0.5640624062499999 0.7906246734375 0.5687503765625 0.7890626625 0.5687503765625 0.7828126625 0.575 0.7796873375 0.575 0.7781253265625 0.57656240625 0.7765626625000001 0.57656240625 0.7765626625000001 0.59218721875 0.7921873374999999 0.59218721875 0.79375 0.5906248125 0.7968753265624999 0.5906248125 0.7968753265624999 0.58906240625 0.7984373375 0.5875 0.8 0.5875 0.8015626625 0.58593759375 0.8031246734374999 0.58593759375 0.8046873375000001 0.5843751875 0.8046873375000001 0.58281278125 0.8078126625 0.57968721875 0.8109373375000001 0.57968721875 0.8125 0.5781248125 0.8140626624999999 0.5781248125 0.8171873375 0.575 0.81875 0.575 0.8203126624999999 0.57343759375 0.8218746734375 0.57343759375 0.8281253265625 0.56718721875 0.8328126625 0.56718721875 0.8390626625 0.5609375937500001 0.8406253265625001 0.5609375937500001 0.8421873375000001 0.5593751874999999 0.8421873375000001 0.5468751875 0.81875 0.5468751875 0.8156246734374999 0.55 0.8140626624999999 0.55 0.8125 0.55156240625 0.8125 0.5531248125
28 0.5078126625 0.42968721875 0.5093746734375 0.42968721875 0.5156253265624999 0.43593759375 0.5203126625000001 0.43593759375 0.5265626625000001 0.44218721875 0.5281246734375 0.44218721875 0.53125 0.44531278125 0.53125 0.4468751875 0.5328126625 0.44843759375000003 0.5468753265624999 0.44843759375000003 0.5484373375 0.4468751875 0.5484373375 0.43281278125 0.5468753265624999 0.43125037656250004 0.5453126625 0.43125037656250004 0.5390626625 0.425 0.5375 0.425 0.5328126625 0.42031278125 0.53125 0.42031278125 0.5281246734375 0.41718721875 0.5265626625000001 0.41718721875 0.525 0.41562481250000005 0.525 0.41406240624999996 0.5234373375 0.41406240624999996 0.5218753265625 0.4125 0.5031246734375 0.4125 0.5031246734375 0.42343759375 0.50625 0.42656240624999997 0.50625 0.4281248125 0.5078126625 0.42968721875
28 0.5203126625000001 0.25781278125 0.5156253265624999 0.2625 0.5140626625 0.2625 0.5125 0.26406240625 0.5125 0.2656248125 0.5093746734375 0.2687503765625 0.5078126625 0.2687503765625 0.5031246734375 0.27343759375 0.5015626625 0.27343759375 0.5 0.275 0.4968746734375 0.275 0.49062532656249996 0.28125037656249996 0.4890626625 0.28125037656249996 0.4875 0.28281278125 0.4875 0.2843751875 0.48593733749999996 0.28593759375 0.48593733749999996 0.3 0.4875 0.30156240625 0.4875 0.3031248125 0.49375 0.3031248125 0.4968746734375 0.3 0.49843733749999997 0.3 0.5 0.29843759375 0.5031246734375 0.29843759375 0.5046873374999999 0.2968751875 0.50625 0.2968751875 0.5093746734375 0.29375037656249997 0.5109373374999999 0.29375037656249997 0.5125 0.29218721875 0.5140626625 0.29218721875 0.5203126625000001 0.28593759375 0.5218753265625 0.28593759375 0.5281246734375 0.27968721875 0.5328126625 0.27968721875 0.5390626625 0.27343759375 0.5406246734375 0.27343759375 0.5421873374999999 0.2718751875 0.5421873374999999 0.27031278125 0.5453126625 0.26718721875 0.5468753265624999 0.26718721875 0.5484373375 0.2656248125 0.5484373375 0.25312481249999996 0.5296873375 0.25312481249999996 0.5265626625000001 0.2562503765625 0.5234373375 0.2562503765625 0.5218753265625 0.25781278125 0.5203126625000001 0.25781278125
25 0.6328126625 0.41718721875 0.6343746734375 0.41718721875 0.6359373374999999 0.4187503765625 0.6375 0.4187503765625 0.6406253265624999 0.42187518749999997 0.6421873375 0.42187518749999997 0.64375 0.42343759375 0.6468746734375 0.42343759375 0.65 0.42656240624999997 0.65 0.4281248125 0.6515626625000001 0.42968721875 0.6531246734375 0.42968721875 0.65625 0.43281278125 0.65625 0.4343751875 0.6578126625 0.43593759375 0.6640626625 0.43593759375 0.66875 0.4406248125 0.675 0.4406248125 0.6765626625000001 0.43906240625 0.6765626625000001 0.42187518749999997 0.6734373375 0.4187503765625 0.6703126625 0.4187503765625 0.6671873374999999 0.41562481250000005 0.6671873374999999 0.41406240624999996 0.6656246734375 0.4125 0.6640626625 0.4125 0.6609373374999999 0.40937518749999996 0.6609373374999999 0.40781278125 0.6593746734375 0.4062503765625 0.6546873375 0.4062503765625 0.6531246734375 0.40468721875 0.6515626625000001 0.40468721875 0.65 0.40312481250000004 0.65 0.40156240624999995 0.6484373375 0.40156240624999995 0.6468746734375 0.4 0.6343746734375 0.4 0.63125 0.3968751875 0.6296873374999999 0.3968751875 0.6296873374999999 0.41093759375000005 0.63125 0.4125 0.63125 0.41562481250000005 0.6328126625 0.41718721875
25 0.70625 0.5593751874999999 0.7078126625000001 0.5609375937500001 0.7093746734375 0.5609375937500001 0.7125 0.5640624062499999 0.7125 0.5656248125000001 0.7140626625000001 0.56718721875 0.7156253265625 0.56718721875 0.7218746734375 0.57343759375 0.7265626625 0.57343759375 0.7328126625 0.57968721875 0.7343753265624999 0.57968721875 0.7375 0.58281278125 0.7375 0.5843751875 0.7390626625000001 0.58593759375 0.7421873375 0.58593759375 0.7468753265625 0.5906248125 0.7484373375 0.5906248125 0.75 0.59218721875 0.7656253265624999 0.59218721875 0.7671873375 0.5906248125 0.7671873375 0.57656240625 0.7656253265624999 0.575 0.7625 0.575 0.7609373374999999 0.57343759375 0.7593746734375 0.57343759375 0.75625 0.57031278125 0.7546873374999999 0.57031278125 0.7531246734375 0.5687503765625 0.7515626625 0.5687503765625 0.7453126625000001 0.5625 0.74375 0.5625 0.7421873375 0.5609375937500001 0.7406246734375 0.5609375937500001 0.7375 0.55781278125 0.7359373375 0.55781278125 0.7343753265624999 0.5562503765625 0.7328126625 0.5562503765625 0.7296873374999999 0.5531248125 0.7296873374999999 0.55156240625 0.7281246734375 0.55 0.725 0.55 0.7218746734375 0.5468751875 0.7031253265624999 0.5468751875 0.7046873375 0.54843759375 0.7046873375 0.55156240625 0.70625 0.5531248125 0.70625 0.5593751874999999
31 0.7531246734375 0.275 0.7515626625 0.275 0.7515626625 0.31562481249999996 0.7531246734375 0.31718721875 0.7890626625 0.31718721875 0.7921873374999999 0.31406240625000004 0.7921873374999999 0.28125037656249996 0.7906246734375 0.27968721875 0.7906246734375 0.2781248125 0.7859373374999999 0.27343759375 0.7859373374999999 0.2718751875 0.7796873375 0.2656248125 0.7796873375 0.2625 0.7781253265625 0.26093759375 0.7625 0.26093759375 0.7625 0.2625 0.75625 0.2687503765625 0.75625 0.2718751875 0.7531246734375 0.275
12 0.38593733750000003 0.70468721875 0.3875 0.7062503765625 0.39062532656250004 0.7062503765625 0.3921873375 0.70468721875 0.4 0.70468721875 0.40156266250000006 0.7031248125 0.40468733749999997 0.7031248125 0.40625 0.70468721875 0.42812532656249996 0.70468721875 0.4343746734375 0.69843759375 0.4343746734375 0.6437503765625 0.4296873375 0.6437503765625 0.42812532656249996 0.64218721875 0.38125 0.64218721875 0.3796873375 0.6437503765625 0.3796873375 0.7031248125 0.38125 0.70468721875 0.38593733750000003 0.70468721875
11 0.45468733749999996 0.8484375937499999 0.45625 0.8484375937499999 0.4578126625 0.85 0.46406266250000006 0.85 0.4656246734375 0.85156240625 0.47343733749999994 0.85156240625 0.475 0.8531248124999999 0.49531266250000006 0.8531248124999999 0.4968746734375 0.85156240625 0.49843733749999997 0.85156240625 0.5 0.85 0.5015626625 0.85 0.5046873374999999 0.8468751875 0.5046873374999999 0.78906240625 0.5031246734375 0.7875 0.45625 0.7875 0.45468733749999996 0.78906240625 0.4531253265625 0.78906240625 0.4531253265625 0.8468751875 0.45468733749999996 0.8484375937499999
26 0.125 0.5640624062499999 0.125 0.5656248125000001 0.12656266249999998 0.5656248125000001 0.1343753265625 0.57343759375 0.1390626625 0.57343759375 0.1453126625 0.57968721875 0.1468746734375 0.57968721875 0.1515626625 0.5843751875 0.1531246734375 0.5843751875 0.15468733750000002 0.58593759375 0.15781266249999998 0.58593759375 0.1593746734375 0.5875 0.1609373375 0.5875 0.1625 0.58906240625 0.1625 0.5906248125 0.16406266249999998 0.59218721875 0.1781246734375 0.59218721875 0.17968733750000002 0.5906248125 0.18125 0.5906248125 0.18125 0.5875 0.1828126625 0.58593759375 0.1828126625 0.5781248125 0.18125 0.57656240625 0.18125 0.575 0.17968733750000002 0.57343759375 0.17968733750000002 0.57031278125 0.1781246734375 0.5687503765625 0.1765626625 0.5687503765625 0.175 0.56718721875 0.1734373375 0.56718721875 0.17187532656249999 0.5656248125000001 0.17187532656249999 0.5640624062499999 0.16875 0.5640624062499999 0.1671873375 0.5625 0.16406266249999998 0.5625 0.15781266249999998 0.5562503765625 0.15625 0.5562503765625 0.1515626625 0.55156240625 0.15 0.55156240625 0.14843733750000002 0.55 0.1453126625 0.55 0.1421873375 0.5468751875 0.11875 0.5468751875 0.11875 0.5593751874999999 0.12031266249999999 0.5609375937500001 0.1218746734375 0.5609375937500001 0.125 0.5640624062499999
33 0.39062532656250004 0.7531248125000001 0.3921873375 0.7531248125000001 0.39375 0.75468721875 0.4 0.75468721875 0.40156266250000006 0.7562503765625 0.4140626625 0.7562503765625 0.41562467343750004 0.75468721875 0.4171873375 0.75468721875 0.42343733749999996 0.7484375937500001 0.42343733749999996 0.7218751875 0.425 0.72031278125 0.425 0.71406240625 0.42343733749999996 0.7125 0.42343733749999996 0.70781278125 0.4218753265625 0.7062503765625 0.4218753265625 0.70468721875 0.42031266250000004 0.7031248125 0.39375 0.7031248125 0.3890626625 0.70781278125 0.3875 0.70781278125 0.3875 0.75 0.39062532656250004 0.7531248125000001
25 0.775 0.40937518749999996 0.7765626625000001 0.40937518749999996 0.78125 0.41406240624999996 0.78125 0.41562481250000005 0.7828126625 0.41718721875 0.7843746734375 0.41718721875 0.7875 0.42031278125 0.7875 0.42187518749999997 0.7890626625 0.42343759375 0.7906246734375 0.42343759375 0.79375 0.42656240624999997 0.79375 0.4281248125 0.7953126625 0.42968721875 0.7968753265624999 0.42968721875 0.8031246734374999 0.43593759375 0.8093753265625001 0.43593759375 0.8109373375000001 0.4375 0.8125 0.4375 0.8140626624999999 0.43906240625 0.8156246734374999 0.43906240625 0.8171873375 0.4375 0.8171873375 0.4343751875 0.81875 0.43281278125 0.81875 0.42031278125 0.8171873375 0.42031278125 0.8156246734374999 0.4187503765625 0.8140626624999999 0.4187503765625 0.8109373375000001 0.41562481250000005 0.8109373375000001 0.41406240624999996 0.8093753265625001 0.4125 0.8078126625 0.4125 0.8046873375000001 0.40937518749999996 0.8046873375000001 0.40781278125 0.8031246734374999 0.4062503765625 0.7984373375 0.4062503765625 0.7968753265624999 0.40468721875 0.7953126625 0.40468721875 0.7906246734375 0.4 0.78125 0.4 0.7796873375 0.40156240624999995 0.7781253265625 0.40156240624999995 0.7765626625000001 0.40312481250000004 0.775 0.40312481250000004 0.7734373375 0.40156240624999995 0.7734373375 0.40312481250000004 0.775 0.40468721875 0.775 0.40937518749999996
26 0.3703126625 0.43593759375 0.3734373375 0.43593759375 0.375 0.4375 0.3765626625 0.4375 0.38125 0.44218721875 0.3828126625 0.44218721875 0.3890626625 0.44843759375000003 0.4031246734375 0.44843759375000003 0.4031246734375 0.42968721875 0.40156266250000006 0.42968721875 0.4 0.4281248125 0.4 0.42656240624999997 0.3875 0.41406240624999996 0.38593733750000003 0.41406240624999996 0.3843746734375 0.4125 0.3781246734375 0.4125 0.3765626625 0.41093759375000005 0.35625 0.41093759375000005 0.35625 0.42343759375 0.3625 0.42968721875 0.36406266249999997 0.42968721875 0.3703126625 0.43593759375
12 0.6 0.2125 0.5984373374999999 0.21406240625 0.5984373374999999 0.25 0.6 0.25156240625000004 0.6 0.2656248125 0.6015626625 0.26718721875 0.6156246734375 0.26718721875 0.6203126625000001 0.2625 0.625 0.2625 0.6265626625 0.26406240625 0.6281246734375 0.26406240625 0.63125 0.26718721875 0.6328126625 0.26718721875 0.6375 0.2718751875 0.6468746734375 0.2718751875 0.6515626625000001 0.26718721875 0.6531246734375 0.26718721875 0.6531246734375 0.20625037656249998 0.6515626625000001 0.20625037656249998 0.65 0.20468721875 0.6046873374999999 0.20468721875 0.6031246734375 0.20625037656249998 0.6015626625 0.20625037656249998 0.6 0.20781278125 0.6 0.2125
26 0.2796873375 0.2781248125 0.28125 0.2781248125 0.2828126625 0.27968721875 0.28437532656250003 0.27968721875 0.2875 0.28281278125 0.2875 0.2843751875 0.2890626625 0.28593759375 0.29218733750000003 0.28593759375 0.29375 0.2875 0.2953126625 0.2875 0.2984373375 0.2906248125 0.3 0.2906248125 0.30156266249999997 0.29218721875 0.3031246734375 0.29218721875 0.30625 0.29531278125 0.30625 0.2968751875 0.3078126625 0.29843759375 0.3109373375 0.29843759375 0.3125 0.3 0.3156246734375 0.3 0.3171873375 0.30156240625 0.3171873375 0.3031248125 0.31875 0.3031248125 0.3203126625 0.30468721875 0.32812532656250004 0.30468721875 0.3296873375 0.3031248125 0.3296873375 0.2875 0.325 0.28281278125 0.32343733750000003 0.28281278125 0.3218746734375 0.28125037656249996 0.3203126625 0.28125037656249996 0.3171873375 0.2781248125 0.3171873375 0.27656240625 0.3156246734375 0.275 0.3140626625 0.275 0.3078126625 0.2687503765625 0.3046873375 0.2687503765625 0.3031246734375 0.26718721875 0.30156266249999997 0.26718721875 0.29687532656250004 0.2625 0.2765626625 0.2625 0.2765626625 0.2718751875 0.27812467343749997 0.27343759375 0.27812467343749997 0.27656240625 0.2796873375 0.2781248125
26 0.1984373375 0.5687503765625 0.19531266249999998 0.5718751875 0.19531266249999998 0.59218721875 0.20625 0.59218721875 0.2078126625 0.5906248125 0.2093746734375 0.5906248125 0.21093733750000002 0.58906240625 0.2125 0.58906240625 0.2140626625 0.5875 0.21562467343749997 0.5875 0.21718733750000002 0.58593759375 0.21875 0.58593759375 0.23125 0.57343759375 0.2328126625 0.57343759375 0.2359373375 0.57031278125 0.2359373375 0.56718721875 0.2375 0.5656248125000001 0.2375 0.5640624062499999 0.2390626625 0.5625 0.2406246734375 0.5625 0.24218733750000002 0.5609375937500001 0.24218733750000002 0.5562503765625 0.2140626625 0.5562503765625 0.2078126625 0.5625 0.20625 0.5625 0.2 0.5687503765625 0.1984373375 0.5687503765625
26 0.425 0.27656240625 0.425 0.2781248125 0.4265626625 0.27968721875 0.42812532656249996 0.27968721875 0.43281266250000006 0.2843751875 0.4343746734375 0.2843751875 0.43593733749999997 0.28593759375 0.4406246734375 0.28593759375 0.44375 0.28906240625 0.44375 0.2906248125 0.4453126625 0.29218721875 0.44687467343750004 0.29218721875 0.45 0.29531278125 0.45 0.2968751875 0.45156266250000004 0.29843759375 0.45468733749999996 0.29843759375 0.45625 0.3 0.4578126625 0.3 0.45937532656249996 0.30156240625 0.47031266250000003 0.30156240625 0.47343733749999994 0.29843759375 0.47343733749999994 0.28281278125 0.4718746734375 0.28125037656249996 0.46875 0.28125037656249996 0.46406266250000006 0.27656240625 0.4625 0.27656240625 0.4609373375 0.275 0.45937532656249996 0.275 0.4578126625 0.27343759375 0.45625 0.27343759375 0.45468733749999996 0.2718751875 0.45468733749999996 0.27031278125 0.4531253265625 0.2687503765625 0.45156266250000004 0.2687503765625 0.45 0.26718721875 0.4484373375 0.26718721875 0.4453126625 0.26406240625 0.44375 0.26406240625 0.44218733749999994 0.2625 0.4218753265625 0.2625 0.4218753265625 0.2718751875 0.42343733749999996 0.27343759375 0.42343733749999996 0.275 0.425 0.27656240625
28 0.5781253265624999 0.57343759375 0.58125 0.57343759375 0.5828126625000001 0.575 0.5843753265625 0.575 0.5890626625000001 0.57968721875 0.5906246734375 0.57968721875 0.59375 0.58281278125 0.59375 0.5843751875 0.5953126625 0.58593759375 0.5984373374999999 0.58593759375 0.6031246734375 0.5906248125 0.6046873374999999 0.5906248125 0.60625 0.59218721875 0.6109373375 0.59218721875 0.6125 0.5937503765625001 0.6140626625000001 0.5937503765625001 0.6156246734375 0.59531278125 0.6171873375 0.5937503765625001 0.6203126625000001 0.5937503765625001 0.6218746734375 0.59218721875 0.6234373375 0.59218721875 0.6234373375 0.58281278125 0.6156246734375 0.575 0.6140626625000001 0.575 0.6109373375 0.5718751875 0.6109373375 0.57031278125 0.6093753265624999 0.5687503765625 0.6078126625 0.5687503765625 0.6031246734375 0.5640624062499999 0.6015626625 0.5640624062499999 0.6 0.5625 0.5984373374999999 0.5625 0.5968746734375 0.5609375937500001 0.5953126625 0.5609375937500001 0.59375 0.5593751874999999 0.59375 0.55781278125 0.5921873375 0.5562503765625 0.5906246734375 0.5562503765625 0.5890626625000001 0.55468721875 0.56875 0.55468721875 0.56875 0.5656248125000001 0.5703126625 0.56718721875 0.5718746734375 0.56718721875 0.5781253265624999 0.57343759375
13 0.7484373375 0.4968751875 0.7484373375 0.5593751874999999 0.7984373375 0.5593751874999999 0.7984373375 0.4968751875 0.7484373375 0.4968751875
31 0.6796873375 0.12812481250000002 0.6781246734375 0.12968721875 0.6781246734375 0.16718721875 0.6828126625000001 0.1718751875 0.7093746734375 0.1718751875 0.7140626625000001 0.16718721875 0.7156253265625 0.16718721875 0.7171873375 0.1656248125 0.7171873375 0.1625 0.7203126625 0.1593751875 0.7203126625 0.14531278125 0.71875 0.1437503765625 0.71875 0.1406248125 0.7171873375 0.13906240625 0.7171873375 0.13281278125 0.7093746734375 0.125 0.7078126625000001 0.125 0.7046873375 0.1218751875 0.7046873375 0.12031278125 0.7031253265624999 0.11875037656250001 0.7015626625 0.11875037656250001 0.6984373374999999 0.11562481250000001 0.6859373375 0.11562481250000001 0.68125 0.12031278125 0.68125 0.125 0.6796873375 0.12656240624999998 0.6796873375 0.12812481250000002
26 0.2890626625 0.57343759375 0.2906246734375 0.57343759375 0.29375 0.57656240625 0.29375 0.5781248125 0.2953126625 0.57968721875 0.29687532656250004 0.57968721875 0.3031246734375 0.58593759375 0.3046873375 0.58593759375 0.30625 0.5875 0.3078126625 0.5875 0.3109373375 0.5906248125 0.3125 0.5906248125 0.3140626625 0.59218721875 0.3265626625 0.59218721875 0.3265626625 0.57343759375 0.3156246734375 0.5625 0.3109373375 0.5625 0.30937467343749997 0.5609375937500001 0.3078126625 0.5609375937500001 0.3031246734375 0.5562503765625 0.2796873375 0.5562503765625 0.2796873375 0.5625 0.28125 0.5640624062499999 0.28125 0.5656248125000001 0.2890626625 0.57343759375
32 0.39375 0.22187518750000002 0.3875 0.2281248125 0.3875 0.24375037656249998 0.38593733750000003 0.24531278125 0.38593733750000003 0.26093759375 0.3875 0.2625 0.3875 0.26406240625 0.39062532656250004 0.26718721875 0.3968753265625 0.26718721875 0.3984373375 0.2687503765625 0.4171873375 0.2687503765625 0.41875 0.26718721875 0.4218753265625 0.26718721875 0.42343733749999996 0.2656248125 0.42343733749999996 0.26406240625 0.4265626625 0.26093759375 0.42812532656249996 0.26093759375 0.42812532656249996 0.23437518750000003 0.425 0.23125037656249997 0.425 0.22968721875 0.42343733749999996 0.2281248125 0.42343733749999996 0.22656240625000001 0.4218753265625 0.225 0.42031266250000004 0.225 0.4171873375 0.22187518750000002 0.4171873375 0.22031278125 0.4140626625 0.21718721875 0.3984373375 0.21718721875 0.3968753265625 0.2187503765625 0.39531266249999997 0.2187503765625 0.39375 0.22031278125 0.39375 0.22187518750000002
26 0.35625 0.5609375937500001 0.35468733750000003 0.5625 0.3515626625 0.5625 0.35 0.5640624062499999 0.35 0.5656248125000001 0.3468746734375 0.5687503765625 0.3453126625 0.5687503765625 0.34375 0.57031278125 0.34375 0.5718751875 0.3421873375 0.57343759375 0.3421873375 0.5937503765625001 0.35 0.5937503765625001 0.3515626625 0.59218721875 0.3578126625 0.59218721875 0.36406266249999997 0.58593759375 0.3656253265625 0.58593759375 0.3734373375 0.5781248125 0.375 0.5781248125 0.375 0.57656240625 0.3765626625 0.575 0.3781246734375 0.575 0.38125 0.5718751875 0.3828126625 0.5718751875 0.3843746734375 0.57031278125 0.3843746734375 0.5687503765625 0.38593733750000003 0.56718721875 0.38593733750000003 0.5656248125000001 0.3875 0.5640624062499999 0.3875 0.5625 0.3890626625 0.5609375937500001 0.3890626625 0.5562503765625 0.36406266249999997 0.5562503765625 0.3625 0.55781278125 0.3609373375 0.55781278125 0.3578126625 0.5609375937500001 0.35625 0.5609375937500001
27 0.38125 0.8406248125 0.3781246734375 0.8437503765625 0.37187467343749997 0.8437503765625 0.35937532656250004 0.8562503765624999 0.3578126625 0.8562503765624999 0.3578126625 0.8781248125 0.36406266249999997 0.8781248125 0.36406266249999997 0.87656240625 0.3656253265625 0.875 0.3671873375 0.875 0.36875 0.87343759375 0.37187467343749997 0.87343759375 0.3734373375 0.8718751875 0.3734373375 0.87031278125 0.3765626625 0.86718721875 0.3828126625 0.86718721875 0.3890626625 0.8609375937499999 0.39062532656250004 0.8609375937499999 0.3921873375 0.8593751875000001 0.3921873375 0.85781278125 0.39531266249999997 0.85468721875 0.3968753265625 0.85468721875 0.3984373375 0.8531248124999999 0.3984373375 0.85156240625 0.40156266250000006 0.8484375937499999 0.4031246734375 0.8484375937499999 0.4031246734375 0.83593759375 0.38593733750000003 0.83593759375 0.3843746734375 0.8375 0.3828126625 0.8375 0.38125 0.8390624062500001 0.38125 0.8406248125
29 0.5703126625 0.16718721875 0.56875 0.1687503765625 0.56875 0.1718751875 0.5625 0.1781248125 0.5625 0.20468721875 0.5656246734375 0.20468721875 0.56875 0.20781278125 0.56875 0.21093759374999999 0.5703126625 0.2125 0.5703126625 0.21406240625 0.5718746734375 0.21562481249999998 0.5734373374999999 0.21562481249999998 0.575 0.21718721875 0.5890626625000001 0.21718721875 0.6046873374999999 0.20156240625000002 0.6046873374999999 0.1968751875 0.6031246734375 0.19531278125 0.6031246734375 0.1937503765625 0.5984373374999999 0.18906240624999998 0.5984373374999999 0.18437518749999998 0.5921873375 0.1781248125 0.5921873375 0.17031278125 0.5843753265625 0.1625 0.575 0.1625 0.5734373374999999 0.16406240625 0.5718746734375 0.16406240625 0.5703126625 0.1656248125 0.5703126625 0.16718721875
25 0.6703126625 0.2562503765625 0.66875 0.25781278125 0.66875 0.2593751875 0.6656246734375 0.2625 0.6640626625 0.2625 0.6578126625 0.2687503765625 0.65625 0.2687503765625 0.6546873375 0.27031278125 0.6546873375 0.2718751875 0.6531246734375 0.27343759375 0.6515626625000001 0.27343759375 0.6484373375 0.27656240625 0.6484373375 0.29375037656249997 0.65625 0.29375037656249997 0.6578126625 0.29218721875 0.6593746734375 0.29218721875 0.6609373374999999 0.2906248125 0.6625 0.2906248125 0.6656246734375 0.2875 0.6671873374999999 0.2875 0.66875 0.28593759375 0.6718753265624999 0.28593759375 0.6734373375 0.2843751875 0.6734373375 0.28281278125 0.6765626625000001 0.27968721875 0.6781246734375 0.27968721875 0.6796873375 0.2781248125 0.6796873375 0.27656240625 0.6828126625000001 0.27343759375 0.6890626625 0.27343759375 0.69375 0.2687503765625 0.69375 0.26718721875 0.6953126625 0.2656248125 0.6953126625 0.25156240625000004 0.6796873375 0.25156240625000004 0.6765626625000001 0.25468721875 0.675 0.25468721875 0.6734373375 0.2562503765625 0.6703126625 0.2562503765625
27 0.34375 0.7093751875 0.3453126625 0.71093759375 0.3468746734375 0.71093759375 0.35468733750000003 0.7187503765625001 0.35625 0.7187503765625001 0.3578126625 0.72031278125 0.3578126625 0.7218751875 0.35937532656250004 0.7218751875 0.3609373375 0.72343759375 0.3656253265625 0.72343759375 0.36875 0.72656240625 0.36875 0.7281248125 0.3703126625 0.72968721875 0.3781246734375 0.72968721875 0.38125 0.72656240625 0.38125 0.7125 0.3796873375 0.71093759375 0.3796873375 0.70781278125 0.3781246734375 0.7062503765625 0.375 0.7062503765625 0.3734373375 0.70468721875 0.37187467343749997 0.70468721875 0.3671873375 0.7 0.3656253265625 0.7 0.35937532656250004 0.6937503765625 0.3578126625 0.6937503765625 0.35625 0.69218721875 0.3390626625 0.69218721875 0.3390626625 0.70468721875 0.34062467343749997 0.70468721875 0.34375 0.70781278125 0.34375 0.7093751875
25 0.7453126625000001 0.40156240624999995 0.7406246734375 0.4062503765625 0.7390626625000001 0.4062503765625 0.7375 0.40781278125 0.7375 0.40937518749999996 0.7343753265624999 0.4125 0.7328126625 0.4125 0.73125 0.41406240624999996 0.73125 0.41562481250000005 0.7296873374999999 0.41718721875 0.7281246734375 0.41718721875 0.7265626625 0.4187503765625 0.7218746734375 0.4187503765625 0.7203126625 0.42031278125 0.7203126625 0.4406248125 0.7296873374999999 0.4406248125 0.7296873374999999 0.43906240625 0.7328126625 0.43593759375 0.7375 0.43593759375 0.7390626625000001 0.4343751875 0.7406246734375 0.4343751875 0.7406246734375 0.43281278125 0.7421873375 0.43125037656250004 0.74375 0.43125037656250004 0.7453126625000001 0.42968721875 0.7468753265625 0.42968721875 0.7484373375 0.4281248125 0.7484373375 0.42656240624999997 0.7515626625 0.42343759375 0.7531246734375 0.42343759375 0.7546873374999999 0.42187518749999997 0.75625 0.42187518749999997 0.7609373374999999 0.41718721875 0.7640626625 0.41718721875 0.7671873375 0.41406240624999996 0.7671873375 0.40781278125 0.76875 0.4062503765625 0.76875 0.39843759375 0.7531246734375 0.39843759375 0.7515626625 0.4 0.7484373375 0.4 0.7468753265625 0.40156240624999995 0.7453126625000001 0.40156240624999995
16 0.5484373375 0.7031248125 0.55 0.70156240625 0.5531253265625 0.70156240625 0.5546873375 0.7031248125 0.55625 0.7031248125 0.5578126625000001 0.70468721875 0.5781253265624999 0.70468721875 0.5796873375 0.7031248125 0.5796873375 0.64531278125 0.5781253265624999 0.6437503765625 0.5703126625 0.6437503765625 0.56875 0.64218721875 0.5265626625000001 0.64218721875 0.5265626625000001 0.70468721875 0.5421873374999999 0.70468721875 0.54375 0.7031248125 0.5484373375 0.7031248125
25 0.8484373375 0.5375 0.85 0.53593759375 0.85 0.5343751875 0.8515626624999999 0.53281278125 0.8515626624999999 0.49218721875 0.85 0.4906248125 0.85 0.4875 0.8515626624999999 0.48593759375 0.8515626624999999 0.4812503765625 0.85 0.47968721875 0.85 0.47812481250000005 0.8515626624999999 0.47656240624999996 0.8515626624999999 0.46718721875 0.8390626625 0.46718721875 0.8390626625 0.54218721875 0.8468746734374999 0.54218721875 0.8484373375 0.5406248125 0.8484373375 0.5375
28 0.4843753265625 0.3062503765625 0.48281266250000004 0.30468721875 0.47343733749999994 0.30468721875 0.47343733749999994 0.3593751875 0.475 0.36093759375 0.4843753265625 0.36093759375 0.4843753265625 0.3062503765625
13 0.3578126625 0.5593751874999999 0.35937532656250004 0.5593751874999999 0.35937532656250004 0.55781278125 0.3609373375 0.5562503765625 0.3609373375 0.4968751875 0.35937532656250004 0.49531278125 0.3078126625 0.49531278125 0.3078126625 0.5593751874999999 0.30937467343749997 0.5609375937500001 0.35625 0.5609375937500001 0.3578126625 0.5593751874999999
27 0.3046873375 0.69531278125 0.3046873375 0.6968751875 0.3031246734375 0.69843759375 0.30156266249999997 0.69843759375 0.3 0.7 0.29687532656250004 0.7 0.2906246734375 0.7062503765625 0.2890626625 0.7062503765625 0.2875 0.70781278125 0.2875 0.7093751875 0.28437532656250003 0.7125 0.28437532656250003 0.73281278125 0.2859373375 0.73281278125 0.2875 0.7312503765625 0.2906246734375 0.7312503765625 0.29218733750000003 0.72968721875 0.2953126625 0.72968721875 0.30156266249999997 0.72343759375 0.3031246734375 0.72343759375 0.30937467343749997 0.71718721875 0.3109373375 0.71718721875 0.3140626625 0.71406240625 0.3156246734375 0.71406240625 0.31875 0.71093759375 0.3218746734375 0.71093759375 0.32343733750000003 0.7093751875 0.32343733750000003 0.70781278125 0.3265626625 0.70468721875 0.32812532656250004 0.70468721875 0.3296873375 0.7031248125 0.3296873375 0.6906248125000001 0.3140626625 0.6906248125000001 0.3109373375 0.6937503765625 0.3078126625 0.6937503765625 0.30625 0.69531278125 0.3046873375 0.69531278125
27 0.5906246734375 0.7 0.5843753265625 0.7062503765625 0.5828126625000001 0.7062503765625 0.58125 0.70781278125 0.58125 0.7093751875 0.5796873375 0.71093759375 0.5796873375 0.7343751875 0.5843753265625 0.7343751875 0.5890626625000001 0.72968721875 0.5906246734375 0.72968721875 0.5921873375 0.7281248125 0.5921873375 0.72656240625 0.5953126625 0.72343759375 0.5968746734375 0.72343759375 0.6031246734375 0.71718721875 0.6046873374999999 0.71718721875 0.6093753265624999 0.7125 0.6109373375 0.7125 0.6125 0.71093759375 0.6156246734375 0.71093759375 0.6171873375 0.7093751875 0.6171873375 0.70781278125 0.6203126625000001 0.70468721875 0.6218746734375 0.70468721875 0.6234373375 0.7031248125 0.6234373375 0.6906248125000001 0.6078126625 0.6906248125000001 0.6046873374999999 0.6937503765625 0.6015626625 0.6937503765625 0.5953126625 0.7 0.5906246734375 0.7
27 0.6328126625 0.70468721875 0.6343746734375 0.70468721875 0.6375 0.70781278125 0.6375 0.7093751875 0.6390626625 0.71093759375 0.6406253265624999 0.71093759375 0.6531246734375 0.72343759375 0.6546873375 0.72343759375 0.65625 0.725 0.6578126625 0.725 0.6609373374999999 0.7281248125 0.6625 0.7281248125 0.6640626625 0.72968721875 0.6718753265624999 0.72968721875 0.6734373375 0.7281248125 0.6734373375 0.70781278125 0.6718753265624999 0.70781278125 0.6703126625 0.7062503765625 0.6640626625 0.7062503765625 0.6609373374999999 0.7031248125 0.6609373374999999 0.70156240625 0.6593746734375 0.7 0.6578126625 0.7 0.6515626625000001 0.6937503765625 0.65 0.6937503765625 0.6484373375 0.69218721875 0.6296873374999999 0.69218721875 0.6296873374999999 0.7 0.63125 0.70156240625 0.63125 0.7031248125 0.6328126625 0.70468721875
33 0.6765626625000001 0.7484375937500001 0.6828126625000001 0.75468721875 0.7015626625 0.75468721875 0.7031253265624999 0.7562503765625 0.7109373375 0.7562503765625 0.7125 0.75468721875 0.7156253265625 0.75468721875 0.7203126625 0.75 0.7203126625 0.7312503765625 0.71875 0.72968721875 0.71875 0.72031278125 0.7171873375 0.7187503765625001 0.7171873375 0.7125 0.7125 0.70781278125 0.7125 0.7062503765625 0.7109373375 0.70468721875 0.7109373375 0.7031248125 0.6843753265625 0.7031248125 0.68125 0.7062503765625 0.68125 0.70781278125 0.6765626625000001 0.7125 0.6765626625000001 0.7484375937500001
26 0.35937532656250004 0.2687503765625 0.3531246734375 0.275 0.3515626625 0.275 0.35 0.27656240625 0.35 0.2781248125 0.3468746734375 0.28125037656249996 0.3453126625 0.28125037656249996 0.3390626625 0.2875 0.3390626625 0.30468721875 0.3515626625 0.30468721875 0.3578126625 0.29843759375 0.3609373375 0.29843759375 0.3656253265625 0.29375037656249997 0.3671873375 0.29375037656249997 0.36875 0.29218721875 0.3703126625 0.29218721875 0.3765626625 0.28593759375 0.3781246734375 0.28593759375 0.3796873375 0.2843751875 0.3796873375 0.28281278125 0.3828126625 0.27968721875 0.3843746734375 0.27968721875 0.38593733750000003 0.2781248125 0.38593733750000003 0.27656240625 0.3890626625 0.27343759375 0.39062532656250004 0.27343759375 0.39062532656250004 0.26718721875 0.3875 0.26406240625 0.3671873375 0.26406240625 0.36406266249999997 0.26718721875 0.3625 0.26718721875 0.3609373375 0.2687503765625 0.35937532656250004 0.2687503765625
25 0.6296873374999999 0.3968751875 0.6296873374999999 0.3937503765625 0.63125 0.39218721875 0.63125 0.38906240625 0.6328126625 0.3875 0.6328126625 0.325 0.6296873374999999 0.3218751875 0.6203126625000001 0.3218751875 0.6203126625000001 0.3968751875 0.6218746734375 0.39843759375 0.6281246734375 0.39843759375 0.6296873374999999 0.3968751875
25 0.7046873375 0.25781278125 0.7031253265624999 0.2593751875 0.7031253265624999 0.26406240625 0.7046873375 0.2656248125 0.7046873375 0.26718721875 0.70625 0.2687503765625 0.70625 0.2718751875 0.7078126625000001 0.27343759375 0.7156253265625 0.27343759375 0.71875 0.27656240625 0.71875 0.2781248125 0.7203126625 0.27968721875 0.7218746734375 0.27968721875 0.725 0.28281278125 0.725 0.2843751875 0.7265626625 0.28593759375 0.7281246734375 0.28593759375 0.73125 0.28906240625 0.73125 0.2906248125 0.7328126625 0.29218721875 0.7468753265625 0.29218721875 0.7468753265625 0.275 0.7453126625000001 0.275 0.7421873375 0.2718751875 0.7421873375 0.27031278125 0.7406246734375 0.2687503765625 0.7375 0.2687503765625 0.7359373375 0.26718721875 0.7343753265624999 0.26718721875 0.73125 0.26406240625 0.7296873374999999 0.26406240625 0.7281246734375 0.2625 0.7265626625 0.2625 0.7234373374999999 0.2593751875 0.7234373374999999 0.25781278125 0.7218746734375 0.2562503765625 0.7203126625 0.2562503765625 0.7171873375 0.25312481249999996 0.7093746734375 0.25312481249999996 0.7078126625000001 0.25468721875 0.70625 0.25468721875 0.7046873375 0.2562503765625 0.7046873375 0.25781278125
25 0.7046873375 0.1812503765625 0.7031253265624999 0.17968721875 0.7031253265624999 0.17656240625 0.69375 0.17656240625 0.69375 0.24843759375 0.7031253265624999 0.24843759375 0.7046873375 0.2468751875 0.7046873375 0.1812503765625
25 0.7781253265625 0.325 0.7765626625000001 0.32343759375 0.7656253265624999 0.32343759375 0.7656253265624999 0.39843759375 0.7718746734375 0.39843759375 0.7781253265625 0.39218721875 0.7781253265625 0.325
32 0.3875 0.52031278125 0.3875 0.55781278125 0.39062532656250004 0.5609375937500001 0.41562467343750004 0.5609375937500001 0.4171873375 0.5593751874999999 0.41875 0.5593751874999999 0.42343733749999996 0.55468721875 0.42343733749999996 0.55156240625 0.425 0.55 0.425 0.54218721875 0.42343733749999996 0.5406248125 0.42343733749999996 0.5156248125 0.42031266250000004 0.5125 0.41875 0.5125 0.4171873375 0.51093759375 0.4171873375 0.5093751875 0.39531266249999997 0.5093751875 0.39531266249999997 0.51093759375 0.3921873375 0.51406240625 0.3921873375 0.5156248125 0.3875 0.52031278125
28 0.55625 0.5031248125000001 0.55625 0.5015624062499999 0.5593746734375 0.49843759375 0.5593746734375 0.4562503765625 0.5546873375 0.45156240625 0.5453126625 0.45156240625 0.5453126625 0.50468721875 0.5531253265625 0.50468721875 0.5546873375 0.5031248125000001 0.55625 0.5031248125000001
28 0.5531253265625 0.24843759375 0.5546873375 0.2468751875 0.5546873375 0.24062481249999998 0.55625 0.23906240625000003 0.55625 0.23437518750000003 0.5593746734375 0.23125037656249997 0.5593746734375 0.21406240625 0.55625 0.21093759374999999 0.55625 0.20625037656249998 0.5546873375 0.20468721875 0.5546873375 0.19531278125 0.5593746734375 0.19062481250000002 0.5593746734375 0.1812503765625 0.5578126625000001 0.1812503765625 0.5546873375 0.1781248125 0.5546873375 0.17656240625 0.5468753265624999 0.17656240625 0.5468753265624999 0.1781248125 0.5453126625 0.17968721875 0.5453126625 0.24843759375 0.5531253265625 0.24843759375
27 0.41093733749999994 0.8281248124999999 0.41093733749999994 0.7593751875 0.4 0.7593751875 0.4 0.8343751875000001 0.40156266250000006 0.83593759375 0.4031246734375 0.83593759375 0.41093733749999994 0.8281248124999999
26 0.41093733749999994 0.45312481250000003 0.4093746734375 0.45156240625 0.4093746734375 0.45 0.4 0.45 0.4 0.5093751875 0.40468733749999997 0.5093751875 0.41093733749999994 0.5031248125000001 0.41093733749999994 0.45312481250000003
7 0.21093733750000002 0.55468721875 0.2125 0.5531248125 0.2125 0.55156240625 0.2140626625 0.55 0.2140626625 0.4968751875 0.1625 0.4968751875 0.1625 0.5593751874999999 0.2093746734375 0.5593751874999999 0.21093733750000002 0.55781278125 0.21093733750000002 0.55468721875
14 0.37948368125 0.39397744375 0.38104634531250003 0.39553984999999997 0.38104634531250003 0.40960225625 0.38573368124999996 0.41429022499999996 0.42792101875000005 0.41429022499999996 0.42948368124999997 0.4127278203125 0.42948368124999997 0.4049150375 0.4310456921875 0.40335263125000004 0.4310456921875 0.39553984999999997 0.43260835468750003 0.39397744375 0.43260835468750003 0.35647744375 0.42948368124999997 0.35335263125 0.42948368124999997 0.351790225 0.42792101875000005 0.3502278203125 0.3826083546875 0.3502278203125 0.38104634531250003 0.351790225 0.38104634531250003 0.35335263125 0.37948368125 0.3549150375 0.37948368125 0.39397744375
26 0.3359373375 0.3656248125 0.3375 0.36718721875 0.3390626625 0.36718721875 0.3390626625 0.3062503765625 0.3375 0.3062503765625 0.3359373375 0.30468721875 0.3265626625 0.30468721875 0.3265626625 0.36093759375 0.3296873375 0.36093759375 0.3343753265625 0.3656248125 0.3359373375 0.3656248125
31 0.6781246734375 0.42656240624999997 0.6781246734375 0.45937518749999995 0.6796873375 0.45937518749999995 0.68125 0.46093759375000004 0.6843753265625 0.46093759375000004 0.6875 0.46406240624999995 0.7109373375 0.46406240624999995 0.7140626625000001 0.46093759375000004 0.7156253265625 0.46093759375000004 0.7171873375 0.45937518749999995 0.7171873375 0.4562503765625 0.71875 0.45468721875 0.71875 0.45312481250000003 0.7203126625 0.45156240625 0.71875 0.45 0.71875 0.44375037656250005 0.7171873375 0.44218721875 0.7171873375 0.42031278125 0.70625 0.40937518749999996 0.68125 0.40937518749999996 0.68125 0.42187518749999997 0.6796873375 0.42343759375 0.6796873375 0.425 0.6781246734375 0.42656240624999997
14 0.6046873374999999 0.8484375937499999 0.60625 0.85 0.6125 0.85 0.6140626625000001 0.8484375937499999 0.6468746734375 0.8484375937499999 0.6484373375 0.8468751875 0.65 0.8468751875 0.65 0.84531278125 0.6515626625000001 0.8437503765625 0.6515626625000001 0.79218721875 0.65 0.7906248125 0.65 0.78906240625 0.6484373375 0.78906240625 0.6468746734375 0.7875 0.6015626625 0.7875 0.6 0.78906240625 0.6 0.8468751875 0.6015626625 0.8484375937499999 0.6046873374999999 0.8484375937499999
8 0.45625 0.5593751874999999 0.4578126625 0.5609375937500001 0.5 0.5609375937500001 0.5015626625 0.5593751874999999 0.5031246734375 0.5593751874999999 0.5031246734375 0.55781278125 0.5046873374999999 0.5562503765625 0.5046873374999999 0.4968751875 0.4531253265625 0.4968751875 0.4531253265625 0.5562503765625 0.45468733749999996 0.55781278125 0.45468733749999996 0.5593751874999999 0.45625 0.5593751874999999
10 0.6765626625000001 0.70468721875 0.6906246734375 0.70468721875 0.6921873374999999 0.7031248125 0.7015626625 0.7031248125 0.7031253265624999 0.70468721875 0.7218746734375 0.70468721875 0.7234373374999999 0.7031248125 0.7234373374999999 0.65781278125 0.725 0.6562503765625001 0.725 0.65468721875 0.7265626625 0.6531248125 0.7265626625 0.6468751875 0.725 0.64531278125 0.7234373374999999 0.64531278125 0.7218746734375 0.6437503765625 0.6734373375 0.6437503765625 0.6734373375 0.7 0.675 0.70156240625 0.675 0.7031248125 0.6765626625000001 0.70468721875
15 0.6859373375 0.41562481250000005 0.6859373375 0.41406240624999996 0.6890626625 0.41093759375000005 0.7046873375 0.41093759375000005 0.70625 0.4125 0.7078126625000001 0.4125 0.7109373375 0.41562481250000005 0.7125 0.41562481250000005 0.7140626625000001 0.41718721875 0.7203126625 0.41718721875 0.7234373374999999 0.41406240624999996 0.7234373374999999 0.38281278125 0.725 0.3812503765625 0.725 0.37187518750000004 0.7265626625 0.37031278125 0.7265626625 0.35781278125 0.725 0.35625037656249997 0.725 0.35468721875 0.7234373374999999 0.3531248125 0.7234373374999999 0.35156240625 0.7218746734375 0.35 0.6734373375 0.35 0.6734373375 0.4125 0.6781246734375 0.41718721875 0.6843753265625 0.41718721875 0.6859373375 0.41562481250000005
11 0.56875 0.41562481250000005 0.5718746734375 0.4125 0.5734373374999999 0.4125 0.575 0.41093759375000005 0.5781253265624999 0.41093759375000005 0.5796873375 0.40937518749999996 0.5796873375 0.35156240625 0.5781253265624999 0.35 0.5281246734375 0.35 0.5281246734375 0.41093759375000005 0.53125 0.41406240624999996 0.53125 0.41562481250000005 0.56875 0.41562481250000005
8 0.4686684078125 0.2706766921875 0.501958225 0.2699248125 0.50718015625 0.2661654140625 0.5084856390625 0.2127819546875 0.504569190625 0.2067669171875 0.46214099218750004 0.20451127812499997 0.45496083593750003 0.2067669171875 0.4530026109375 0.210526315625 0.4530026109375 0.2631578953125 0.45496083593750003 0.26691729375 0.4595300265625 0.2706766921875 0.4686684078125 0.2706766921875
9 0.32310705 0.2706766921875 0.3518276765625 0.2699248125 0.3609660578125 0.26691729375 0.36292428125 0.219548871875 0.360313315625 0.207518796875 0.355091384375 0.2052631578125 0.3152741515625 0.2052631578125 0.311357703125 0.2060150375 0.3061357703125 0.213533834375 0.3067885125 0.25789473749999997 0.309399478125 0.26766917343749996 0.31396866874999996 0.2706766921875 0.32310705 0.2706766921875
16 0.28785900781249996 0.412030075 0.289164490625 0.3586466171875 0.28590078281250003 0.3518797 0.25 0.349624059375 0.2375979109375 0.3511278203125 0.23433420312500003 0.35488721875 0.23368146250000002 0.4052631578125 0.2356396859375 0.4127819546875 0.2689295046875 0.41804511250000004 0.28785900781249996 0.412030075
7 0.6481723234375 0.56090225625 0.6527415140625 0.5586466171875 0.6546997390625 0.553383459375 0.6546997390625 0.5037593984375001 0.65143603125 0.4977443609375 0.6063968671875 0.49624060156249994 0.5998694515625 0.5007518796875 0.59856396875 0.5473684203125 0.6018276765625 0.5586466171875 0.6109660578125 0.5616541359375 0.6481723234375 0.56090225625
20 0.2828126625 0.07343759375 0.2828126625 0.00156240625 0.22656266249999998 0.00156240625 0.22656266249999998 0.07656240625 0.28125 0.07656240625 0.28125 0.075 0.2828126625 0.07343759375
21 0.5734373374999999 0.87031278125 0.5218753265625 0.87031278125 0.5218753265625 0.9484375937499999 0.5718746734375 0.9484375937499999 0.5734373374999999 0.9468751875000001 0.5734373374999999 0.87031278125
18 0.1375 0.28906240625 0.0796873375 0.28906240625 0.0796873375 0.3687503765625 0.1359373375 0.3687503765625 0.1375 0.36718721875 0.1375 0.28906240625
18 0.7359373375 0.725 0.7359373375 0.8031248124999999 0.79375 0.8031248124999999 0.79375 0.725 0.7359373375 0.725
23 0.5171873375 0 0.5171873375 0.07343759375 0.5718746734375 0.07343759375 0.575 0.07031278125 0.575 0 0.5171873375 0
18 0.7343753265624999 0.1406248125 0.7343753265624999 0.22187518750000002 0.7953126625 0.22187518750000002 0.7953126625 0.1406248125 0.7343753265624999 0.1406248125
22 0.9421873375 0.42968721875 0.8843746734375 0.42968721875 0.8843746734375 0.5125 0.9406246734374999 0.5125 0.9421873375 0.51093759375 0.9421873375 0.42968721875
19 0.08125 0.57968721875 0.08125 0.6593751875 0.13281266249999998 0.6593751875 0.13281266249999998 0.57968721875 0.08125 0.57968721875
18 0.28125 0.8718751875 0.22656266249999998 0.8718751875 0.22656266249999998 0.9515624062500001 0.2796873375 0.9515624062500001 0.28125 0.95 0.28125 0.8718751875