36 0.6171877343750001 0.145312771875 0.6171877343750001 0.14687518125000001 0.614062578125 0.15 0.610937421875 0.15 0.6093748437500001 0.151562409375 0.607812265625 0.151562409375 0.6062503125 0.15312481875 0.604687734375 0.15312481875 0.601562578125 0.1562503625 0.598437421875 0.1562503625 0.59687484375 0.157812771875 0.595312265625 0.157812771875 0.5937503125 0.15937518125 0.592187734375 0.15937518125 0.59062515625 0.160937590625 0.589062578125 0.160937590625 0.5875 0.1625 0.585937421875 0.1625 0.58437484375 0.164062409375 0.582812265625 0.164062409375 0.5781251562499999 0.1687503625 0.573437421875 0.1687503625 0.5718748437500001 0.170312771875 0.5703122656249999 0.170312771875 0.5703122656249999 0.17187518125 0.5687496875 0.173437590625 0.5687496875 0.18125036249999998 0.567187734375 0.182812771875 0.567187734375 0.22812481875 0.5687496875 0.22968722812500003 0.5687496875 0.23437518124999998 0.5703122656249999 0.235937590625 0.5718748437500001 0.235937590625 0.575 0.239062409375 0.575 0.2437503625 0.576562578125 0.24531277187499997 0.576562578125 0.24843759062499998 0.5781251562499999 0.25 0.5781251562499999 0.251562409375 0.579687734375 0.25312481875000004 0.579687734375 0.25781277187499996 0.5812503125 0.25937518125 0.5812503125 0.27187518125 0.585937421875 0.276562409375 0.585937421875 0.27812481875 0.5875 0.279687228125 0.589062578125 0.279687228125 0.59062515625 0.2812503625 0.592187734375 0.2812503625 0.5937503125 0.282812771875 0.595312265625 0.282812771875 0.59687484375 0.28437518125 0.598437421875 0.28437518125 0.6 0.285937590625 0.601562578125 0.285937590625 0.60312515625 0.2875 0.604687734375 0.2875 0.6093748437500001 0.29218722812500003 0.6125 0.29218722812500003 0.614062578125 0.29375036250000003 0.6156251562499999 0.29375036250000003 0.620312265625 0.29843759062499997 0.6234374218750001 0.29843759062499997 0.625 0.3 0.6328122656249999 0.3 0.6343748437500001 0.29843759062499997 0.635937421875 0.29843759062499997 0.6375 0.29687518125 0.639062578125 0.29687518125 0.6437503125 0.29218722812500003 0.645312265625 0.29218722812500003 0.64687484375 0.29062481875 0.648437421875 0.29062481875 0.648437421875 0.289062409375 0.651562578125 0.285937590625 0.65312515625 0.285937590625 0.654687734375 0.28437518125 0.6562503125 0.28437518125 0.657812265625 0.282812771875 0.65937484375 0.282812771875 0.660937421875 0.2812503625 0.6625 0.2812503625 0.664062578125 0.279687228125 0.670312265625 0.279687228125 0.6718748437500001 0.27812481875 0.673437421875 0.27812481875 0.676562578125 0.275 0.6781251562499999 0.275 0.6796877343750001 0.273437590625 0.682812265625 0.273437590625 0.6890625781249999 0.267187228125 0.69062515625 0.267187228125 0.692187734375 0.26562481875 0.692187734375 0.26406240937500003 0.6937503125 0.2625 0.6937503125 0.1937503625 0.692187734375 0.1937503625 0.6875 0.18906240937500002 0.6859374218750001 0.18906240937500002 0.68437484375 0.1875 0.682812265625 0.1875 0.6796877343750001 0.18437518125000002 0.6796877343750001 0.18125036249999998 0.675 0.176562409375 0.675 0.173437590625 0.673437421875 0.17187518125 0.673437421875 0.164062409375 0.6718748437500001 0.1625 0.670312265625 0.1625 0.66562515625 0.157812771875 0.664062578125 0.157812771875 0.6625 0.1562503625 0.6562503125 0.1562503625 0.654687734375 0.154687228125 0.65312515625 0.154687228125 0.65 0.151562409375 0.648437421875 0.151562409375 0.64687484375 0.15 0.645312265625 0.15 0.6406251562499999 0.145312771875 0.639062578125 0.145312771875 0.6375 0.1437503625 0.6343748437500001 0.1437503625 0.6328122656249999 0.142187228125 0.6234374218750001 0.142187228125 0.62187484375 0.1437503625 0.620312265625 0.1437503625 0.6187503125 0.145312771875 0.6171877343750001 0.145312771875
32 0.75 0.60312481875 0.7515625781249999 0.604687228125 0.75312515625 0.604687228125 0.7562503125 0.607812771875 0.7562503125 0.60937518125 0.7578122656249999 0.6109375906250001 0.779687734375 0.6109375906250001 0.7812503125 0.60937518125 0.78437484375 0.60937518125 0.78437484375 0.607812771875 0.785937421875 0.6062503625 0.785937421875 0.60312481875 0.7875 0.6015624093749999 0.7875 0.598437590625 0.789062578125 0.5968751812499999 0.789062578125 0.589062409375 0.7875 0.5875 0.7875 0.5703127718750001 0.785937421875 0.5687496375000001 0.785937421875 0.56562481875 0.78437484375 0.564062409375 0.78437484375 0.5625 0.782812265625 0.5625 0.779687734375 0.55937518125 0.754687734375 0.55937518125 0.7515625781249999 0.5625 0.7515625781249999 0.564062409375 0.75 0.56562481875 0.75 0.60312481875
37 0.2865632046875 0.1778708265625 0.2865632046875 0.1794332359375 0.28500062656249997 0.1809956453125 0.28500062656249997 0.26380841875 0.2865632046875 0.2653708265625 0.2865632046875 0.26693323593749996 0.2881257828125 0.2684956453125 0.2881257828125 0.27005878125 0.2912503125 0.27318359999999997 0.292812890625 0.27318359999999997 0.29437546875 0.274746009375 0.295938046875 0.274746009375 0.29906320468750003 0.2778708265625 0.29906320468750003 0.27943323593749997 0.30062578281249996 0.2809956453125 0.3037503125 0.2809956453125 0.305312890625 0.28255878125 0.30687546875 0.28255878125 0.3100006265625 0.2856836 0.3115632046875 0.2856836 0.3131257828125 0.287246009375 0.314687734375 0.287246009375 0.3162503125 0.28880841875 0.317812890625 0.28880841875 0.3225006265625 0.2934956453125 0.3256257828125 0.2934956453125 0.327187734375 0.29505878124999996 0.32875031250000003 0.29505878124999996 0.330312890625 0.296621190625 0.330312890625 0.2981836 0.33187546874999996 0.299746009375 0.33500062656249996 0.299746009375 0.3365632046875 0.30130841875000003 0.3381257828125 0.30130841875000003 0.34125031250000004 0.3044332359375 0.352187734375 0.3044332359375 0.355312890625 0.30130841875000003 0.35687546875 0.30130841875000003 0.358438046875 0.299746009375 0.36156320468750003 0.299746009375 0.36312578281249996 0.2981836 0.364687734375 0.2981836 0.367812890625 0.29505878124999996 0.36937546875 0.29505878124999996 0.370938046875 0.2934956453125 0.3740632046875 0.2934956453125 0.3756257828125 0.2919332359375 0.377187734375 0.2919332359375 0.38187546875 0.287246009375 0.383438046875 0.287246009375 0.3881257828125 0.28255878125 0.389687734375 0.28255878125 0.389687734375 0.2809956453125 0.39125031250000003 0.27943323593749997 0.39125031250000003 0.27630841875 0.392812890625 0.274746009375 0.392812890625 0.27318359999999997 0.395938046875 0.27005878125 0.395938046875 0.2684956453125 0.39750062656249996 0.26693323593749996 0.39750062656249996 0.2481836 0.4037503125 0.2419332359375 0.4037503125 0.24037082656250003 0.408438046875 0.2356836 0.408438046875 0.23412119062499998 0.41000062656249997 0.23255878124999999 0.41000062656249997 0.1809956453125 0.408438046875 0.1794332359375 0.38187546875 0.16380841875000002 0.377187734375 0.15912119062500002 0.3725006265625 0.15912119062500002 0.370938046875 0.15755878125 0.36937546875 0.15755878125 0.35990550625 0.1469296078125 0.336757196875 0.147148040625 0.308438046875 0.1653708265625 0.2865632046875 0.1778708265625
37 0.65312515625 0.30937518124999996 0.651562578125 0.30937518124999996 0.65 0.310937590625 0.648437421875 0.310937590625 0.64687484375 0.3125 0.645312265625 0.3125 0.6375 0.32031277187499996 0.6375 0.32187518125 0.635937421875 0.323437590625 0.635937421875 0.375 0.6375 0.376562409375 0.6375 0.37812481875000004 0.642187734375 0.38281277187499996 0.642187734375 0.38437518125 0.6437503125 0.385937590625 0.6437503125 0.38906240937500003 0.65 0.39531277187499997 0.65 0.40937518125 0.651562578125 0.410937590625 0.651562578125 0.4125 0.6562503125 0.417187228125 0.657812265625 0.417187228125 0.664062578125 0.423437590625 0.6718748437500001 0.423437590625 0.673437421875 0.425 0.676562578125 0.425 0.6781251562499999 0.42656240937499995 0.6796877343750001 0.42656240937499995 0.6812503125 0.42812481875 0.682812265625 0.42812481875 0.68437484375 0.429687228125 0.6859374218750001 0.429687228125 0.692187734375 0.43593759062500004 0.6953122656249999 0.43593759062500004 0.6968748437500001 0.4375 0.7 0.4375 0.701562578125 0.43906240937499996 0.7031251562499999 0.43906240937499996 0.704687734375 0.4375 0.70937484375 0.4375 0.710937421875 0.43593759062500004 0.714062578125 0.43593759062500004 0.7187503125 0.4312503625 0.720312265625 0.4312503625 0.72187484375 0.429687228125 0.723437421875 0.429687228125 0.725 0.42812481875 0.726562578125 0.42812481875 0.729687734375 0.425 0.7312496875 0.425 0.732812265625 0.423437590625 0.7343748437500001 0.423437590625 0.735937421875 0.42187518125 0.7375 0.42187518125 0.7406251562499999 0.4187503625 0.7421877343750001 0.4187503625 0.7437503125 0.417187228125 0.74687484375 0.417187228125 0.75312515625 0.410937590625 0.754687734375 0.410937590625 0.7562503125 0.40937518125 0.7562503125 0.40781277187500004 0.760937421875 0.40312481875 0.760937421875 0.351562409375 0.7625 0.35 0.7625 0.342187228125 0.760937421875 0.34062481875 0.760937421875 0.32031277187499996 0.7593748437500001 0.3187503625 0.7593748437500001 0.317187228125 0.75312515625 0.310937590625 0.7515625781249999 0.310937590625 0.7484374218750001 0.307812771875 0.74687484375 0.307812771875 0.745312265625 0.30625036250000004 0.7437503125 0.30625036250000004 0.739062578125 0.301562409375 0.7375 0.301562409375 0.735937421875 0.3 0.72812515625 0.3 0.6975093875 0.27957329531249997 0.667187734375 0.30468722812500004 0.657812265625 0.30468722812500004 0.65312515625 0.30937518124999996
35 0.5531251562499999 0.29375036250000003 0.551562578125 0.295312771875 0.55 0.29375036250000003 0.545312265625 0.29375036250000003 0.5437503125 0.295312771875 0.542187734375 0.295312771875 0.54062515625 0.29687518125 0.54062515625 0.301562409375 0.535937421875 0.30625036250000004 0.5312503125 0.30625036250000004 0.529687734375 0.30468722812500004 0.520312265625 0.30468722812500004 0.5187503125 0.30625036250000004 0.5156251562499999 0.30625036250000004 0.514062578125 0.307812771875 0.5125 0.307812771875 0.510937421875 0.30937518124999996 0.5093748437500001 0.30937518124999996 0.5015625781249999 0.317187228125 0.5 0.317187228125 0.49687484375 0.32031277187499996 0.49687484375 0.4 0.5078122656249999 0.410937590625 0.5093748437500001 0.410937590625 0.514062578125 0.41562481875 0.5156251562499999 0.41562481875 0.517187734375 0.417187228125 0.52187484375 0.417187228125 0.526562578125 0.42187518125 0.52812515625 0.42187518125 0.529687734375 0.423437590625 0.53437484375 0.423437590625 0.535937421875 0.425 0.5375 0.425 0.54062515625 0.42812481875 0.542187734375 0.42812481875 0.548437421875 0.43437518124999996 0.55 0.43437518124999996 0.551562578125 0.43593759062500004 0.5531251562499999 0.43593759062500004 0.557812265625 0.44062481875000004 0.55937484375 0.44062481875000004 0.5609374218750001 0.43906240937499996 0.5625 0.43906240937499996 0.5640625781249999 0.4375 0.567187734375 0.4375 0.5687496875 0.43593759062500004 0.5703122656249999 0.43593759062500004 0.5718748437500001 0.43437518124999996 0.573437421875 0.43437518124999996 0.576562578125 0.4312503625 0.579687734375 0.4312503625 0.5812503125 0.429687228125 0.58437484375 0.429687228125 0.589062578125 0.425 0.59062515625 0.425 0.592187734375 0.423437590625 0.595312265625 0.423437590625 0.601562578125 0.417187228125 0.60312515625 0.417187228125 0.604687734375 0.41562481875 0.604687734375 0.40468722812499996 0.6062503125 0.40312481875 0.6062503125 0.4 0.6093748437500001 0.39687518125 0.6093748437500001 0.3937503625 0.610937421875 0.392187228125 0.610937421875 0.38906240937500003 0.6156251562499999 0.38437518125 0.6156251562499999 0.38281277187499996 0.6171877343750001 0.38124963749999996 0.6171877343750001 0.37812481875000004 0.6234374218750001 0.37187518124999996 0.6234374218750001 0.32031277187499996 0.620312265625 0.317187228125 0.6187503125 0.317187228125 0.6171877343750001 0.31562481875000004 0.6171877343750001 0.314062409375 0.6156251562499999 0.314062409375 0.614062578125 0.3125 0.6125 0.3125 0.610937421875 0.310937590625 0.6093748437500001 0.310937590625 0.6062503125 0.307812771875 0.604687734375 0.307812771875 0.60312515625 0.30625036250000004 0.601562578125 0.30625036250000004 0.6 0.30468722812500004 0.598437421875 0.30468722812500004 0.595312265625 0.301562409375 0.592187734375 0.301562409375 0.59062515625 0.3 0.5875 0.3 0.585937421875 0.29843759062499997 0.58437484375 0.29843759062499997 0.5812503125 0.295312771875 0.579687734375 0.295312771875 0.5781251562499999 0.29375036250000003 0.575 0.29375036250000003 0.573437421875 0.29218722812500003 0.5703122656249999 0.29218722812500003 0.5687496875 0.29062481875 0.55937484375 0.29062481875 0.557812265625 0.29218722812500003 0.5562503125 0.29218722812500003 0.5546877343750001 0.29375036250000003 0.5531251562499999 0.29375036250000003
0 0.6156251562499999 0.7125 0.614062578125 0.7125 0.6125 0.714062409375 0.610937421875 0.714062409375 0.607812265625 0.717187228125 0.6062503125 0.717187228125 0.604687734375 0.7187503625 0.601562578125 0.7187503625 0.59687484375 0.723437590625 0.5937503125 0.723437590625 0.592187734375 0.725 0.589062578125 0.725 0.58437484375 0.729687228125 0.582812265625 0.729687228125 0.5812503125 0.7312503625 0.5781251562499999 0.7312503625 0.5703122656249999 0.739062409375 0.5703122656249999 0.7421872281249999 0.5687496875 0.7437503624999999 0.5687496875 0.8093751812500001 0.576562578125 0.817187228125 0.579687734375 0.817187228125 0.5812503125 0.8187503625 0.582812265625 0.8187503625 0.585937421875 0.82187518125 0.585937421875 0.823437590625 0.5875 0.825 0.5875 0.8343751812500001 0.589062578125 0.835937590625 0.589062578125 0.8375 0.592187734375 0.84062481875 0.5937503125 0.84062481875 0.595312265625 0.842187228125 0.59687484375 0.842187228125 0.598437421875 0.8437503625 0.6 0.8437503625 0.604687734375 0.8484375906249999 0.6062503125 0.8484375906249999 0.607812265625 0.85 0.6093748437500001 0.85 0.6125 0.8531248187499999 0.614062578125 0.8531248187499999 0.6265625781249999 0.86562481875 0.6265625781249999 0.8671872281249999 0.629687734375 0.8671872281249999 0.6312503125 0.86562481875 0.6328122656249999 0.86562481875 0.6343748437500001 0.864062409375 0.635937421875 0.864062409375 0.639062578125 0.860937590625 0.642187734375 0.860937590625 0.64687484375 0.8562496375 0.648437421875 0.8562496375 0.65 0.854687228125 0.651562578125 0.854687228125 0.657812265625 0.8484375906249999 0.65937484375 0.8484375906249999 0.660937421875 0.84687518125 0.6625 0.84687518125 0.66562515625 0.8437503625 0.667187734375 0.8437503625 0.6687496875 0.842187228125 0.670312265625 0.842187228125 0.6718748437500001 0.84062481875 0.673437421875 0.84062481875 0.673437421875 0.8390624093750001 0.675 0.8375 0.676562578125 0.8375 0.6781251562499999 0.835937590625 0.6796877343750001 0.835937590625 0.6812503125 0.8343751812500001 0.682812265625 0.8343751812500001 0.6875 0.829687228125 0.6890625781249999 0.829687228125 0.69062515625 0.8281248187499999 0.69062515625 0.767187228125 0.6890625781249999 0.76562481875 0.6890625781249999 0.7640624093749999 0.6875 0.7625 0.6875 0.760937590625 0.6859374218750001 0.75937518125 0.6859374218750001 0.7578127718750001 0.682812265625 0.754687228125 0.6796877343750001 0.754687228125 0.6781251562499999 0.75312481875 0.676562578125 0.75312481875 0.675 0.751562409375 0.675 0.75 0.673437421875 0.748437590625 0.673437421875 0.7312503625 0.6718748437500001 0.729687228125 0.6718748437500001 0.7265624093749999 0.670312265625 0.7265624093749999 0.6687496875 0.725 0.667187734375 0.725 0.66562515625 0.723437590625 0.664062578125 0.723437590625 0.660937421875 0.720312771875 0.65937484375 0.720312771875 0.657812265625 0.7187503625 0.654687734375 0.7187503625 0.65 0.714062409375 0.648437421875 0.714062409375 0.64687484375 0.7125 0.645312265625 0.7125 0.6406251562499999 0.707812771875 0.639062578125 0.707812771875 0.6375 0.7062503625 0.62187484375 0.7062503625 0.620312265625 0.707812771875 0.6187503125 0.707812771875 0.6187503125 0.70937518125 0.6156251562499999 0.7125
36 0.38437484375 0.29375036250000003 0.379687734375 0.29843759062499997 0.37812515625 0.29843759062499997 0.375 0.301562409375 0.373437421875 0.301562409375 0.357812265625 0.317187228125 0.357812265625 0.3187503625 0.3562503125 0.32031277187499996 0.3562503125 0.39687518125 0.357812265625 0.398437590625 0.357812265625 0.4 0.360937421875 0.40312481875 0.360937421875 0.40468722812499996 0.364062578125 0.40781277187500004 0.36562515625 0.40781277187500004 0.370312265625 0.4125 0.37187484375 0.4125 0.376562578125 0.417187228125 0.37812515625 0.417187228125 0.379687734375 0.4187503625 0.3812496875 0.4187503625 0.38437484375 0.42187518125 0.385937421875 0.42187518125 0.3875 0.423437590625 0.389062578125 0.423437590625 0.39062515625 0.425 0.39843742187500003 0.425 0.4 0.423437590625 0.40312515624999995 0.423437590625 0.40781226562499995 0.4187503625 0.41093742187500004 0.4187503625 0.4125 0.417187228125 0.426562578125 0.417187228125 0.42812515624999997 0.4187503625 0.4312503125 0.4187503625 0.43281226562499997 0.42031277187500005 0.4375 0.42031277187500005 0.439062578125 0.42187518125 0.44062515625 0.42031277187500005 0.44218773437500003 0.42031277187500005 0.445312265625 0.417187228125 0.451562578125 0.417187228125 0.45312515624999994 0.41562481875 0.45468773437500004 0.41562481875 0.457812265625 0.4125 0.46093742187500003 0.4125 0.4625 0.410937590625 0.46562515624999995 0.410937590625 0.47031226562499995 0.40625036249999996 0.47187484375000005 0.40625036249999996 0.47343742187500004 0.40468722812499996 0.475 0.40468722812499996 0.47656257812499997 0.40312481875 0.47812515624999996 0.40312481875 0.47812515624999996 0.401562409375 0.4812503125 0.398437590625 0.4812503125 0.35312481875 0.479687734375 0.351562409375 0.479687734375 0.3187503625 0.47812515624999996 0.317187228125 0.47812515624999996 0.31562481875000004 0.475 0.3125 0.47343742187500004 0.3125 0.4687503125 0.307812771875 0.46718773437500005 0.307812771875 0.46562515624999995 0.30625036250000004 0.4625 0.30625036250000004 0.46093742187500003 0.30468722812500004 0.45937484375000004 0.30468722812500004 0.45625031250000003 0.301562409375 0.45468773437500004 0.301562409375 0.45312515624999994 0.3 0.451562578125 0.3 0.44687484375000003 0.295312771875 0.445312265625 0.295312771875 0.4437496875 0.29375036250000003 0.44062515625 0.29375036250000003 0.439062578125 0.29218722812500003 0.4375 0.29218722812500003 0.435937421875 0.29062481875 0.435937421875 0.289062409375 0.43437484375 0.2875 0.39687484375 0.2875 0.392187734375 0.29218722812500003 0.39062515625 0.29218722812500003 0.389062578125 0.29375036250000003 0.38437484375 0.29375036250000003
37 0.33593742187500003 0.7062503625 0.33437484375 0.707812771875 0.332812265625 0.707812771875 0.32812515625 0.7125 0.326562578125 0.7125 0.32187484375 0.717187228125 0.32031226562500004 0.717187228125 0.3187503125 0.7187503625 0.31562515625 0.7187503625 0.314062578125 0.720312771875 0.3125 0.720312771875 0.3125 0.7218751812499999 0.310937421875 0.723437590625 0.30937484375 0.723437590625 0.3062503125 0.7265624093749999 0.3062503125 0.72812481875 0.3 0.73437518125 0.3 0.74062481875 0.298437421875 0.7421872281249999 0.298437421875 0.7437503624999999 0.292187734375 0.75 0.29062515625 0.75 0.28437484375 0.7562503625 0.28437484375 0.823437590625 0.2875 0.826562409375 0.2875 0.8281248187499999 0.28906257812499997 0.829687228125 0.29062515625 0.829687228125 0.29687484375 0.835937590625 0.298437421875 0.835937590625 0.3 0.8375 0.301562578125 0.8375 0.3062503125 0.842187228125 0.30937484375 0.842187228125 0.314062578125 0.84687518125 0.31562515625 0.84687518125 0.317187734375 0.8484375906249999 0.32031226562500004 0.8484375906249999 0.326562578125 0.854687228125 0.32812515625 0.854687228125 0.33437484375 0.860937590625 0.34062515625 0.860937590625 0.342187734375 0.8625 0.34843742187500004 0.8625 0.35 0.860937590625 0.35312515625 0.860937590625 0.354687734375 0.8593751812500001 0.354687734375 0.857812771875 0.3562503125 0.8562496375 0.357812265625 0.8562496375 0.35937484375 0.854687228125 0.3625 0.854687228125 0.364062578125 0.8531248187499999 0.36562515625 0.8531248187499999 0.36562515625 0.851562409375 0.36718773437499996 0.85 0.3687503125 0.85 0.370312265625 0.8484375906249999 0.37187484375 0.8484375906249999 0.376562578125 0.8437503625 0.379687734375 0.8437503625 0.3812496875 0.842187228125 0.38437484375 0.842187228125 0.385937421875 0.84062481875 0.3875 0.84062481875 0.392187734375 0.835937590625 0.392187734375 0.832812771875 0.39375031250000003 0.8312503625 0.39375031250000003 0.829687228125 0.395312265625 0.8281248187499999 0.395312265625 0.826562409375 0.39687484375 0.825 0.39687484375 0.823437590625 0.39843742187500003 0.82187518125 0.39843742187500003 0.807812771875 0.40312515624999995 0.80312481875 0.40312515624999995 0.801562409375 0.40468773437500005 0.8 0.40468773437500005 0.795312771875 0.40781226562499995 0.792187228125 0.40937484375000005 0.792187228125 0.40937484375000005 0.74062481875 0.40312515624999995 0.73437518125 0.40312515624999995 0.732812771875 0.40156257812499996 0.732812771875 0.39843742187500003 0.729687228125 0.39687484375 0.729687228125 0.392187734375 0.725 0.39062515625 0.725 0.385937421875 0.720312771875 0.38437484375 0.720312771875 0.38281226562500004 0.7187503625 0.3812496875 0.7187503625 0.379687734375 0.717187228125 0.37812515625 0.717187228125 0.373437421875 0.7125 0.37187484375 0.7125 0.36562515625 0.7062503625 0.3625 0.7062503625 0.360937421875 0.704687228125 0.357812265625 0.704687228125 0.3562503125 0.70312481875 0.354687734375 0.70312481875 0.35312515625 0.7015624093749999 0.35156257812499997 0.7015624093749999 0.34843742187500004 0.704687228125 0.3437503125 0.704687228125 0.342187734375 0.7062503625 0.33593742187500003 0.7062503625
17 0.40156257812499996 0.56562481875 0.39843742187500003 0.5687496375000001 0.39687484375 0.5687496375000001 0.395312265625 0.5703127718750001 0.39375031250000003 0.5703127718750001 0.39062515625 0.573437590625 0.389062578125 0.573437590625 0.3875 0.575 0.385937421875 0.575 0.3812496875 0.579687228125 0.3812496875 0.5812503625 0.37812515625 0.58437518125 0.37812515625 0.5859375906250001 0.376562578125 0.5875 0.376562578125 0.589062409375 0.375 0.5906248187500001 0.375 0.598437590625 0.373437421875 0.6 0.373437421875 0.6015624093749999 0.3687503125 0.6062503625 0.3687503125 0.607812771875 0.360937421875 0.61562481875 0.360937421875 0.6171872281249999 0.35937484375 0.6187503624999999 0.35937484375 0.689062409375 0.3625 0.692187228125 0.36562515625 0.692187228125 0.370312265625 0.69687518125 0.37187484375 0.69687518125 0.373437421875 0.698437590625 0.376562578125 0.698437590625 0.3812496875 0.70312481875 0.38281226562500004 0.70312481875 0.38437484375 0.704687228125 0.385937421875 0.704687228125 0.3875 0.7062503625 0.389062578125 0.7062503625 0.392187734375 0.70937518125 0.39375031250000003 0.70937518125 0.395312265625 0.7109375906250001 0.39687484375 0.7109375906250001 0.39843742187500003 0.7125 0.4 0.7125 0.40468773437500005 0.717187228125 0.40781226562499995 0.717187228125 0.40937484375000005 0.7187503625 0.42031226562499996 0.7187503625 0.42187484375000006 0.717187228125 0.425 0.717187228125 0.426562578125 0.7156248187500001 0.42812515624999997 0.7156248187500001 0.43281226562499997 0.7109375906250001 0.435937421875 0.7109375906250001 0.4375 0.70937518125 0.439062578125 0.70937518125 0.4437496875 0.704687228125 0.445312265625 0.704687228125 0.44687484375000003 0.70312481875 0.448437421875 0.70312481875 0.448437421875 0.7015624093749999 0.451562578125 0.698437590625 0.45312515624999994 0.698437590625 0.45625031250000003 0.6953127718750001 0.45625031250000003 0.69062481875 0.457812265625 0.689062409375 0.457812265625 0.6812503624999999 0.45937484375000004 0.6796872281249999 0.45937484375000004 0.67187518125 0.46093742187500003 0.670312771875 0.46093742187500003 0.6640624093749999 0.4625 0.6625 0.4625 0.660937590625 0.475 0.6484375906250001 0.47656257812499997 0.6484375906250001 0.47812515624999996 0.64687518125 0.47812515624999996 0.60312481875 0.47343742187500004 0.598437590625 0.47343742187500004 0.5968751812499999 0.47031226562499995 0.5937503625 0.4687503125 0.5937503625 0.46406257812499996 0.589062409375 0.4625 0.589062409375 0.46093742187500003 0.5875 0.457812265625 0.5875 0.451562578125 0.5812503625 0.45 0.5812503625 0.448437421875 0.579687228125 0.44687484375000003 0.579687228125 0.4437496875 0.5765624093749999 0.44218773437500003 0.5765624093749999 0.44062515625 0.575 0.439062578125 0.575 0.43281226562499997 0.5687496375000001 0.4312503125 0.5687496375000001 0.429687734375 0.567187228125 0.42812515624999997 0.567187228125 0.425 0.564062409375 0.423437421875 0.564062409375 0.42187484375000006 0.5625 0.40937484375000005 0.5625 0.40781226562499995 0.564062409375 0.40468773437500005 0.564062409375 0.40312515624999995 0.56562481875 0.40156257812499996 0.56562481875
31 0.2625 0.704687228125 0.260937421875 0.7062503625 0.260937421875 0.70937518125 0.25937484375 0.7109375906250001 0.25937484375 0.7437503624999999 0.264062578125 0.748437590625 0.26562515625 0.748437590625 0.267187734375 0.75 0.2687496875 0.75 0.270312265625 0.751562409375 0.28593742187500004 0.751562409375 0.2875 0.75 0.28906257812499997 0.75 0.29062515625 0.748437590625 0.295312265625 0.748437590625 0.298437421875 0.745312771875 0.298437421875 0.7109375906250001 0.29687484375 0.70937518125 0.29687484375 0.707812771875 0.28906257812499997 0.7 0.2875 0.7 0.28593742187500004 0.698437590625 0.2687496875 0.698437590625 0.267187734375 0.7 0.26562515625 0.7 0.2625 0.70312481875 0.2625 0.704687228125
35 0.47031226562499995 0.15 0.4687503125 0.151562409375 0.46406257812499996 0.151562409375 0.46093742187500003 0.154687228125 0.45937484375000004 0.154687228125 0.457812265625 0.1562503625 0.45468773437500004 0.1562503625 0.45312515624999994 0.157812771875 0.45 0.157812771875 0.44687484375000003 0.160937590625 0.445312265625 0.160937590625 0.4437496875 0.1625 0.44062515625 0.1625 0.439062578125 0.164062409375 0.4375 0.164062409375 0.43281226562499997 0.1687503625 0.4312503125 0.1687503625 0.429687734375 0.170312771875 0.429687734375 0.2375 0.43281226562499997 0.24062481875000002 0.43281226562499997 0.24218722812500001 0.4375 0.24687518125 0.4375 0.2625 0.439062578125 0.26406240937500003 0.439062578125 0.26562481875 0.44218773437500003 0.26874963749999997 0.44218773437500003 0.27031277187499997 0.451562578125 0.279687228125 0.457812265625 0.279687228125 0.45937484375000004 0.2812503625 0.46093742187500003 0.2812503625 0.46406257812499996 0.28437518125 0.46562515624999995 0.28437518125 0.46718773437500005 0.285937590625 0.47031226562499995 0.285937590625 0.47187484375000005 0.2875 0.47343742187500004 0.2875 0.475 0.289062409375 0.47656257812499997 0.289062409375 0.48437484375000006 0.29687518125 0.49687484375 0.29687518125 0.5 0.29375036250000003 0.5015625781249999 0.29375036250000003 0.50312515625 0.29218722812500003 0.5062496875 0.29218722812500003 0.5078122656249999 0.29062481875 0.5093748437500001 0.29062481875 0.5125 0.2875 0.514062578125 0.2875 0.5156251562499999 0.285937590625 0.520312265625 0.285937590625 0.52187484375 0.28437518125 0.523437421875 0.28437518125 0.526562578125 0.2812503625 0.52812515625 0.2812503625 0.5312503125 0.27812481875 0.532812265625 0.27812481875 0.532812265625 0.276562409375 0.53437484375 0.275 0.53437484375 0.273437590625 0.535937421875 0.27187518125 0.535937421875 0.260937590625 0.5375 0.25937518125 0.5375 0.2562503625 0.539062578125 0.254687228125 0.539062578125 0.25312481875000004 0.54062515625 0.251562409375 0.54062515625 0.24843759062499998 0.542187734375 0.24687518125 0.542187734375 0.239062409375 0.548437421875 0.232812771875 0.548437421875 0.176562409375 0.5468748437500001 0.175 0.5468748437500001 0.17187518125 0.545312265625 0.170312771875 0.5437503125 0.170312771875 0.542187734375 0.1687503625 0.54062515625 0.1687503625 0.535937421875 0.164062409375 0.53437484375 0.164062409375 0.532812265625 0.1625 0.526562578125 0.1625 0.523437421875 0.15937518125 0.52187484375 0.15937518125 0.520312265625 0.157812771875 0.5187503125 0.157812771875 0.517187734375 0.1562503625 0.514062578125 0.1562503625 0.5093748437500001 0.151562409375 0.5078122656249999 0.151562409375 0.5062496875 0.15 0.492187734375 0.15 0.49062515624999997 0.148437590625 0.4875 0.148437590625 0.485937421875 0.14687518125000001 0.48437484375000006 0.14687518125000001 0.48281226562499996 0.145312771875 0.4812503125 0.14687518125000001 0.47656257812499997 0.14687518125000001 0.47343742187500004 0.15 0.47031226562499995 0.15
34 0.40156257812499996 0.801562409375 0.40156257812499996 0.842187228125 0.43437484375 0.842187228125 0.435937421875 0.84062481875 0.435937421875 0.801562409375 0.43437484375 0.8 0.43281226562499997 0.8 0.429687734375 0.79687518125 0.429687734375 0.795312771875 0.42812515624999997 0.7937496375 0.40937484375000005 0.7937496375 0.4062503125 0.79687518125 0.4062503125 0.7984375906250001 0.40312515624999995 0.801562409375 0.40156257812499996 0.801562409375
35 0.2625 0.5687496375000001 0.25937484375 0.57187518125 0.25781226562500004 0.57187518125 0.2562503125 0.573437590625 0.254687734375 0.573437590625 0.25312515625 0.575 0.25 0.575 0.24687484375 0.57812481875 0.24531226562500003 0.57812481875 0.24062515625 0.582812771875 0.23906257812499998 0.582812771875 0.23281226562500001 0.589062409375 0.23281226562500001 0.592187228125 0.2312503125 0.5937503625 0.2312503125 0.598437590625 0.22968773437499998 0.6 0.22968773437499998 0.6015624093749999 0.225 0.6062503625 0.22343742187500001 0.6062503625 0.21875031250000002 0.6109375906250001 0.21875031250000002 0.6125 0.21562515625 0.61562481875 0.21562515625 0.68437518125 0.217187734375 0.685937590625 0.21875031250000002 0.685937590625 0.220312265625 0.6875 0.22187484375 0.6875 0.22656257812499997 0.692187228125 0.22968773437499998 0.692187228125 0.2312503125 0.6937503625 0.23281226562500001 0.6937503625 0.23593742187500003 0.69687518125 0.2375 0.69687518125 0.23906257812499998 0.698437590625 0.242187734375 0.698437590625 0.2437503125 0.7 0.24531226562500003 0.7 0.248437421875 0.70312481875 0.25 0.70312481875 0.251562578125 0.704687228125 0.254687734375 0.704687228125 0.2562503125 0.7062503625 0.25937484375 0.7062503625 0.260937421875 0.704687228125 0.264062578125 0.704687228125 0.26562515625 0.70312481875 0.267187734375 0.70312481875 0.270312265625 0.7 0.27187484375 0.7 0.27343742187500003 0.698437590625 0.2812503125 0.698437590625 0.282812265625 0.7 0.28437484375 0.7 0.28593742187500004 0.7015624093749999 0.2875 0.7015624093749999 0.28906257812499997 0.70312481875 0.29062515625 0.70312481875 0.292187734375 0.704687228125 0.30312515625 0.704687228125 0.30468773437499996 0.70312481875 0.3062503125 0.70312481875 0.30937484375 0.7 0.310937421875 0.7 0.3125 0.698437590625 0.3187503125 0.698437590625 0.32031226562500004 0.69687518125 0.32187484375 0.69687518125 0.326562578125 0.692187228125 0.32812515625 0.692187228125 0.33437484375 0.685937590625 0.33593742187500003 0.685937590625 0.33906257812499996 0.682812771875 0.33906257812499996 0.6187503624999999 0.3375 0.6171872281249999 0.3375 0.61562481875 0.33593742187500003 0.614062409375 0.33593742187500003 0.6125 0.33125031250000003 0.607812771875 0.33125031250000003 0.6062503625 0.329687734375 0.604687228125 0.329687734375 0.60312481875 0.323437421875 0.5968751812499999 0.323437421875 0.589062409375 0.32187484375 0.5875 0.32187484375 0.5859375906250001 0.317187734375 0.5812503625 0.31562515625 0.5812503625 0.3125 0.57812481875 0.310937421875 0.57812481875 0.30937484375 0.5765624093749999 0.3062503125 0.5765624093749999 0.30468773437499996 0.575 0.301562578125 0.575 0.29687484375 0.5703127718750001 0.295312265625 0.5703127718750001 0.2937503125 0.5687496375000001 0.28906257812499997 0.5687496375000001 0.28437484375 0.564062409375 0.27656257812499996 0.564062409375 0.27343742187500003 0.567187228125 0.270312265625 0.567187228125 0.2687496875 0.5687496375000001 0.2625 0.5687496375000001
37 0.4437496875 0.44843759062500005 0.44218773437500003 0.45 0.44218773437500003 0.45312481875 0.439062578125 0.45625036249999995 0.439062578125 0.45937518125 0.4375 0.46093759062500006 0.4375 0.464062409375 0.435937421875 0.46562481875 0.435937421875 0.46718722812499996 0.43437484375 0.46875036249999996 0.43281226562499997 0.46875036249999996 0.4312503125 0.47031277187500004 0.4312503125 0.473437590625 0.429687734375 0.475 0.429687734375 0.47656240937499994 0.426562578125 0.479687228125 0.426562578125 0.5437503625 0.4312503125 0.5484375906250001 0.43281226562499997 0.5484375906250001 0.439062578125 0.5546872281249999 0.44062515625 0.5546872281249999 0.44218773437500003 0.5562503624999999 0.4437496875 0.5562503624999999 0.44687484375000003 0.55937518125 0.448437421875 0.55937518125 0.45 0.560937590625 0.45312515624999994 0.560937590625 0.45468773437500004 0.5625 0.45625031250000003 0.5625 0.45937484375000004 0.56562481875 0.46093742187500003 0.56562481875 0.4625 0.567187228125 0.46562515624999995 0.567187228125 0.46718773437500005 0.5687496375000001 0.4687503125 0.5687496375000001 0.47187484375000005 0.57187518125 0.47343742187500004 0.57187518125 0.475 0.573437590625 0.47812515624999996 0.573437590625 0.479687734375 0.575 0.4812503125 0.575 0.48437484375000006 0.57812481875 0.485937421875 0.57812481875 0.4875 0.5765624093749999 0.492187734375 0.5765624093749999 0.4937503125 0.575 0.49531226562499997 0.575 0.49687484375 0.573437590625 0.498437421875 0.573437590625 0.5 0.57187518125 0.5015625781249999 0.57187518125 0.5062496875 0.567187228125 0.5093748437500001 0.567187228125 0.510937421875 0.56562481875 0.5125 0.56562481875 0.5156251562499999 0.5625 0.517187734375 0.5625 0.5187503125 0.560937590625 0.520312265625 0.560937590625 0.523437421875 0.557812771875 0.525 0.557812771875 0.526562578125 0.5562503624999999 0.52812515625 0.5562503624999999 0.529687734375 0.5546872281249999 0.53437484375 0.5546872281249999 0.54062515625 0.5484375906250001 0.5437503125 0.5484375906250001 0.545312265625 0.54687518125 0.5468748437500001 0.54687518125 0.551562578125 0.542187228125 0.551562578125 0.473437590625 0.548437421875 0.47031277187500004 0.548437421875 0.464062409375 0.5468748437500001 0.4625 0.5468748437500001 0.457812771875 0.539062578125 0.45 0.532812265625 0.45 0.52812515625 0.445312771875 0.523437421875 0.445312771875 0.48913454375 0.42243323593750004 0.46562515624999995 0.4437496375 0.45 0.4437496375 0.448437421875 0.445312771875 0.445312265625 0.445312771875 0.4437496875 0.44687518125 0.4437496875 0.44843759062500005
17 0.610937421875 0.42812481875 0.607812265625 0.4312503625 0.6062503125 0.4312503625 0.604687734375 0.432812771875 0.60312515625 0.432812771875 0.6 0.43593759062500004 0.598437421875 0.43593759062500004 0.59687484375 0.4375 0.595312265625 0.4375 0.589062578125 0.4437496375 0.5875 0.4437496375 0.585937421875 0.445312771875 0.58437484375 0.445312771875 0.579687734375 0.45 0.579687734375 0.451562409375 0.576562578125 0.45468722812499995 0.575 0.45468722812499995 0.573437421875 0.45625036249999995 0.5718748437500001 0.45625036249999995 0.5703122656249999 0.457812771875 0.5703122656249999 0.464062409375 0.5718748437500001 0.464062409375 0.575 0.46093759062500006 0.5781251562499999 0.46093759062500006 0.579687734375 0.45937518125 0.585937421875 0.45937518125 0.5875 0.46093759062500006 0.59062515625 0.46093759062500006 0.598437421875 0.46875036249999996 0.598437421875 0.47031277187500004 0.6 0.47187518125 0.6 0.4812503625 0.601562578125 0.48281277187500005 0.601562578125 0.48437518125 0.6062503125 0.48906240937499995 0.6062503125 0.49687518124999996 0.6 0.50312481875 0.6 0.5078127718750001 0.595312265625 0.5125 0.592187734375 0.5125 0.59062515625 0.5140624093749999 0.5781251562499999 0.5140624093749999 0.576562578125 0.5125 0.5703122656249999 0.5125 0.5687496875 0.510937590625 0.567187734375 0.510937590625 0.567187734375 0.54062481875 0.573437421875 0.54687518125 0.575 0.54687518125 0.576562578125 0.5484375906250001 0.5781251562499999 0.5484375906250001 0.579687734375 0.55 0.5812503125 0.55 0.58437484375 0.55312481875 0.585937421875 0.55312481875 0.5875 0.5546872281249999 0.5937503125 0.5546872281249999 0.595312265625 0.5562503624999999 0.607812265625 0.5562503624999999 0.6093748437500001 0.5546872281249999 0.6234374218750001 0.5546872281249999 0.625 0.5562503624999999 0.62812515625 0.5562503624999999 0.6312503125 0.55937518125 0.6343748437500001 0.55937518125 0.635937421875 0.560937590625 0.6406251562499999 0.560937590625 0.645312265625 0.56562481875 0.64687484375 0.56562481875 0.648437421875 0.564062409375 0.65 0.564062409375 0.651562578125 0.5625 0.65312515625 0.5625 0.654687734375 0.560937590625 0.65937484375 0.560937590625 0.660937421875 0.55937518125 0.6625 0.55937518125 0.6625 0.557812771875 0.664062578125 0.5562503624999999 0.667187734375 0.5562503624999999 0.6687496875 0.5546872281249999 0.6718748437500001 0.5546872281249999 0.673437421875 0.55312481875 0.675 0.55312481875 0.6781251562499999 0.55 0.6796877343750001 0.55 0.6812503125 0.5484375906250001 0.68437484375 0.5484375906250001 0.692187734375 0.54062481875 0.692187734375 0.5375 0.6937503125 0.535937590625 0.6937503125 0.520312771875 0.692187734375 0.5187503625 0.692187734375 0.45937518125 0.682812265625 0.45 0.676562578125 0.45 0.6718748437500001 0.445312771875 0.670312265625 0.445312771875 0.6687496875 0.4437496375 0.667187734375 0.4437496375 0.66562515625 0.442187228125 0.664062578125 0.442187228125 0.654687734375 0.432812771875 0.65312515625 0.432812771875 0.651562578125 0.4312503625 0.65 0.4312503625 0.648437421875 0.429687228125 0.64687484375 0.429687228125 0.6437503125 0.42656240937499995 0.642187734375 0.42656240937499995 0.6406251562499999 0.425 0.6171877343750001 0.425 0.6156251562499999 0.42656240937499995 0.614062578125 0.42656240937499995 0.6125 0.42812481875 0.610937421875 0.42812481875
31 0.192187734375 0.567187228125 0.192187734375 0.5687496375000001 0.19062515625 0.5703127718750001 0.189062578125 0.5703127718750001 0.189062578125 0.604687228125 0.19531226562499998 0.6109375906250001 0.22187484375 0.6109375906250001 0.22343742187500001 0.60937518125 0.22343742187500001 0.607812771875 0.22968773437499998 0.6015624093749999 0.22968773437499998 0.5765624093749999 0.22812515625000002 0.575 0.22812515625000002 0.573437590625 0.225 0.5703127718750001 0.225 0.5687496375000001 0.22343742187500001 0.567187228125 0.22343742187500001 0.56562481875 0.217187734375 0.55937518125 0.217187734375 0.557812771875 0.198437421875 0.557812771875 0.198437421875 0.55937518125 0.19375031250000002 0.564062409375 0.19375031250000002 0.56562481875 0.192187734375 0.567187228125
6 0.264062578125 0.285937590625 0.2625 0.2875 0.260937421875 0.2875 0.25937484375 0.289062409375 0.25781226562500004 0.289062409375 0.25312515625 0.29375036250000003 0.25 0.29375036250000003 0.24531226562500003 0.29843759062499997 0.2437503125 0.29843759062499997 0.242187734375 0.3 0.24062515625 0.3 0.23593742187500003 0.30468722812500004 0.23437484375 0.30468722812500004 0.23281226562500001 0.30625036250000004 0.2312503125 0.30625036250000004 0.22968773437499998 0.307812771875 0.22812515625000002 0.307812771875 0.22187484375 0.314062409375 0.220312265625 0.314062409375 0.220312265625 0.31562481875000004 0.21875031250000002 0.317187228125 0.21875031250000002 0.3187503625 0.217187734375 0.32031277187499996 0.217187734375 0.32187518125 0.21562515625 0.323437590625 0.21562515625 0.401562409375 0.225 0.410937590625 0.22656257812499997 0.410937590625 0.2312503125 0.41562481875 0.23281226562500001 0.41562481875 0.23437484375 0.417187228125 0.23906257812499998 0.417187228125 0.2437503125 0.42187518125 0.24531226562500003 0.42187518125 0.24687484375 0.423437590625 0.264062578125 0.423437590625 0.26562515625 0.42187518125 0.267187734375 0.42187518125 0.27187484375 0.417187228125 0.27812515625 0.417187228125 0.279687734375 0.4187503625 0.2812503125 0.4187503625 0.28437484375 0.42187518125 0.2875 0.42187518125 0.28906257812499997 0.423437590625 0.295312265625 0.423437590625 0.29687484375 0.425 0.298437421875 0.425 0.3 0.42656240937499995 0.30468773437499996 0.42656240937499995 0.3062503125 0.425 0.30937484375 0.425 0.310937421875 0.423437590625 0.314062578125 0.423437590625 0.32031226562500004 0.417187228125 0.323437421875 0.417187228125 0.329687734375 0.410937590625 0.33125031250000003 0.410937590625 0.34062515625 0.401562409375 0.34062515625 0.4 0.342187734375 0.398437590625 0.342187734375 0.38437518125 0.3437503125 0.38281277187499996 0.3437503125 0.38124963749999996 0.342187734375 0.379687228125 0.342187734375 0.32187518125 0.34062515625 0.32031277187499996 0.34062515625 0.3187503625 0.3375 0.31562481875000004 0.3375 0.314062409375 0.33593742187500003 0.3125 0.33437484375 0.3125 0.332812265625 0.310937590625 0.33125031250000003 0.310937590625 0.329687734375 0.30937518124999996 0.329687734375 0.307812771875 0.32812515625 0.307812771875 0.326562578125 0.30625036250000004 0.32187484375 0.30625036250000004 0.32031226562500004 0.30468722812500004 0.3187503125 0.30468722812500004 0.31562515625 0.301562409375 0.314062578125 0.301562409375 0.3125 0.3 0.310937421875 0.3 0.30937484375 0.29843759062499997 0.307812265625 0.29843759062499997 0.30468773437499996 0.295312771875 0.30312515625 0.295312771875 0.295312265625 0.2875 0.2937503125 0.2875 0.29062515625 0.28437518125 0.28906257812499997 0.28437518125 0.28593742187500004 0.2812503625 0.27187484375 0.2812503625 0.270312265625 0.282812771875 0.2687496875 0.282812771875 0.26562515625 0.285937590625 0.264062578125 0.285937590625
36 0.325 0.432812771875 0.323437421875 0.43437518124999996 0.32187484375 0.43437518124999996 0.3187503125 0.4375 0.317187734375 0.4375 0.314062578125 0.44062481875000004 0.3125 0.44062481875000004 0.30937484375 0.4437496375 0.307812265625 0.4437496375 0.30468773437499996 0.44687518125 0.30468773437499996 0.44843759062500005 0.30312515625 0.45 0.30312515625 0.451562409375 0.301562578125 0.45312481875 0.301562578125 0.45625036249999995 0.3 0.457812771875 0.3 0.46093759062500006 0.298437421875 0.4625 0.298437421875 0.464062409375 0.29062515625 0.47187518125 0.29062515625 0.542187228125 0.292187734375 0.5437503625 0.292187734375 0.545312771875 0.3 0.55312481875 0.301562578125 0.55312481875 0.30312515625 0.5546872281249999 0.307812265625 0.5546872281249999 0.3125 0.55937518125 0.314062578125 0.55937518125 0.31562515625 0.560937590625 0.323437421875 0.560937590625 0.325 0.5625 0.32812515625 0.5625 0.329687734375 0.560937590625 0.33906257812499996 0.560937590625 0.34062515625 0.55937518125 0.342187734375 0.55937518125 0.345312265625 0.5562503624999999 0.34843742187500004 0.5562503624999999 0.35156257812499997 0.55937518125 0.354687734375 0.55937518125 0.3562503125 0.560937590625 0.364062578125 0.560937590625 0.36562515625 0.5625 0.36718773437499996 0.5625 0.370312265625 0.56562481875 0.373437421875 0.56562481875 0.375 0.564062409375 0.37812515625 0.564062409375 0.379687734375 0.5625 0.3812496875 0.5625 0.38281226562500004 0.560937590625 0.385937421875 0.560937590625 0.3875 0.55937518125 0.389062578125 0.55937518125 0.392187734375 0.5562503624999999 0.39375031250000003 0.5562503624999999 0.395312265625 0.5546872281249999 0.39687484375 0.5546872281249999 0.40468773437500005 0.54687518125 0.40468773437500005 0.545312771875 0.40781226562499995 0.542187228125 0.40781226562499995 0.54062481875 0.40937484375000005 0.5390624093749999 0.40937484375000005 0.475 0.40781226562499995 0.475 0.40468773437500005 0.47187518125 0.40468773437500005 0.47031277187500004 0.40312515624999995 0.46875036249999996 0.40156257812499996 0.46875036249999996 0.39843742187500003 0.46562481875 0.39843742187500003 0.46093759062500006 0.39687484375 0.45937518125 0.39687484375 0.457812771875 0.39375031250000003 0.45468722812499995 0.39375031250000003 0.45312481875 0.392187734375 0.451562409375 0.392187734375 0.44843759062500005 0.39062515625 0.44687518125 0.39062515625 0.445312771875 0.389062578125 0.445312771875 0.3875 0.4437496375 0.385937421875 0.4437496375 0.38437484375 0.442187228125 0.38281226562500004 0.442187228125 0.37812515625 0.4375 0.376562578125 0.4375 0.375 0.43593759062500004 0.373437421875 0.43593759062500004 0.370312265625 0.432812771875 0.36718773437499996 0.432812771875 0.36562515625 0.4312503625 0.357812265625 0.4312503625 0.3562503125 0.429687228125 0.3375 0.429687228125 0.33593742187500003 0.4312503625 0.32812515625 0.4312503625 0.326562578125 0.432812771875 0.325 0.432812771875
0 0.47187484375000005 0.7156248187500001 0.47031226562499995 0.717187228125 0.46718773437500005 0.717187228125 0.46562515624999995 0.7187503625 0.4625 0.7187503625 0.46093742187500003 0.720312771875 0.45937484375000004 0.720312771875 0.45625031250000003 0.723437590625 0.45468773437500004 0.723437590625 0.45312515624999994 0.725 0.451562578125 0.725 0.45 0.7265624093749999 0.448437421875 0.7265624093749999 0.445312265625 0.729687228125 0.4437496875 0.729687228125 0.44218773437500003 0.7312503625 0.44062515625 0.7312503625 0.439062578125 0.732812771875 0.4375 0.732812771875 0.4312503125 0.739062409375 0.4312503125 0.7421872281249999 0.429687734375 0.7437503624999999 0.429687734375 0.792187228125 0.4312503125 0.7937496375 0.4312503125 0.79687518125 0.43281226562499997 0.7984375906250001 0.43437484375 0.7984375906250001 0.4375 0.801562409375 0.4375 0.8187503625 0.439062578125 0.8203127718750001 0.439062578125 0.82187518125 0.44062515625 0.823437590625 0.44062515625 0.825 0.44218773437500003 0.826562409375 0.44218773437500003 0.8281248187499999 0.4437496875 0.829687228125 0.4437496875 0.8343751812500001 0.445312265625 0.835937590625 0.445312265625 0.8375 0.451562578125 0.8437503625 0.45312515624999994 0.8437503625 0.457812265625 0.8484375906249999 0.45937484375000004 0.8484375906249999 0.46093742187500003 0.85 0.4625 0.85 0.46562515624999995 0.8531248187499999 0.46718773437500005 0.8531248187499999 0.4687503125 0.854687228125 0.47031226562499995 0.854687228125 0.47656257812499997 0.860937590625 0.489062578125 0.860937590625 0.49062515624999997 0.8593751812500001 0.492187734375 0.8593751812500001 0.49531226562499997 0.8562496375 0.49687484375 0.8562496375 0.498437421875 0.854687228125 0.5 0.854687228125 0.5078122656249999 0.84687518125 0.5093748437500001 0.84687518125 0.514062578125 0.842187228125 0.517187734375 0.842187228125 0.5187503125 0.84062481875 0.520312265625 0.84062481875 0.523437421875 0.8375 0.523437421875 0.835937590625 0.525 0.8343751812500001 0.525 0.832812771875 0.526562578125 0.8312503625 0.526562578125 0.829687228125 0.52812515625 0.8281248187499999 0.52812515625 0.823437590625 0.529687734375 0.82187518125 0.529687734375 0.8046872281249999 0.5312503125 0.80312481875 0.5312503125 0.801562409375 0.545312265625 0.7875 0.545312265625 0.74062481875 0.5375 0.732812771875 0.535937421875 0.732812771875 0.53437484375 0.7312503625 0.532812265625 0.7312503625 0.52812515625 0.7265624093749999 0.526562578125 0.7265624093749999 0.525 0.725 0.523437421875 0.725 0.52187484375 0.723437590625 0.520312265625 0.723437590625 0.5156251562499999 0.7187503625 0.5125 0.7187503625 0.510937421875 0.717187228125 0.5093748437500001 0.717187228125 0.5062496875 0.714062409375 0.50312515625 0.714062409375 0.5015625781249999 0.7125 0.4812503125 0.7125 0.479687734375 0.714062409375 0.47656257812499997 0.714062409375 0.475 0.7156248187500001 0.47187484375000005 0.7156248187500001
33 0.475 0.09687518125 0.4687503125 0.10312481874999999 0.4687503125 0.13437518125 0.475 0.14062481875 0.504687734375 0.14062481875 0.504687734375 0.139062409375 0.5093748437500001 0.13437518125 0.5093748437500001 0.117187228125 0.5062496875 0.114062409375 0.5062496875 0.110937590625 0.504687734375 0.10937518125000001 0.504687734375 0.1 0.50312515625 0.098437590625 0.50312515625 0.09687518125 0.5015625781249999 0.09531277187500001 0.5 0.09531277187500001 0.498437421875 0.09375036249999999 0.49687484375 0.09375036249999999 0.4937503125 0.09062481875 0.4812503125 0.09062481875 0.47812515624999996 0.09375036249999999 0.47656257812499997 0.09375036249999999 0.475 0.09531277187500001 0.475 0.09687518125
36 0.6890625781249999 0.573437590625 0.6859374218750001 0.5765624093749999 0.676562578125 0.5765624093749999 0.673437421875 0.579687228125 0.6718748437500001 0.579687228125 0.670312265625 0.5812503625 0.6687496875 0.5812503625 0.667187734375 0.582812771875 0.66562515625 0.582812771875 0.660937421875 0.5875 0.660937421875 0.589062409375 0.65937484375 0.5906248187500001 0.65937484375 0.592187228125 0.657812265625 0.5937503625 0.657812265625 0.5968751812499999 0.6562503125 0.598437590625 0.6562503125 0.60312481875 0.65312515625 0.6062503625 0.651562578125 0.6062503625 0.642187734375 0.61562481875 0.642187734375 0.6171872281249999 0.6406251562499999 0.6187503624999999 0.6406251562499999 0.6812503624999999 0.642187734375 0.682812771875 0.642187734375 0.68437518125 0.648437421875 0.69062481875 0.65 0.69062481875 0.651562578125 0.692187228125 0.65312515625 0.692187228125 0.657812265625 0.69687518125 0.65937484375 0.69687518125 0.660937421875 0.698437590625 0.66562515625 0.698437590625 0.667187734375 0.7 0.6687496875 0.7 0.6718748437500001 0.70312481875 0.675 0.70312481875 0.676562578125 0.704687228125 0.682812265625 0.704687228125 0.68437484375 0.70312481875 0.6859374218750001 0.70312481875 0.6859374218750001 0.7015624093749999 0.6890625781249999 0.698437590625 0.7062503125 0.698437590625 0.707812265625 0.7 0.710937421875 0.7 0.7125 0.7015624093749999 0.714062578125 0.7015624093749999 0.71562515625 0.70312481875 0.72187484375 0.70312481875 0.725 0.7 0.726562578125 0.7 0.72812515625 0.698437590625 0.735937421875 0.698437590625 0.7375 0.69687518125 0.7406251562499999 0.69687518125 0.7406251562499999 0.6953127718750001 0.7421877343750001 0.6937503625 0.7437503125 0.6937503625 0.745312265625 0.692187228125 0.74687484375 0.692187228125 0.7484374218750001 0.69062481875 0.7484374218750001 0.689062409375 0.75 0.6875 0.7515625781249999 0.6875 0.75312515625 0.685937590625 0.754687734375 0.685937590625 0.7562503125 0.68437518125 0.7578122656249999 0.68437518125 0.7593748437500001 0.682812771875 0.7593748437500001 0.6812503624999999 0.760937421875 0.6796872281249999 0.760937421875 0.614062409375 0.7593748437500001 0.6125 0.7578122656249999 0.6125 0.7484374218750001 0.60312481875 0.7484374218750001 0.598437590625 0.74687484375 0.5968751812499999 0.74687484375 0.5937503625 0.7437503125 0.5906248187500001 0.7437503125 0.589062409375 0.7421877343750001 0.5875 0.7421877343750001 0.5859375906250001 0.739062578125 0.582812771875 0.7375 0.582812771875 0.735937421875 0.5812503625 0.7312496875 0.5812503625 0.72812515625 0.57812481875 0.726562578125 0.57812481875 0.725 0.5765624093749999 0.723437421875 0.5765624093749999 0.72187484375 0.575 0.720312265625 0.575 0.7187503125 0.573437590625 0.717187734375 0.573437590625 0.714062578125 0.5703127718750001 0.7125 0.5703127718750001 0.710937421875 0.5687496375000001 0.6937503125 0.5687496375000001 0.692187734375 0.5703127718750001 0.69062515625 0.5703127718750001 0.6890625781249999 0.57187518125 0.6890625781249999 0.573437590625
31 0.264062578125 0.425 0.2625 0.42656240937499995 0.2625 0.42812481875 0.25937484375 0.4312503625 0.25937484375 0.4625 0.264062578125 0.46718722812499996 0.27187484375 0.46718722812499996 0.27343742187500003 0.46875036249999996 0.28593742187500004 0.46875036249999996 0.2875 0.46718722812499996 0.292187734375 0.46718722812499996 0.298437421875 0.46093759062500006 0.298437421875 0.4312503625 0.295312265625 0.42812481875 0.295312265625 0.42656240937499995 0.2937503125 0.42656240937499995 0.292187734375 0.425 0.29062515625 0.425 0.282812265625 0.417187228125 0.27187484375 0.417187228125 0.2687496875 0.42031277187500005 0.2687496875 0.42187518125 0.26562515625 0.425 0.264062578125 0.425
12 0.6062503125 0.279687228125 0.65312515625 0.279687228125 0.654687734375 0.27812481875 0.654687734375 0.22031277187499998 0.65312515625 0.21875036250000002 0.6062503125 0.21875036250000002 0.60312515625 0.22187518125 0.60312515625 0.27812481875 0.604687734375 0.27812481875 0.6062503125 0.279687228125
0 0.754687734375 0.423437590625 0.7484374218750001 0.429687228125 0.74687484375 0.429687228125 0.745312265625 0.4312503625 0.7437503125 0.4312503625 0.7375 0.4375 0.735937421875 0.4375 0.729687734375 0.4437496375 0.72812515625 0.4437496375 0.723437421875 0.44843759062500005 0.72187484375 0.44843759062500005 0.720312265625 0.45 0.7187503125 0.45 0.7125 0.45625036249999995 0.710937421875 0.45625036249999995 0.707812265625 0.45937518125 0.707812265625 0.46093759062500006 0.7062503125 0.4625 0.7062503125 0.542187228125 0.707812265625 0.542187228125 0.714062578125 0.5484375906250001 0.717187734375 0.5484375906250001 0.720312265625 0.551562409375 0.72187484375 0.551562409375 0.723437421875 0.55312481875 0.725 0.55312481875 0.726562578125 0.5546872281249999 0.729687734375 0.5546872281249999 0.7312496875 0.5562503624999999 0.732812265625 0.5562503624999999 0.735937421875 0.55937518125 0.7375 0.55937518125 0.739062578125 0.560937590625 0.754687734375 0.560937590625 0.7562503125 0.55937518125 0.760937421875 0.55937518125 0.7625 0.557812771875 0.77812515625 0.557812771875 0.779687734375 0.55937518125 0.78437484375 0.55937518125 0.7875 0.5625 0.789062578125 0.5625 0.792187734375 0.56562481875 0.798437421875 0.56562481875 0.8 0.564062409375 0.801562578125 0.564062409375 0.8031251562499999 0.5625 0.804687734375 0.5625 0.8062503124999999 0.560937590625 0.80937484375 0.560937590625 0.8109374218750001 0.55937518125 0.8125 0.55937518125 0.81562515625 0.5562503624999999 0.8171877343749999 0.5562503624999999 0.8187503125 0.5546872281249999 0.820312265625 0.5546872281249999 0.8218748437500001 0.55312481875 0.823437421875 0.55312481875 0.823437421875 0.551562409375 0.826562578125 0.5484375906250001 0.8281251562499999 0.5484375906250001 0.8312503124999999 0.545312771875 0.8312503124999999 0.5437503625 0.8328122656250001 0.542187228125 0.8328122656250001 0.52187518125 0.8312503124999999 0.520312771875 0.8312503124999999 0.492187228125 0.829687734375 0.49062481875 0.829687734375 0.46093759062500006 0.8281251562499999 0.45937518125 0.8281251562499999 0.457812771875 0.826562578125 0.45625036249999995 0.825 0.45625036249999995 0.823437421875 0.45468722812499995 0.823437421875 0.45312481875 0.8218748437500001 0.451562409375 0.820312265625 0.451562409375 0.8187503125 0.45 0.8171877343749999 0.45 0.81562515625 0.44843759062500005 0.8140625781249999 0.44843759062500005 0.80937484375 0.4437496375 0.8078122656250001 0.4437496375 0.801562578125 0.4375 0.798437421875 0.4375 0.7968748437500001 0.43593759062500004 0.795312265625 0.43593759062500004 0.79062515625 0.4312503625 0.789062578125 0.4312503625 0.7875 0.429687228125 0.785937421875 0.429687228125 0.782812265625 0.42656240937499995 0.7812503125 0.42656240937499995 0.779687734375 0.425 0.77812515625 0.425 0.776562578125 0.423437590625 0.775 0.423437590625 0.77187484375 0.42031277187500005 0.767187734375 0.42031277187500005 0.7656251562499999 0.4187503625 0.764062578125 0.4187503625 0.7625 0.42031277187500005 0.7593748437500001 0.42031277187500005 0.7562503125 0.423437590625 0.754687734375 0.423437590625
35 0.55 0.56562481875 0.548437421875 0.567187228125 0.5468748437500001 0.567187228125 0.545312265625 0.5687496375000001 0.542187734375 0.5687496375000001 0.54062515625 0.5703127718750001 0.539062578125 0.5703127718750001 0.53437484375 0.575 0.5312503125 0.575 0.529687734375 0.5765624093749999 0.52812515625 0.5765624093749999 0.523437421875 0.5812503625 0.52187484375 0.5812503625 0.520312265625 0.582812771875 0.5187503125 0.582812771875 0.514062578125 0.5875 0.510937421875 0.5875 0.50312515625 0.595312771875 0.5015625781249999 0.595312771875 0.5015625781249999 0.5968751812499999 0.5 0.598437590625 0.5 0.604687228125 0.498437421875 0.6062503625 0.498437421875 0.6640624093749999 0.5 0.66562481875 0.5 0.6687503625 0.5015625781249999 0.670312771875 0.5015625781249999 0.67187518125 0.50312515625 0.67187518125 0.504687734375 0.6734375906250001 0.5062496875 0.6734375906250001 0.5078122656249999 0.675 0.5093748437500001 0.675 0.517187734375 0.682812771875 0.517187734375 0.68437518125 0.5187503125 0.685937590625 0.5187503125 0.69062481875 0.520312265625 0.692187228125 0.520312265625 0.6953127718750001 0.523437421875 0.698437590625 0.525 0.698437590625 0.52812515625 0.7015624093749999 0.529687734375 0.7015624093749999 0.5312503125 0.70312481875 0.53437484375 0.70312481875 0.535937421875 0.704687228125 0.5812503125 0.704687228125 0.582812265625 0.70312481875 0.58437484375 0.70312481875 0.589062578125 0.698437590625 0.595312265625 0.698437590625 0.59687484375 0.69687518125 0.598437421875 0.69687518125 0.6 0.6953127718750001 0.601562578125 0.6953127718750001 0.60312515625 0.6937503625 0.604687734375 0.6937503625 0.6062503125 0.692187228125 0.6093748437500001 0.692187228125 0.6187503125 0.682812771875 0.6187503125 0.6812503624999999 0.6171877343750001 0.6796872281249999 0.6171877343750001 0.66562481875 0.6187503125 0.6640624093749999 0.6187503125 0.65 0.6171877343750001 0.6484375906250001 0.6171877343750001 0.6187503624999999 0.610937421875 0.6125 0.6093748437500001 0.6125 0.604687734375 0.607812771875 0.604687734375 0.604687228125 0.60312515625 0.60312481875 0.60312515625 0.6015624093749999 0.6 0.598437590625 0.6 0.5968751812499999 0.598437421875 0.595312771875 0.598437421875 0.5906248187500001 0.59687484375 0.589062409375 0.59687484375 0.5875 0.595312265625 0.5875 0.592187734375 0.58437518125 0.592187734375 0.582812771875 0.59062515625 0.5812503625 0.589062578125 0.5812503625 0.58437484375 0.5765624093749999 0.582812265625 0.5765624093749999 0.5812503125 0.575 0.579687734375 0.575 0.5781251562499999 0.573437590625 0.576562578125 0.573437590625 0.5718748437500001 0.5687496375000001 0.5703122656249999 0.5687496375000001 0.56562515625 0.564062409375 0.5625 0.564062409375 0.5609374218750001 0.5625 0.5562503125 0.5625 0.5546877343750001 0.564062409375 0.5531251562499999 0.564062409375 0.551562578125 0.56562481875 0.55 0.56562481875
17 0.19062515625 0.42656240937499995 0.1875 0.429687228125 0.185937421875 0.429687228125 0.18437484375 0.4312503625 0.182812265625 0.4312503625 0.176562578125 0.4375 0.173437421875 0.4375 0.17187484375 0.43906240937499996 0.170312265625 0.43906240937499996 0.16562515625000002 0.4437496375 0.164062578125 0.4437496375 0.1625 0.445312771875 0.160937421875 0.445312771875 0.160937421875 0.44687518125 0.15937484375 0.44843759062500005 0.157812265625 0.44843759062500005 0.154687734375 0.451562409375 0.15312515625 0.451562409375 0.151562578125 0.45312481875 0.151562578125 0.45468722812499995 0.148437421875 0.457812771875 0.148437421875 0.45937518125 0.145312265625 0.4625 0.145312265625 0.54687518125 0.14687484374999998 0.5484375906250001 0.15 0.5484375906250001 0.151562578125 0.55 0.15312515625 0.55 0.157812265625 0.5546872281249999 0.15937484375 0.5546872281249999 0.160937421875 0.5562503624999999 0.1625 0.5562503624999999 0.16562515625000002 0.55937518125 0.167187734375 0.55937518125 0.1687503125 0.560937590625 0.170312265625 0.560937590625 0.17187484375 0.5625 0.173437421875 0.5625 0.175 0.564062409375 0.175 0.56562481875 0.176562578125 0.56562481875 0.17812515625 0.567187228125 0.189062578125 0.567187228125 0.19531226562499998 0.560937590625 0.20156257812499997 0.560937590625 0.20312515625 0.55937518125 0.2062496875 0.55937518125 0.20781226562500002 0.557812771875 0.21093742187500003 0.557812771875 0.2125 0.55937518125 0.21875031250000002 0.55937518125 0.220312265625 0.560937590625 0.24062515625 0.560937590625 0.242187734375 0.55937518125 0.2437503125 0.55937518125 0.24531226562500003 0.557812771875 0.24687484375 0.557812771875 0.248437421875 0.5562503624999999 0.25 0.5562503624999999 0.251562578125 0.5546872281249999 0.254687734375 0.5546872281249999 0.2562503125 0.55312481875 0.25937484375 0.55312481875 0.25937484375 0.551562409375 0.2625 0.5484375906250001 0.264062578125 0.5484375906250001 0.267187734375 0.545312771875 0.267187734375 0.54062481875 0.2687496875 0.5390624093749999 0.2687496875 0.5343751812499999 0.270312265625 0.532812771875 0.270312265625 0.492187228125 0.2687496875 0.49062481875 0.2687496875 0.48437518125 0.267187734375 0.48281277187500005 0.267187734375 0.47812481875 0.26562515625 0.47656240937499994 0.26562515625 0.475 0.254687734375 0.464062409375 0.254687734375 0.4625 0.25312515625 0.46093759062500006 0.25312515625 0.457812771875 0.251562578125 0.45625036249999995 0.251562578125 0.45312481875 0.25 0.451562409375 0.25 0.45 0.248437421875 0.44843759062500005 0.248437421875 0.44687518125 0.23906257812499998 0.4375 0.2375 0.4375 0.23593742187500003 0.43593759062500004 0.23437484375 0.43593759062500004 0.22968773437499998 0.4312503625 0.22812515625000002 0.4312503625 0.22187484375 0.425 0.220312265625 0.425 0.21562515625 0.42031277187500005 0.2 0.42031277187500005 0.19531226562499998 0.425 0.19375031250000002 0.425 0.192187734375 0.42656240937499995 0.19062515625 0.42656240937499995
32 0.40156257812499996 0.425 0.40156257812499996 0.42656240937499995 0.4 0.42812481875 0.4 0.464062409375 0.40312515624999995 0.46718722812499996 0.40937484375000005 0.46718722812499996 0.41093742187500004 0.46875036249999996 0.4187503125 0.46875036249999996 0.42031226562499996 0.46718722812499996 0.43437484375 0.46718722812499996 0.435937421875 0.46562481875 0.435937421875 0.4375 0.4375 0.43593759062500004 0.4375 0.432812771875 0.435937421875 0.4312503625 0.435937421875 0.42656240937499995 0.43437484375 0.425 0.43437484375 0.423437590625 0.42812515624999997 0.417187228125 0.40781226562499995 0.417187228125 0.4062503125 0.4187503625 0.4062503125 0.42187518125 0.40312515624999995 0.425 0.40156257812499996 0.425
31 0.54062515625 0.2437503625 0.539062578125 0.2437503625 0.539062578125 0.276562409375 0.54062515625 0.27812481875 0.542187734375 0.27812481875 0.5437503125 0.279687228125 0.5718748437500001 0.279687228125 0.5781251562499999 0.273437590625 0.5781251562499999 0.24531277187499997 0.573437421875 0.24062481875000002 0.573437421875 0.239062409375 0.5718748437500001 0.2375 0.5703122656249999 0.2375 0.567187734375 0.23437518124999998 0.567187734375 0.232812771875 0.56562515625 0.23125036250000003 0.55 0.23125036250000003 0.55 0.232812771875 0.542187734375 0.24062481875000002 0.542187734375 0.24218722812500001 0.54062515625 0.2437503625
28 0.598437421875 0.6953127718750001 0.595312265625 0.698437590625 0.5937503125 0.698437590625 0.592187734375 0.7 0.589062578125 0.7 0.5875 0.7015624093749999 0.5875 0.70312481875 0.58437484375 0.7062503625 0.582812265625 0.7062503625 0.5781251562499999 0.7109375906250001 0.576562578125 0.7109375906250001 0.575 0.7125 0.5703122656249999 0.7125 0.5687496875 0.714062409375 0.5687496875 0.7156248187500001 0.56562515625 0.7187503625 0.5640625781249999 0.7187503625 0.5625 0.720312771875 0.5625 0.73437518125 0.5640625781249999 0.7359375906250001 0.576562578125 0.7359375906250001 0.582812265625 0.729687228125 0.58437484375 0.729687228125 0.59062515625 0.723437590625 0.595312265625 0.723437590625 0.601562578125 0.717187228125 0.60312515625 0.717187228125 0.604687734375 0.7156248187500001 0.6062503125 0.7156248187500001 0.6093748437500001 0.7125 0.610937421875 0.7125 0.6125 0.7109375906250001 0.6156251562499999 0.7109375906250001 0.6171877343750001 0.70937518125 0.6171877343750001 0.707812771875 0.620312265625 0.704687228125 0.62187484375 0.704687228125 0.62812515625 0.698437590625 0.629687734375 0.698437590625 0.629687734375 0.6875 0.6093748437500001 0.6875 0.60312515625 0.6937503625 0.601562578125 0.6937503625 0.6 0.6953127718750001 0.598437421875 0.6953127718750001
33 0.682812265625 0.1437503625 0.6812503125 0.145312771875 0.6812503125 0.14687518125000001 0.6796877343750001 0.148437590625 0.6796877343750001 0.17812481875 0.6812503125 0.179687228125 0.6812503125 0.18437518125000002 0.682812265625 0.18593759062499998 0.69062515625 0.18593759062499998 0.692187734375 0.1875 0.6937503125 0.1875 0.6953122656249999 0.18906240937500002 0.710937421875 0.18906240937500002 0.7125 0.1875 0.714062578125 0.1875 0.71562515625 0.18593759062499998 0.717187734375 0.18593759062499998 0.720312265625 0.182812771875 0.720312265625 0.175 0.717187734375 0.17187518125 0.717187734375 0.14687518125000001 0.714062578125 0.1437503625 0.70937484375 0.1437503625 0.7031251562499999 0.1375 0.6890625781249999 0.1375 0.6875 0.139062409375 0.6875 0.14062481875 0.68437484375 0.1437503625 0.682812265625 0.1437503625
27 0.5062496875 0.14687518125000001 0.5078122656249999 0.148437590625 0.5078122656249999 0.15 0.510937421875 0.15312481875 0.5125 0.15312481875 0.514062578125 0.154687228125 0.5156251562499999 0.154687228125 0.5187503125 0.157812771875 0.5187503125 0.15937518125 0.520312265625 0.160937590625 0.523437421875 0.160937590625 0.525 0.1625 0.526562578125 0.1625 0.529687734375 0.16562481874999999 0.5312503125 0.16562481874999999 0.532812265625 0.167187228125 0.53437484375 0.167187228125 0.54062515625 0.173437590625 0.5531251562499999 0.173437590625 0.5546877343750001 0.17187518125 0.5546877343750001 0.157812771875 0.5531251562499999 0.1562503625 0.551562578125 0.1562503625 0.55 0.154687228125 0.548437421875 0.154687228125 0.545312265625 0.151562409375 0.5437503125 0.151562409375 0.542187734375 0.15 0.539062578125 0.15 0.535937421875 0.14687518125000001 0.535937421875 0.145312771875 0.53437484375 0.1437503625 0.532812265625 0.1437503625 0.526562578125 0.1375 0.52187484375 0.1375 0.520312265625 0.135937590625 0.5015625781249999 0.135937590625 0.5015625781249999 0.142187228125 0.50312515625 0.142187228125 0.5062496875 0.145312771875 0.5062496875 0.14687518125000001
15 0.5093748437500001 0.279687228125 0.514062578125 0.275 0.514062578125 0.223437590625 0.5125 0.22187518125 0.5125 0.22031277187499998 0.46406257812499996 0.22031277187499998 0.4625 0.22187518125 0.4625 0.27812481875 0.46406257812499996 0.279687228125 0.5093748437500001 0.279687228125
32 0.6796877343750001 0.714062409375 0.6781251562499999 0.7156248187500001 0.6781251562499999 0.7437503624999999 0.682812265625 0.748437590625 0.6859374218750001 0.748437590625 0.6875 0.75 0.6890625781249999 0.75 0.69062515625 0.751562409375 0.704687734375 0.751562409375 0.7062503125 0.75 0.710937421875 0.75 0.7125 0.748437590625 0.71562515625 0.748437590625 0.717187734375 0.74687518125 0.717187734375 0.707812771875 0.71562515625 0.7062503625 0.714062578125 0.7062503625 0.707812265625 0.7 0.6890625781249999 0.7 0.6812503125 0.707812771875 0.6812503125 0.70937518125 0.6796877343750001 0.7109375906250001 0.6796877343750001 0.714062409375
25 0.21406257812499999 0.704687228125 0.21562515625 0.704687228125 0.217187734375 0.7062503625 0.21875031250000002 0.7062503625 0.22187484375 0.70937518125 0.22343742187500001 0.70937518125 0.225 0.7109375906250001 0.22812515625000002 0.7109375906250001 0.2312503125 0.714062409375 0.2312503125 0.7156248187500001 0.23281226562500001 0.717187228125 0.23437484375 0.717187228125 0.24062515625 0.723437590625 0.24687484375 0.723437590625 0.25 0.7265624093749999 0.25 0.72812481875 0.254687734375 0.72812481875 0.2562503125 0.7265624093749999 0.2562503125 0.725 0.25781226562500004 0.723437590625 0.25781226562500004 0.7125 0.254687734375 0.70937518125 0.254687734375 0.707812771875 0.24687484375 0.7 0.24531226562500003 0.7 0.242187734375 0.69687518125 0.242187734375 0.6953127718750001 0.24062515625 0.6937503625 0.2375 0.6937503625 0.23593742187500003 0.692187228125 0.23437484375 0.692187228125 0.2312503125 0.689062409375 0.22968773437499998 0.689062409375 0.22812515625000002 0.6875 0.22656257812499997 0.6875 0.225 0.685937590625 0.21093742187500003 0.685937590625 0.21093742187500003 0.7 0.2125 0.7015624093749999 0.2125 0.70312481875 0.21406257812499999 0.704687228125
25 0.32187484375 0.6937503625 0.32031226562500004 0.6937503625 0.3187503125 0.6953127718750001 0.317187734375 0.6953127718750001 0.314062578125 0.698437590625 0.3125 0.698437590625 0.310937421875 0.7 0.307812265625 0.7 0.301562578125 0.7062503625 0.3 0.7062503625 0.3 0.72812481875 0.30937484375 0.72812481875 0.32031226562500004 0.717187228125 0.32187484375 0.717187228125 0.32812515625 0.7109375906250001 0.33125031250000003 0.7109375906250001 0.332812265625 0.70937518125 0.33437484375 0.70937518125 0.33906257812499996 0.704687228125 0.34062515625 0.704687228125 0.342187734375 0.70312481875 0.342187734375 0.7015624093749999 0.345312265625 0.698437590625 0.34687484375 0.698437590625 0.34687484375 0.6875 0.32812515625 0.6875 0.326562578125 0.689062409375 0.325 0.689062409375 0.325 0.69062481875 0.32187484375 0.6937503625
27 0.375 0.154687228125 0.37812515625 0.154687228125 0.3812496875 0.157812771875 0.3812496875 0.15937518125 0.38281226562500004 0.160937590625 0.38437484375 0.160937590625 0.39062515625 0.167187228125 0.39687484375 0.167187228125 0.4 0.170312771875 0.4 0.17187518125 0.41562515624999996 0.17187518125 0.41562515624999996 0.1562503625 0.4125 0.1562503625 0.41093742187500004 0.154687228125 0.40937484375000005 0.154687228125 0.40468773437500005 0.15 0.40156257812499996 0.15 0.39843742187500003 0.14687518125000001 0.39843742187500003 0.145312771875 0.39687484375 0.1437503625 0.392187734375 0.1437503625 0.39062515625 0.142187228125 0.389062578125 0.142187228125 0.3875 0.14062481875 0.3875 0.139062409375 0.385937421875 0.1375 0.38437484375 0.1375 0.3812496875 0.13437518125 0.3625 0.13437518125 0.3625 0.1437503625 0.37187484375 0.15312481875 0.373437421875 0.15312481875 0.375 0.154687228125
26 0.498437421875 0.423437590625 0.50312515625 0.42812481875 0.504687734375 0.42812481875 0.5062496875 0.429687228125 0.5093748437500001 0.429687228125 0.5125 0.432812771875 0.5125 0.43437518124999996 0.514062578125 0.43593759062500004 0.5156251562499999 0.43593759062500004 0.52187484375 0.442187228125 0.52812515625 0.442187228125 0.5312503125 0.445312771875 0.5312503125 0.44687518125 0.532812265625 0.44843759062500005 0.53437484375 0.44843759062500005 0.5375 0.451562409375 0.5375 0.45312481875 0.539062578125 0.45468722812499995 0.5531251562499999 0.45468722812499995 0.5546877343750001 0.45312481875 0.5546877343750001 0.43906240937499996 0.5531251562499999 0.4375 0.551562578125 0.4375 0.548437421875 0.43437518124999996 0.548437421875 0.432812771875 0.5468748437500001 0.4312503625 0.54062515625 0.4312503625 0.53437484375 0.425 0.532812265625 0.425 0.529687734375 0.42187518125 0.529687734375 0.42031277187500005 0.52812515625 0.4187503625 0.523437421875 0.4187503625 0.52187484375 0.417187228125 0.520312265625 0.417187228125 0.5156251562499999 0.4125 0.514062578125 0.4125 0.510937421875 0.40937518125 0.510937421875 0.40781277187500004 0.5093748437500001 0.40781277187500004 0.5078122656249999 0.40625036249999996 0.49531226562499997 0.40625036249999996 0.4937503125 0.40781277187500004 0.4937503125 0.42031277187500005 0.49687484375 0.423437590625 0.498437421875 0.423437590625
27 0.4375 0.2875 0.4375 0.29062481875 0.439062578125 0.29218722812500003 0.44062515625 0.29218722812500003 0.44687484375000003 0.29843759062499997 0.451562578125 0.29843759062499997 0.457812265625 0.30468722812500004 0.45937484375000004 0.30468722812500004 0.46562515624999995 0.310937590625 0.47187484375000005 0.310937590625 0.475 0.314062409375 0.479687734375 0.314062409375 0.4812503125 0.3125 0.48281226562499996 0.3125 0.48437484375000006 0.310937590625 0.48437484375000006 0.3 0.48281226562499996 0.3 0.479687734375 0.29687518125 0.479687734375 0.295312771875 0.47812515624999996 0.29375036250000003 0.47656257812499997 0.29375036250000003 0.475 0.29218722812500003 0.47343742187500004 0.29218722812500003 0.47031226562499995 0.289062409375 0.4687503125 0.289062409375 0.46718773437500005 0.2875 0.46562515624999995 0.2875 0.45937484375000004 0.2812503625 0.457812265625 0.2812503625 0.45312515624999994 0.276562409375 0.43437484375 0.276562409375 0.43437484375 0.282812771875 0.435937421875 0.28437518125 0.435937421875 0.285937590625 0.4375 0.2875
26 0.42812515624999997 0.56562481875 0.429687734375 0.56562481875 0.4312503125 0.567187228125 0.43281226562499997 0.567187228125 0.439062578125 0.573437590625 0.44062515625 0.573437590625 0.4437496875 0.5765624093749999 0.4437496875 0.57812481875 0.445312265625 0.579687228125 0.45 0.579687228125 0.451562578125 0.5812503625 0.45312515624999994 0.5812503625 0.45468773437500004 0.582812771875 0.45468773437500004 0.58437518125 0.45625031250000003 0.58437518125 0.457812265625 0.5859375906250001 0.45937484375000004 0.5859375906250001 0.4625 0.589062409375 0.4625 0.5906248187500001 0.46406257812499996 0.592187228125 0.46562515624999995 0.592187228125 0.46718773437500005 0.5937503625 0.4687503125 0.5937503625 0.47187484375000005 0.5968751812499999 0.48437484375000006 0.5968751812499999 0.48437484375000006 0.5812503625 0.47812515624999996 0.575 0.47656257812499997 0.575 0.47031226562499995 0.5687496375000001 0.46562515624999995 0.5687496375000001 0.45937484375000004 0.5625 0.457812265625 0.5625 0.451562578125 0.5562503624999999 0.448437421875 0.5562503624999999 0.44687484375000003 0.5546872281249999 0.445312265625 0.5546872281249999 0.4437496875 0.55312481875 0.4437496875 0.551562409375 0.44218773437500003 0.551562409375 0.44062515625 0.55 0.439062578125 0.55 0.43437484375 0.545312771875 0.423437421875 0.545312771875 0.423437421875 0.54687518125 0.42187484375000006 0.5484375906250001 0.42187484375000006 0.55937518125 0.42812515624999997 0.56562481875
28 0.532812265625 0.55 0.5312503125 0.551562409375 0.5312503125 0.55312481875 0.52812515625 0.5562503624999999 0.523437421875 0.5562503624999999 0.52187484375 0.557812771875 0.520312265625 0.557812771875 0.5156251562499999 0.5625 0.514062578125 0.5625 0.5125 0.564062409375 0.5125 0.56562481875 0.5093748437500001 0.5687496375000001 0.5078122656249999 0.5687496375000001 0.5062496875 0.5703127718750001 0.504687734375 0.5703127718750001 0.5 0.575 0.49687484375 0.575 0.4937503125 0.57812481875 0.4937503125 0.5812503625 0.492187734375 0.582812771875 0.492187734375 0.592187228125 0.4937503125 0.5937503625 0.4937503125 0.595312771875 0.50312515625 0.595312771875 0.504687734375 0.5937503625 0.5062496875 0.5937503625 0.5078122656249999 0.592187228125 0.5093748437500001 0.592187228125 0.5156251562499999 0.5859375906250001 0.5187503125 0.5859375906250001 0.520312265625 0.58437518125 0.52187484375 0.58437518125 0.52187484375 0.582812771875 0.523437421875 0.5812503625 0.525 0.5812503625 0.526562578125 0.579687228125 0.52812515625 0.579687228125 0.53437484375 0.573437590625 0.535937421875 0.573437590625 0.5375 0.57187518125 0.539062578125 0.57187518125 0.542187734375 0.5687496375000001 0.5437503125 0.5687496375000001 0.545312265625 0.567187228125 0.5468748437500001 0.567187228125 0.548437421875 0.56562481875 0.548437421875 0.564062409375 0.551562578125 0.560937590625 0.5531251562499999 0.560937590625 0.5546877343750001 0.55937518125 0.5546877343750001 0.557812771875 0.5562503125 0.5562503624999999 0.5562503125 0.54687518125 0.54062515625 0.54687518125 0.539062578125 0.5484375906250001 0.5375 0.5484375906250001 0.535937421875 0.55 0.532812265625 0.55
28 0.6406251562499999 0.704687228125 0.6437503125 0.707812771875 0.6437503125 0.70937518125 0.645312265625 0.7109375906250001 0.64687484375 0.7109375906250001 0.65 0.714062409375 0.65 0.7156248187500001 0.651562578125 0.717187228125 0.65312515625 0.717187228125 0.6562503125 0.720312771875 0.6562503125 0.7218751812499999 0.657812265625 0.723437590625 0.66562515625 0.723437590625 0.670312265625 0.72812481875 0.6718748437500001 0.72812481875 0.676562578125 0.723437590625 0.676562578125 0.70937518125 0.673437421875 0.7062503625 0.6718748437500001 0.7062503625 0.66562515625 0.7 0.664062578125 0.7 0.65937484375 0.6953127718750001 0.657812265625 0.6953127718750001 0.6562503125 0.6937503625 0.65312515625 0.6937503625 0.651562578125 0.692187228125 0.65 0.692187228125 0.648437421875 0.69062481875 0.648437421875 0.689062409375 0.64687484375 0.6875 0.6328122656249999 0.6875 0.6328122656249999 0.7 0.6343748437500001 0.7 0.639062578125 0.704687228125 0.6406251562499999 0.704687228125
28 0.376562578125 0.8437503625 0.37187484375 0.8484375906249999 0.370312265625 0.8484375906249999 0.3687503125 0.85 0.364062578125 0.85 0.3625 0.851562409375 0.3625 0.8531248187499999 0.360937421875 0.854687228125 0.35937484375 0.854687228125 0.357812265625 0.8562496375 0.35312515625 0.8562496375 0.35156257812499997 0.857812771875 0.35156257812499997 0.8781248187499999 0.36718773437499996 0.8781248187499999 0.37187484375 0.8734375906249999 0.373437421875 0.8734375906249999 0.379687734375 0.8671872281249999 0.38281226562500004 0.8671872281249999 0.389062578125 0.860937590625 0.39062515625 0.860937590625 0.39687484375 0.854687228125 0.4 0.854687228125 0.40312515624999995 0.851562409375 0.40312515624999995 0.85 0.40468773437500005 0.8484375906249999 0.40468773437500005 0.8390624093750001 0.38437484375 0.8390624093750001 0.3812496875 0.842187228125 0.379687734375 0.842187228125 0.37812515625 0.8437503625 0.376562578125 0.8437503625
28 0.520312265625 0.7218751812499999 0.52187484375 0.7218751812499999 0.523437421875 0.723437590625 0.52812515625 0.723437590625 0.5312503125 0.7265624093749999 0.5312503125 0.72812481875 0.532812265625 0.729687228125 0.53437484375 0.729687228125 0.54062515625 0.7359375906250001 0.5468748437500001 0.7359375906250001 0.548437421875 0.7375 0.5531251562499999 0.7375 0.5546877343750001 0.7359375906250001 0.5546877343750001 0.73437518125 0.5562503125 0.732812771875 0.5562503125 0.725 0.5546877343750001 0.723437590625 0.5546877343750001 0.720312771875 0.5531251562499999 0.7187503625 0.551562578125 0.7187503625 0.548437421875 0.7156248187500001 0.548437421875 0.714062409375 0.5468748437500001 0.7125 0.545312265625 0.7125 0.5437503125 0.7109375906250001 0.542187734375 0.7109375906250001 0.539062578125 0.707812771875 0.5375 0.707812771875 0.535937421875 0.7062503625 0.532812265625 0.7062503625 0.529687734375 0.70312481875 0.529687734375 0.7015624093749999 0.52812515625 0.7 0.5125 0.7 0.5125 0.7156248187500001 0.514062578125 0.717187228125 0.5156251562499999 0.717187228125 0.520312265625 0.7218751812499999
28 0.5125 0.8437503625 0.510937421875 0.845312771875 0.510937421875 0.84687518125 0.5093748437500001 0.8484375906249999 0.5078122656249999 0.8484375906249999 0.5062496875 0.85 0.50312515625 0.85 0.49687484375 0.8562496375 0.49531226562499997 0.8562496375 0.492187734375 0.8593751812500001 0.492187734375 0.870312771875 0.4937503125 0.8718751812500001 0.4937503125 0.8734375906249999 0.49531226562499997 0.875 0.49531226562499997 0.8765624093750001 0.50312515625 0.8765624093750001 0.504687734375 0.875 0.5062496875 0.875 0.5078122656249999 0.8734375906249999 0.510937421875 0.8734375906249999 0.517187734375 0.8671872281249999 0.5187503125 0.8671872281249999 0.520312265625 0.86562481875 0.52187484375 0.86562481875 0.52187484375 0.864062409375 0.523437421875 0.8625 0.525 0.8625 0.526562578125 0.860937590625 0.52812515625 0.860937590625 0.529687734375 0.8593751812500001 0.529687734375 0.857812771875 0.532812265625 0.854687228125 0.53437484375 0.854687228125 0.535937421875 0.8531248187499999 0.535937421875 0.851562409375 0.54062515625 0.84687518125 0.54062515625 0.8437503625 0.539062578125 0.842187228125 0.539062578125 0.8375 0.52187484375 0.8375 0.517187734375 0.842187228125 0.5156251562499999 0.842187228125 0.514062578125 0.8437503625 0.5125 0.8437503625
33 0.3375 0.09687518125 0.33437484375 0.1 0.332812265625 0.1 0.33125031250000003 0.10156240937500001 0.33125031250000003 0.10312481874999999 0.329687734375 0.104687228125 0.329687734375 0.1312503625 0.33125031250000003 0.132812771875 0.33125031250000003 0.13437518125 0.332812265625 0.135937590625 0.332812265625 0.1375 0.33437484375 0.1375 0.33593742187500003 0.139062409375 0.33593742187500003 0.14062481875 0.3375 0.14062481875 0.33906257812499996 0.142187228125 0.36562515625 0.142187228125 0.36718773437499996 0.14062481875 0.36718773437499996 0.10156240937500001 0.36562515625 0.1 0.364062578125 0.1 0.360937421875 0.09687518125 0.360937421875 0.09531277187500001 0.35937484375 0.09375036249999999 0.357812265625 0.09375036249999999 0.3562503125 0.09218722812499999 0.342187734375 0.09218722812499999 0.34062515625 0.09375036249999999 0.33906257812499996 0.09375036249999999 0.3375 0.09531277187500001 0.3375 0.09687518125
26 0.739062578125 0.6937503625 0.7375 0.6953127718750001 0.735937421875 0.6953127718750001 0.732812265625 0.698437590625 0.7312496875 0.698437590625 0.729687734375 0.7 0.72812515625 0.7 0.72187484375 0.7062503625 0.7187503125 0.7062503625 0.7187503125 0.729687228125 0.729687734375 0.729687228125 0.7312496875 0.72812481875 0.7312496875 0.7265624093749999 0.732812265625 0.725 0.7343748437500001 0.725 0.735937421875 0.723437590625 0.739062578125 0.723437590625 0.745312265625 0.717187228125 0.74687484375 0.717187228125 0.7515625781249999 0.7125 0.75312515625 0.7125 0.754687734375 0.7109375906250001 0.7578122656249999 0.7109375906250001 0.764062578125 0.704687228125 0.7656251562499999 0.704687228125 0.767187734375 0.70312481875 0.767187734375 0.6937503625 0.7687503125 0.692187228125 0.7687503125 0.685937590625 0.75 0.685937590625 0.7484374218750001 0.6875 0.74687484375 0.6875 0.7406251562499999 0.6937503625 0.739062578125 0.6937503625
15 0.46562515624999995 0.84062481875 0.46718773437500005 0.842187228125 0.5093748437500001 0.842187228125 0.5125 0.8390624093750001 0.5125 0.8375 0.514062578125 0.835937590625 0.514062578125 0.7843751812499999 0.5125 0.782812771875 0.4625 0.782812771875 0.4625 0.8375 0.46406257812499996 0.8390624093750001 0.46406257812499996 0.84062481875 0.46562515624999995 0.84062481875
28 0.582812265625 0.854687228125 0.58437484375 0.854687228125 0.5875 0.857812771875 0.5875 0.8593751812500001 0.589062578125 0.860937590625 0.59062515625 0.860937590625 0.59687484375 0.8671872281249999 0.60312515625 0.8671872281249999 0.6062503125 0.870312771875 0.6062503125 0.8718751812500001 0.607812265625 0.8734375906249999 0.6093748437500001 0.8734375906249999 0.6125 0.8765624093750001 0.6234374218750001 0.8765624093750001 0.6265625781249999 0.8734375906249999 0.6265625781249999 0.860937590625 0.62187484375 0.8562496375 0.620312265625 0.8562496375 0.614062578125 0.85 0.607812265625 0.85 0.604687734375 0.84687518125 0.604687734375 0.845312771875 0.60312515625 0.8437503625 0.598437421875 0.8437503625 0.59687484375 0.842187228125 0.5812503125 0.842187228125 0.5812503125 0.8437503625 0.579687734375 0.845312771875 0.579687734375 0.851562409375 0.582812265625 0.854687228125
25 0.301562578125 0.573437590625 0.307812265625 0.579687228125 0.30937484375 0.579687228125 0.3125 0.582812771875 0.3125 0.58437518125 0.314062578125 0.5859375906250001 0.323437421875 0.5859375906250001 0.325 0.58437518125 0.325 0.57187518125 0.323437421875 0.5703127718750001 0.323437421875 0.567187228125 0.32187484375 0.56562481875 0.32187484375 0.564062409375 0.32031226562500004 0.564062409375 0.3187503125 0.5625 0.31562515625 0.5625 0.30937484375 0.5562503624999999 0.307812265625 0.5562503624999999 0.30312515625 0.551562409375 0.301562578125 0.551562409375 0.3 0.55 0.28593742187500004 0.55 0.28437484375 0.5484375906250001 0.2812503125 0.5484375906250001 0.2812503125 0.55937518125 0.282812265625 0.55937518125 0.29687484375 0.573437590625 0.301562578125 0.573437590625
28 0.5640625781249999 0.739062409375 0.5546877343750001 0.739062409375 0.5546877343750001 0.792187228125 0.56562515625 0.792187228125 0.56562515625 0.74062481875 0.5640625781249999 0.739062409375
27 0.651562578125 0.4312503625 0.651562578125 0.432812771875 0.65312515625 0.43437518124999996 0.654687734375 0.43437518124999996 0.6562503125 0.43593759062500004 0.657812265625 0.43593759062500004 0.664062578125 0.442187228125 0.66562515625 0.442187228125 0.6687496875 0.445312771875 0.6687496875 0.44687518125 0.670312265625 0.44843759062500005 0.673437421875 0.44843759062500005 0.675 0.45 0.676562578125 0.45 0.6796877343750001 0.45312481875 0.6812503125 0.45312481875 0.682812265625 0.45468722812499995 0.6937503125 0.45468722812499995 0.6953122656249999 0.45312481875 0.6953122656249999 0.442187228125 0.69062515625 0.4375 0.6890625781249999 0.4375 0.6859374218750001 0.43437518124999996 0.6859374218750001 0.432812771875 0.68437484375 0.4312503625 0.6781251562499999 0.4312503625 0.6718748437500001 0.425 0.670312265625 0.425 0.667187734375 0.42187518125 0.667187734375 0.42031277187500005 0.66562515625 0.4187503625 0.660937421875 0.4187503625 0.65937484375 0.417187228125 0.645312265625 0.417187228125 0.645312265625 0.423437590625 0.648437421875 0.42656240937499995 0.648437421875 0.42812481875 0.651562578125 0.4312503625
25 0.5640625781249999 0.175 0.5531251562499999 0.175 0.5531251562499999 0.22968722812500003 0.55937484375 0.22968722812500003 0.5640625781249999 0.225 0.5640625781249999 0.175
25 0.25312515625 0.5546872281249999 0.251562578125 0.5546872281249999 0.25 0.5562503624999999 0.24531226562500003 0.5562503624999999 0.2437503125 0.557812771875 0.2437503125 0.55937518125 0.24062515625 0.5625 0.23906257812499998 0.5625 0.23281226562500001 0.5687496375000001 0.2312503125 0.5687496375000001 0.2312503125 0.5875 0.23593742187500003 0.5875 0.2375 0.5859375906250001 0.24062515625 0.5859375906250001 0.242187734375 0.58437518125 0.242187734375 0.582812771875 0.2437503125 0.5812503625 0.24531226562500003 0.5812503625 0.24687484375 0.579687228125 0.248437421875 0.579687228125 0.25312515625 0.575 0.254687734375 0.575 0.2562503125 0.573437590625 0.25781226562500004 0.573437590625 0.264062578125 0.567187228125 0.26562515625 0.567187228125 0.267187734375 0.56562481875 0.267187734375 0.564062409375 0.270312265625 0.560937590625 0.27187484375 0.560937590625 0.27343742187500003 0.55937518125 0.275 0.55937518125 0.275 0.557812771875 0.27812515625 0.5546872281249999 0.27812515625 0.5484375906250001 0.25937484375 0.5484375906250001 0.2562503125 0.551562409375 0.254687734375 0.551562409375 0.254687734375 0.55312481875 0.25312515625 0.5546872281249999
29 0.573437421875 0.473437590625 0.5718748437500001 0.475 0.5703122656249999 0.475 0.5703122656249999 0.47656240937499994 0.5687496875 0.47812481875 0.5687496875 0.48437518125 0.56562515625 0.4875 0.56562515625 0.49843759062500004 0.5687496875 0.501562409375 0.5687496875 0.50312481875 0.573437421875 0.5078127718750001 0.573437421875 0.50937518125 0.575 0.510937590625 0.576562578125 0.510937590625 0.582812265625 0.517187228125 0.59062515625 0.517187228125 0.598437421875 0.50937518125 0.598437421875 0.5078127718750001 0.6 0.5062496375000001 0.6 0.504687228125 0.604687734375 0.5 0.6062503125 0.5 0.607812265625 0.49843759062500004 0.6093748437500001 0.49843759062500004 0.610937421875 0.49687518124999996 0.610937421875 0.492187228125 0.6093748437500001 0.49062481875 0.6093748437500001 0.48906240937499995 0.604687734375 0.48437518125 0.604687734375 0.48281277187500005 0.60312515625 0.4812503625 0.601562578125 0.4812503625 0.598437421875 0.47812481875 0.598437421875 0.47031277187500004 0.59687484375 0.46875036249999996 0.59687484375 0.46718722812499996 0.5937503125 0.464062409375 0.592187734375 0.464062409375 0.59062515625 0.4625 0.5781251562499999 0.4625 0.575 0.46562481875 0.575 0.47031277187500004 0.573437421875 0.47187518125 0.573437421875 0.473437590625
26 0.7062503125 0.560937590625 0.7062503125 0.564062409375 0.70937484375 0.567187228125 0.710937421875 0.567187228125 0.7125 0.5687496375000001 0.714062578125 0.5687496375000001 0.7187503125 0.573437590625 0.72187484375 0.573437590625 0.725 0.5765624093749999 0.725 0.57812481875 0.726562578125 0.579687228125 0.72812515625 0.579687228125 0.7343748437500001 0.5859375906250001 0.74687484375 0.5859375906250001 0.74687484375 0.564062409375 0.745312265625 0.5625 0.7406251562499999 0.5625 0.7343748437500001 0.5562503624999999 0.732812265625 0.5562503624999999 0.72812515625 0.551562409375 0.726562578125 0.551562409375 0.725 0.55 0.72187484375 0.55 0.7187503125 0.54687518125 0.7031251562499999 0.54687518125 0.7031251562499999 0.5562503624999999 0.704687734375 0.557812771875 0.704687734375 0.55937518125 0.7062503125 0.560937590625
25 0.2812503125 0.5437503625 0.282812265625 0.5437503625 0.28593742187500004 0.54062481875 0.28593742187500004 0.473437590625 0.27187484375 0.473437590625 0.27187484375 0.542187228125 0.27656257812499996 0.54687518125 0.27812515625 0.54687518125 0.2812503125 0.5437503625
26 0.45 0.417187228125 0.448437421875 0.4187503625 0.445312265625 0.4187503625 0.44218773437500003 0.42187518125 0.44218773437500003 0.44687518125 0.44687484375000003 0.44687518125 0.451562578125 0.442187228125 0.45468773437500004 0.442187228125 0.45625031250000003 0.44062481875000004 0.457812265625 0.44062481875000004 0.46093742187500003 0.4375 0.4625 0.4375 0.46406257812499996 0.43593759062500004 0.46562515624999995 0.43593759062500004 0.46718773437500005 0.43437518124999996 0.46718773437500005 0.432812771875 0.47031226562499995 0.429687228125 0.47187484375000005 0.429687228125 0.47343742187500004 0.42812481875 0.47343742187500004 0.42656240937499995 0.47656257812499997 0.423437590625 0.47812515624999996 0.423437590625 0.479687734375 0.42187518125 0.4812503125 0.42187518125 0.48437484375000006 0.4187503625 0.48437484375000006 0.417187228125 0.485937421875 0.41562481875 0.485937421875 0.40625036249999996 0.46562515624999995 0.40625036249999996 0.45937484375000004 0.4125 0.45625031250000003 0.4125 0.451562578125 0.417187228125 0.45 0.417187228125
28 0.44687484375000003 0.7015624093749999 0.4437496875 0.704687228125 0.44218773437500003 0.704687228125 0.44062515625 0.7062503625 0.439062578125 0.7062503625 0.43281226562499997 0.7125 0.4312503125 0.7125 0.429687734375 0.714062409375 0.42812515624999997 0.714062409375 0.42031226562499996 0.7218751812499999 0.42031226562499996 0.7359375906250001 0.4375 0.7359375906250001 0.439062578125 0.73437518125 0.44062515625 0.73437518125 0.451562578125 0.723437590625 0.45312515624999994 0.723437590625 0.45937484375000004 0.717187228125 0.46093742187500003 0.717187228125 0.4625 0.7156248187500001 0.46406257812499996 0.7156248187500001 0.46562515624999995 0.714062409375 0.46562515624999995 0.7125 0.46718773437500005 0.7109375906250001 0.46718773437500005 0.698437590625 0.45312515624999994 0.698437590625 0.451562578125 0.7 0.45 0.7 0.448437421875 0.7015624093749999 0.44687484375000003 0.7015624093749999
8 0.5125 0.55937518125 0.514062578125 0.55937518125 0.514062578125 0.504687228125 0.510937421875 0.501562409375 0.4625 0.501562409375 0.4625 0.55937518125 0.46406257812499996 0.560937590625 0.510937421875 0.560937590625 0.5125 0.55937518125
31 0.33125031250000003 0.575 0.329687734375 0.5765624093749999 0.329687734375 0.60312481875 0.33125031250000003 0.604687228125 0.33125031250000003 0.6062503625 0.332812265625 0.607812771875 0.332812265625 0.60937518125 0.33437484375 0.60937518125 0.33593742187500003 0.6109375906250001 0.35937484375 0.6109375906250001 0.36718773437499996 0.60312481875 0.36718773437499996 0.57187518125 0.360937421875 0.56562481875 0.360937421875 0.564062409375 0.35937484375 0.5625 0.357812265625 0.5625 0.3562503125 0.560937590625 0.3562503125 0.55937518125 0.354687734375 0.557812771875 0.33906257812499996 0.557812771875 0.3375 0.55937518125 0.3375 0.564062409375 0.33125031250000003 0.5703127718750001 0.33125031250000003 0.575
5 0.4625 0.667187228125 0.46093742187500003 0.6687503625 0.46093742187500003 0.6875 0.4625 0.689062409375 0.4625 0.69687518125 0.46406257812499996 0.698437590625 0.46562515624999995 0.698437590625 0.4687503125 0.7015624093749999 0.4687503125 0.70312481875 0.47031226562499995 0.704687228125 0.475 0.704687228125 0.47656257812499997 0.7062503625 0.48281226562499996 0.7062503625 0.48437484375000006 0.704687228125 0.485937421875 0.7062503625 0.49687484375 0.7062503625 0.498437421875 0.707812771875 0.504687734375 0.707812771875 0.5062496875 0.7062503625 0.5078122656249999 0.7062503625 0.510937421875 0.70312481875 0.510937421875 0.7015624093749999 0.514062578125 0.698437590625 0.5156251562499999 0.698437590625 0.517187734375 0.69687518125 0.517187734375 0.6812503624999999 0.5156251562499999 0.6796872281249999 0.5156251562499999 0.67812481875 0.514062578125 0.676562409375 0.5125 0.676562409375 0.510937421875 0.675 0.50312515625 0.675 0.498437421875 0.670312771875 0.498437421875 0.66562481875 0.492187734375 0.6593751812499999 0.492187734375 0.657812771875 0.49062515624999997 0.6562503625 0.489062578125 0.6562503625 0.485937421875 0.6531248187500001 0.485937421875 0.651562409375 0.48437484375000006 0.65 0.47656257812499997 0.65 0.47031226562499995 0.6562503625 0.46562515624999995 0.6562503625 0.4625 0.6593751812499999 0.4625 0.667187228125
14 0.254687734375 0.7 0.2562503125 0.7015624093749999 0.2562503125 0.70312481875 0.270312265625 0.70312481875 0.27187484375 0.7015624093749999 0.27343742187500003 0.7015624093749999 0.275 0.7 0.279687734375 0.7 0.282812265625 0.70312481875 0.298437421875 0.70312481875 0.298437421875 0.7015624093749999 0.301562578125 0.698437590625 0.30312515625 0.698437590625 0.30468773437499996 0.69687518125 0.30468773437499996 0.645312771875 0.30312515625 0.6437503625 0.29687484375 0.6437503625 0.295312265625 0.642187228125 0.2562503125 0.642187228125 0.254687734375 0.6437503625 0.25312515625 0.6437503625 0.25312515625 0.7 0.254687734375 0.7
26 0.6718748437500001 0.551562409375 0.667187734375 0.5562503624999999 0.664062578125 0.5562503624999999 0.6625 0.557812771875 0.6625 0.55937518125 0.65937484375 0.5625 0.657812265625 0.5625 0.651562578125 0.5687496375000001 0.65 0.5687496375000001 0.648437421875 0.5703127718750001 0.64687484375 0.5703127718750001 0.64687484375 0.579687228125 0.65312515625 0.579687228125 0.6562503125 0.582812771875 0.660937421875 0.582812771875 0.6625 0.5812503625 0.664062578125 0.5812503625 0.66562515625 0.579687228125 0.670312265625 0.579687228125 0.6718748437500001 0.57812481875 0.673437421875 0.57812481875 0.673437421875 0.5765624093749999 0.676562578125 0.573437590625 0.6812503125 0.573437590625 0.682812265625 0.57187518125 0.68437484375 0.57187518125 0.6890625781249999 0.567187228125 0.69062515625 0.567187228125 0.692187734375 0.56562481875 0.692187734375 0.564062409375 0.6953122656249999 0.560937590625 0.6968748437500001 0.560937590625 0.698437421875 0.55937518125 0.698437421875 0.54687518125 0.6812503125 0.54687518125 0.6781251562499999 0.55 0.675 0.55 0.673437421875 0.551562409375 0.6718748437500001 0.551562409375
3 0.604687734375 0.60312481875 0.6062503125 0.604687228125 0.6062503125 0.60937518125 0.607812265625 0.6109375906250001 0.6125 0.6109375906250001 0.614062578125 0.6125 0.6171877343750001 0.6125 0.6187503125 0.6109375906250001 0.64687484375 0.6109375906250001 0.654687734375 0.60312481875 0.654687734375 0.5859375906250001 0.65312515625 0.58437518125 0.65312515625 0.582812771875 0.651562578125 0.582812771875 0.65 0.5812503625 0.645312265625 0.5812503625 0.6437503125 0.579687228125 0.642187734375 0.579687228125 0.6375 0.575 0.6375 0.573437590625 0.635937421875 0.57187518125 0.635937421875 0.5687496375000001 0.6343748437500001 0.567187228125 0.6343748437500001 0.56562481875 0.6265625781249999 0.557812771875 0.625 0.557812771875 0.6234374218750001 0.5562503624999999 0.614062578125 0.5562503624999999 0.601562578125 0.5687496375000001 0.601562578125 0.598437590625 0.604687734375 0.6015624093749999 0.604687734375 0.60312481875
27 0.445312265625 0.142187228125 0.4437496875 0.1437503625 0.44062515625 0.1437503625 0.43437484375 0.15 0.43281226562499997 0.15 0.423437421875 0.15937518125 0.423437421875 0.1687503625 0.425 0.170312771875 0.425 0.17187518125 0.4312503125 0.17187518125 0.43281226562499997 0.170312771875 0.43437484375 0.170312771875 0.435937421875 0.1687503625 0.4375 0.1687503625 0.439062578125 0.167187228125 0.4437496875 0.167187228125 0.445312265625 0.16562481874999999 0.44687484375000003 0.16562481874999999 0.44687484375000003 0.164062409375 0.448437421875 0.1625 0.45 0.1625 0.451562578125 0.160937590625 0.45312515624999994 0.160937590625 0.45937484375000004 0.154687228125 0.4625 0.154687228125 0.46406257812499996 0.15312481875 0.46562515624999995 0.15312481875 0.46718773437500005 0.151562409375 0.46718773437500005 0.15 0.47343742187500004 0.1437503625 0.47343742187500004 0.135937590625 0.45468773437500004 0.135937590625 0.45312515624999994 0.1375 0.451562578125 0.1375 0.44687484375000003 0.142187228125 0.445312265625 0.142187228125
5 0.5312503125 0.8343751812500001 0.532812265625 0.835937590625 0.53437484375 0.835937590625 0.5375 0.8390624093750001 0.5375 0.84062481875 0.545312265625 0.8484375906249999 0.576562578125 0.8484375906249999 0.582812265625 0.842187228125 0.58437484375 0.842187228125 0.585937421875 0.84062481875 0.585937421875 0.8203127718750001 0.58437484375 0.8187503625 0.582812265625 0.8187503625 0.576562578125 0.8125 0.573437421875 0.8125 0.5687496875 0.807812771875 0.5687496875 0.8062503624999999 0.567187734375 0.8046872281249999 0.567187734375 0.801562409375 0.56562515625 0.8 0.5640625781249999 0.8 0.5609374218750001 0.79687518125 0.5609374218750001 0.795312771875 0.55937484375 0.7937496375 0.557812265625 0.7937496375 0.5562503125 0.792187228125 0.542187734375 0.792187228125 0.54062515625 0.7937496375 0.539062578125 0.7937496375 0.5312503125 0.801562409375 0.5312503125 0.8343751812500001
27 0.601562578125 0.1312503625 0.6 0.132812771875 0.6 0.13437518125 0.59687484375 0.1375 0.595312265625 0.1375 0.5937503125 0.139062409375 0.592187734375 0.139062409375 0.589062578125 0.142187228125 0.5875 0.142187228125 0.585937421875 0.1437503625 0.582812265625 0.1437503625 0.5812503125 0.145312771875 0.5812503125 0.14687518125000001 0.5781251562499999 0.15 0.576562578125 0.15 0.575 0.151562409375 0.573437421875 0.151562409375 0.5703122656249999 0.154687228125 0.5687496875 0.154687228125 0.567187734375 0.1562503625 0.56562515625 0.1562503625 0.5640625781249999 0.157812771875 0.5640625781249999 0.173437590625 0.576562578125 0.173437590625 0.582812265625 0.167187228125 0.58437484375 0.167187228125 0.585937421875 0.16562481874999999 0.585937421875 0.164062409375 0.589062578125 0.160937590625 0.595312265625 0.160937590625 0.601562578125 0.154687228125 0.60312515625 0.154687228125 0.604687734375 0.15312481875 0.604687734375 0.151562409375 0.607812265625 0.148437590625 0.614062578125 0.148437590625 0.620312265625 0.142187228125 0.62187484375 0.142187228125 0.6234374218750001 0.14062481875 0.6234374218750001 0.139062409375 0.6265625781249999 0.135937590625 0.6265625781249999 0.12656240937500002 0.6093748437500001 0.12656240937500002 0.6062503125 0.129687228125 0.604687734375 0.129687228125 0.60312515625 0.1312503625 0.601562578125 0.1312503625
33 0.4187503125 0.2812503625 0.42812515624999997 0.2812503625 0.429687734375 0.279687228125 0.43437484375 0.279687228125 0.435937421875 0.27812481875 0.435937421875 0.24218722812500001 0.43437484375 0.24062481875000002 0.43437484375 0.239062409375 0.42812515624999997 0.232812771875 0.41093742187500004 0.232812771875 0.40156257812499996 0.24218722812500001 0.40156257812499996 0.279687228125 0.417187734375 0.279687228125 0.4187503125 0.2812503625
25 0.354687734375 0.682812771875 0.354687734375 0.629687228125 0.3562503125 0.62812481875 0.3562503125 0.614062409375 0.3437503125 0.614062409375 0.3437503125 0.68437518125 0.345312265625 0.685937590625 0.35156257812499997 0.685937590625 0.354687734375 0.682812771875
13 0.53437484375 0.698437590625 0.5375 0.7015624093749999 0.5781251562499999 0.7015624093749999 0.5812503125 0.698437590625 0.58437484375 0.698437590625 0.58437484375 0.645312771875 0.582812265625 0.6437503625 0.5812503125 0.6437503625 0.579687734375 0.642187228125 0.535937421875 0.642187228125 0.53437484375 0.6437503625 0.532812265625 0.6437503625 0.532812265625 0.698437590625 0.53437484375 0.698437590625
8 0.673437421875 0.417187228125 0.6812503125 0.417187228125 0.682812265625 0.4187503625 0.68437484375 0.4187503625 0.6859374218750001 0.417187228125 0.72187484375 0.417187228125 0.723437421875 0.41562481875 0.723437421875 0.364062409375 0.7187503125 0.35937518125 0.676562578125 0.35937518125 0.675 0.36093759062499997 0.675 0.3625 0.673437421875 0.364062409375 0.673437421875 0.417187228125
16 0.325 0.5343751812499999 0.325 0.54687518125 0.323437421875 0.5484375906250001 0.323437421875 0.5562503624999999 0.325 0.557812771875 0.325 0.55937518125 0.326562578125 0.560937590625 0.33593742187500003 0.560937590625 0.3375 0.55937518125 0.34062515625 0.55937518125 0.3437503125 0.5562503624999999 0.34843742187500004 0.5562503624999999 0.35156257812499997 0.55937518125 0.354687734375 0.55937518125 0.3562503125 0.560937590625 0.37187484375 0.560937590625 0.373437421875 0.55937518125 0.373437421875 0.501562409375 0.325 0.501562409375 0.325 0.50312481875 0.323437421875 0.504687228125 0.323437421875 0.532812771875 0.325 0.5343751812499999
27 0.645312265625 0.148437590625 0.64687484375 0.148437590625 0.65 0.151562409375 0.65 0.15312481875 0.651562578125 0.154687228125 0.65312515625 0.154687228125 0.65937484375 0.160937590625 0.66562515625 0.160937590625 0.6687496875 0.164062409375 0.6687496875 0.16562481874999999 0.670312265625 0.16562481874999999 0.6718748437500001 0.167187228125 0.676562578125 0.1625 0.676562578125 0.148437590625 0.6718748437500001 0.1437503625 0.670312265625 0.1437503625 0.667187734375 0.14062481875 0.667187734375 0.139062409375 0.66562515625 0.1375 0.657812265625 0.1375 0.654687734375 0.13437518125 0.654687734375 0.132812771875 0.65312515625 0.1312503625 0.651562578125 0.1312503625 0.648437421875 0.12812481874999998 0.648437421875 0.12656240937500002 0.64687484375 0.125 0.6312503125 0.125 0.6312503125 0.139062409375 0.6343748437500001 0.142187228125 0.639062578125 0.142187228125 0.645312265625 0.148437590625
26 0.425 0.535937590625 0.426562578125 0.5343751812499999 0.426562578125 0.532812771875 0.425 0.5312503625 0.425 0.525 0.426562578125 0.5234375906250001 0.426562578125 0.495312771875 0.425 0.4937503625 0.425 0.48281277187500005 0.426562578125 0.4812503625 0.426562578125 0.47656240937499994 0.425 0.47656240937499994 0.42187484375000006 0.473437590625 0.41406257812499997 0.473437590625 0.41406257812499997 0.542187228125 0.423437421875 0.542187228125 0.425 0.54062481875 0.425 0.535937590625
28 0.625 0.68437518125 0.6265625781249999 0.685937590625 0.629687734375 0.685937590625 0.6343748437500001 0.6812503624999999 0.6343748437500001 0.6171872281249999 0.62187484375 0.6171872281249999 0.62187484375 0.6812503624999999 0.6234374218750001 0.682812771875 0.6234374218750001 0.68437518125 0.625 0.68437518125
26 0.5640625781249999 0.5484375906250001 0.5640625781249999 0.557812771875 0.5687496875 0.5625 0.5687496875 0.564062409375 0.582812265625 0.57812481875 0.58437484375 0.57812481875 0.585937421875 0.579687228125 0.589062578125 0.579687228125 0.59062515625 0.5812503625 0.592187734375 0.5812503625 0.5937503125 0.582812771875 0.598437421875 0.582812771875 0.598437421875 0.5765624093749999 0.6 0.575 0.6 0.564062409375 0.592187734375 0.5562503624999999 0.59062515625 0.5562503624999999 0.58437484375 0.55 0.582812265625 0.55 0.5812503125 0.5484375906250001 0.579687734375 0.5484375906250001 0.5781251562499999 0.54687518125 0.575 0.54687518125 0.573437421875 0.545312771875 0.5703122656249999 0.545312771875 0.5687496875 0.54687518125 0.567187734375 0.54687518125 0.56562515625 0.5484375906250001 0.5640625781249999 0.5484375906250001
7 0.40312515624999995 0.4187503625 0.40468773437500005 0.417187228125 0.42812515624999997 0.417187228125 0.43281226562499997 0.42187518125 0.43437484375 0.42187518125 0.435937421875 0.42031277187500005 0.4375 0.42031277187500005 0.44218773437500003 0.41562481875 0.44218773437500003 0.392187228125 0.4437496875 0.39062481875 0.4437496875 0.370312771875 0.44218773437500003 0.36875036250000004 0.44218773437500003 0.3625 0.44062515625 0.36093759062499997 0.39375031250000003 0.36093759062499997 0.39375031250000003 0.417187228125 0.39687484375 0.417187228125 0.39843742187500003 0.4187503625 0.40312515624999995 0.4187503625
28 0.704687734375 0.82187518125 0.704687734375 0.767187228125 0.7062503125 0.76562481875 0.7062503125 0.7578127718750001 0.704687734375 0.7562503625 0.6937503125 0.7562503625 0.6937503125 0.82187518125 0.6953122656249999 0.823437590625 0.7031251562499999 0.823437590625 0.704687734375 0.82187518125
28 0.423437421875 0.74062481875 0.425 0.739062409375 0.425 0.7375 0.41562515624999996 0.7375 0.41562515624999996 0.79062481875 0.42187484375000006 0.79062481875 0.423437421875 0.7890624093749999 0.423437421875 0.74062481875
26 0.55937484375 0.54687518125 0.5640625781249999 0.542187228125 0.56562515625 0.542187228125 0.56562515625 0.4625 0.5609374218750001 0.457812771875 0.551562578125 0.457812771875 0.551562578125 0.542187228125 0.5531251562499999 0.542187228125 0.557812265625 0.54687518125 0.55937484375 0.54687518125
26 0.776562578125 0.682812771875 0.776562578125 0.6125 0.7625 0.6125 0.7625 0.68437518125 0.764062578125 0.685937590625 0.773437421875 0.685937590625 0.776562578125 0.682812771875
28 0.492187734375 0.64687518125 0.4937503125 0.645312771875 0.4937503125 0.635937590625 0.49531226562499997 0.63437518125 0.49531226562499997 0.604687228125 0.4937503125 0.60312481875 0.4937503125 0.6 0.48437484375000006 0.6 0.48437484375000006 0.65 0.4875 0.6531248187500001 0.492187734375 0.6531248187500001 0.492187734375 0.64687518125
14 0.6125 0.5562503624999999 0.62187484375 0.5562503624999999 0.6265625781249999 0.560937590625 0.6343748437500001 0.560937590625 0.635937421875 0.5625 0.645312265625 0.5625 0.64687484375 0.560937590625 0.65 0.560937590625 0.651562578125 0.55937518125 0.65312515625 0.55937518125 0.65312515625 0.557812771875 0.654687734375 0.5562503624999999 0.654687734375 0.50312481875 0.65312515625 0.501562409375 0.604687734375 0.501562409375 0.60312515625 0.50312481875 0.60312515625 0.55937518125 0.6093748437500001 0.55937518125 0.6125 0.5562503624999999
11 0.5375 0.42031277187500005 0.579687734375 0.42031277187500005 0.582812265625 0.417187228125 0.58437484375 0.417187228125 0.58437484375 0.3625 0.582812265625 0.3625 0.579687734375 0.35937518125 0.535937421875 0.35937518125 0.532812265625 0.3625 0.532812265625 0.417187228125 0.53437484375 0.417187228125 0.5375 0.42031277187500005
27 0.423437421875 0.201562409375 0.425 0.2 0.425 0.19062481874999998 0.426562578125 0.18906240937500002 0.426562578125 0.18125036249999998 0.425 0.179687228125 0.425 0.173437590625 0.41406257812499997 0.173437590625 0.41406257812499997 0.22968722812500003 0.42187484375000006 0.22968722812500003 0.423437421875 0.22812481875 0.423437421875 0.201562409375
9 0.760937421875 0.557812771875 0.764062578125 0.5546872281249999 0.77187484375 0.5546872281249999 0.776562578125 0.55937518125 0.77812515625 0.55937518125 0.779687734375 0.560937590625 0.79062515625 0.560937590625 0.792187734375 0.55937518125 0.792187734375 0.501562409375 0.79062515625 0.5 0.745312265625 0.5 0.745312265625 0.560937590625 0.7593748437500001 0.560937590625 0.760937421875 0.55937518125 0.760937421875 0.557812771875
11 0.326562578125 0.842187228125 0.37187484375 0.842187228125 0.373437421875 0.84062481875 0.373437421875 0.782812771875 0.323437421875 0.782812771875 0.323437421875 0.829687228125 0.325 0.8312503625 0.325 0.84062481875 0.326562578125 0.842187228125
33 0.614062578125 0.38124963749999996 0.6125 0.38281277187499996 0.6125 0.3875 0.610937421875 0.38906240937500003 0.610937421875 0.39062481875 0.6093748437500001 0.392187228125 0.6093748437500001 0.3937503625 0.607812265625 0.39531277187499997 0.607812265625 0.4125 0.6171877343750001 0.42187518125 0.6187503125 0.42187518125 0.620312265625 0.423437590625 0.6406251562499999 0.423437590625 0.642187734375 0.42187518125 0.6437503125 0.42187518125 0.6437503125 0.42031277187500005 0.645312265625 0.4187503625 0.64687484375 0.4187503625 0.64687484375 0.417187228125 0.648437421875 0.41562481875 0.648437421875 0.39062481875 0.64687484375 0.38906240937500003 0.64687484375 0.3875 0.642187734375 0.38281277187499996 0.642187734375 0.38124963749999996 0.635937421875 0.375 0.6343748437500001 0.375 0.6328122656249999 0.373437590625 0.62187484375 0.373437590625 0.6187503125 0.376562409375 0.6187503125 0.37812481875000004 0.6156251562499999 0.38124963749999996 0.614062578125 0.38124963749999996
10 0.19687484375 0.560937590625 0.20156257812499997 0.5562503624999999 0.20312515625 0.5562503624999999 0.20468773437499999 0.5546872281249999 0.20937484374999998 0.5546872281249999 0.21406257812499999 0.55937518125 0.21562515625 0.55937518125 0.217187734375 0.560937590625 0.22968773437499998 0.560937590625 0.2312503125 0.55937518125 0.23281226562500001 0.55937518125 0.23437484375 0.557812771875 0.23437484375 0.5062496375000001 0.22812515625000002 0.5 0.18437484375 0.5 0.18437484375 0.55937518125 0.185937421875 0.55937518125 0.1875 0.560937590625 0.19687484375 0.560937590625
7 0.606382978125 0.8425253984375001 0.61201501875 0.8439767781249999 0.6526908640625 0.8432510890625 0.655819775 0.8388969515625 0.65644555625 0.832365746875 0.655819775 0.786647315625 0.6514392984375 0.782293178125 0.6207759703125 0.7815674890625 0.6188986234375 0.7815674890625 0.605757196875 0.7830188671875 0.6032540671875 0.786647315625 0.6045056328125 0.8396226421874999 0.606382978125 0.8425253984375001
12 0.39486858593749996 0.6995645859375 0.3986232796875 0.7031930328125 0.43867334218750004 0.7039187234375001 0.4449311640625 0.700290275 0.4468085109375 0.6865021765625 0.446182728125 0.6473149484375 0.44242803437499995 0.6422351234375 0.42302878593750004 0.6407837453125 0.41989987500000003 0.6407837453125 0.3967459328125 0.6422351234375 0.39361702187500003 0.646589259375 0.3929912390625 0.6923076921875 0.39486858593749996 0.6995645859375
13 0.3279098875 0.28084180000000003 0.3548185234375 0.282293178125 0.374217771875 0.2801161109375 0.37672090156250004 0.2757619734375 0.37672090156250004 0.22859216249999997 0.3748435546875 0.222786646875 0.3710888609375 0.21988388906249998 0.3347934921875 0.21988388906249998 0.333541928125 0.21988388906249998 0.3272841046875 0.2206095796875 0.3235294125 0.22641509375000002 0.32415519375 0.27866473125 0.3279098875 0.28084180000000003
16 0.6733416765625 0.646589259375 0.6733416765625 0.69738751875 0.6752190234375 0.700290275 0.6814768453125 0.7046444125 0.6921151437499999 0.7017416546875 0.6983729656250001 0.69738751875 0.70400500625 0.6995645859375 0.7090112640624999 0.7039187234375001 0.7209011265624999 0.7031930328125 0.7252816015625 0.6995645859375 0.7265331671874999 0.6777939046875 0.725907384375 0.646589259375 0.7234042546875 0.6429608124999999 0.72027534375 0.641509434375 0.702127659375 0.641509434375 0.7002503124999999 0.6400580546875 0.6989987484375 0.6400580546875 0.6971214015625 0.641509434375 0.678347934375 0.641509434375 0.6752190234375 0.6429608124999999 0.6733416765625 0.646589259375
22 0.157812265625 0.295312771875 0.10625031250000001 0.295312771875 0.10625031250000001 0.373437590625 0.154687734375 0.373437590625 0.157812265625 0.370312771875 0.157812265625 0.295312771875
20 0.157812265625 0.6562503625 0.157812265625 0.5765624093749999 0.10625031250000001 0.5765624093749999 0.10625031250000001 0.6593751812499999 0.15625031250000002 0.6593751812499999 0.15625031250000002 0.657812771875 0.157812265625 0.6562503625
18 0.5781251562499999 0.9359375906249999 0.5781251562499999 0.8625 0.52812515625 0.8625 0.52812515625 0.9375 0.575 0.9375 0.576562578125 0.9359375906249999 0.5781251562499999 0.9359375906249999
21 0.7875 0.73437518125 0.789062578125 0.732812771875 0.789062578125 0.720312771875 0.735937421875 0.720312771875 0.735937421875 0.79687518125 0.785937421875 0.79687518125 0.7875 0.795312771875 0.7875 0.73437518125
18 0.298437421875 0.017187228125000002 0.24687484375 0.017187228125000002 0.24687484375 0.09375036249999999 0.295312265625 0.09375036249999999 0.298437421875 0.09062481875 0.298437421875 0.017187228125000002
18 0.732812265625 0.1562503625 0.732812265625 0.235937590625 0.79062515625 0.235937590625 0.79062515625 0.1562503625 0.732812265625 0.1562503625
19 0.525 0.014062409375000001 0.525 0.09218722812499999 0.5781251562499999 0.09218722812499999 0.5781251562499999 0.014062409375000001 0.525 0.014062409375000001
23 0.8734374218750001 0.43593759062500004 0.8734374218750001 0.517187228125 0.929687734375 0.517187228125 0.929687734375 0.43593759062500004 0.8734374218750001 0.43593759062500004
18 0.298437421875 0.8625 0.24687484375 0.8625 0.24687484375 0.942187228125 0.29687484375 0.942187228125 0.298437421875 0.9406248187499999 0.298437421875 0.8625