0 0.4343753296875 0.71875 0.42812532968749994 0.725 0.426562665625 0.725 0.425 0.7265626859375 0.423437334375 0.7265626859375 0.420312665625 0.7296873140625 0.41875 0.7296873140625 0.417187334375 0.73125 0.4156253296875 0.73125 0.40937532968749996 0.7375 0.407812665625 0.7375 0.404687334375 0.7406253734375 0.404687334375 0.7421873140625 0.4031253296875 0.74375 0.4031253296875 0.8359373140624999 0.40625 0.8359373140624999 0.41093733437499996 0.8406253734375 0.4125 0.8406253734375 0.41406266562500005 0.8421873140624999 0.4156253296875 0.8421873140624999 0.42187532968749997 0.8484373140624999 0.425 0.8484373140624999 0.426562665625 0.85 0.42812532968749994 0.85 0.43281266562500004 0.8546873140625 0.4343753296875 0.8546873140625 0.44062532968749996 0.8609373140625 0.44375 0.8609373140625 0.44531266562500005 0.8625 0.4468753296875 0.8625 0.451562665625 0.8671873140624999 0.45312532968749997 0.8671873140624999 0.457812665625 0.8718753734375 0.47343733437499996 0.8718753734375 0.47343733437499996 0.8703126859375001 0.47656266562500005 0.8671873140624999 0.4781253296875 0.8671873140624999 0.48437532968749997 0.8609373140625 0.4875 0.8609373140625 0.489062665625 0.8593753734374999 0.49062532968749994 0.8593753734374999 0.49531266562500004 0.8546873140625 0.498437334375 0.8546873140625 0.5 0.8531253734375 0.5031253296875 0.8531253734375 0.507812665625 0.8484373140624999 0.5093753296875 0.8484373140624999 0.5156253296875 0.8421873140624999 0.520312665625 0.8421873140624999 0.526562665625 0.8359373140624999 0.5281253296874999 0.8359373140624999 0.5296873343749999 0.8343753734374999 0.5296873343749999 0.8328126859375 0.5328126656250001 0.8296873140625 0.5328126656250001 0.7703126859375 0.53125 0.76875 0.53125 0.7640626859374999 0.5296873343749999 0.7625 0.5296873343749999 0.7578126859375 0.5281253296874999 0.75625 0.526562665625 0.75625 0.523437334375 0.7531253734375001 0.523437334375 0.7515626859375 0.5218753296875 0.75 0.520312665625 0.75 0.517187334375 0.7468753734375 0.517187334375 0.7390626859375 0.5156253296875 0.7375 0.5156253296875 0.7359373140625001 0.514062665625 0.7343753734375 0.514062665625 0.7328126859374999 0.510937334375 0.7296873140625 0.510937334375 0.7281253734375001 0.507812665625 0.725 0.5031253296875 0.725 0.4968753296875 0.71875 0.49531266562500004 0.71875 0.49375 0.7171873140625 0.49218733437499995 0.7171873140625 0.49062532968749994 0.7156253734375 0.49062532968749994 0.7140626859375 0.489062665625 0.7140626859375 0.4875 0.7125 0.482812665625 0.7125 0.479687334375 0.7093753734375 0.479687334375 0.7078126859375 0.451562665625 0.7078126859375 0.4468753296875 0.7125 0.44531266562500005 0.7125 0.439062665625 0.71875 0.4343753296875 0.71875
36 0.5968753296875 0.7125 0.5953126656250001 0.7140626859375 0.59375 0.7140626859375 0.589062665625 0.71875 0.5843753296875 0.71875 0.5781253296875 0.725 0.5718753296875 0.725 0.56875 0.7281253734375001 0.56875 0.7296873140625 0.5656253296875 0.7328126859374999 0.5640626656250001 0.7328126859374999 0.5640626656250001 0.7359373140625001 0.5625 0.7375 0.5625 0.74375 0.5609373343749999 0.7453126859375 0.5609373343749999 0.7468753734375 0.548437334375 0.7593753734375001 0.548437334375 0.7640626859374999 0.5468753296875 0.7656253734375 0.5468753296875 0.825 0.548437334375 0.8265626859375 0.548437334375 0.8281253734374999 0.551562665625 0.83125 0.551562665625 0.8328126859375 0.5531253296875 0.8343753734374999 0.554687334375 0.8343753734374999 0.55625 0.8359373140624999 0.5593753296874999 0.8359373140624999 0.5625 0.8390626859375001 0.5625 0.8406253734375 0.5640626656250001 0.8421873140624999 0.5656253296875 0.8421873140624999 0.567187334375 0.84375 0.56875 0.84375 0.570312665625 0.8453126859375001 0.570312665625 0.8468753734375 0.5718753296875 0.8468753734375 0.573437334375 0.8484373140624999 0.576562665625 0.8484373140624999 0.5781253296875 0.85 0.579687334375 0.85 0.58125 0.8515626859375001 0.58125 0.8531253734375 0.582812665625 0.8531253734375 0.5906253296874999 0.8609373140625 0.59375 0.8609373140625 0.598437334375 0.8656253734374999 0.6 0.8656253734374999 0.601562665625 0.8671873140624999 0.6031253296875 0.8671873140624999 0.604687334375 0.86875 0.60625 0.86875 0.6093753296875 0.8718753734375 0.6156253296875 0.8718753734375 0.61875 0.86875 0.620312665625 0.86875 0.6218753296874999 0.8671873140624999 0.625 0.8671873140624999 0.6265626656250001 0.8656253734374999 0.6281253296875 0.8656253734374999 0.6281253296875 0.8640626859375 0.629687334375 0.8625 0.63125 0.8625 0.632812665625 0.8609373140625 0.6343753296875 0.8609373140625 0.6406253296875 0.8546873140625 0.64375 0.8546873140625 0.645312665625 0.8531253734375 0.6468753296875 0.8531253734375 0.651562665625 0.8484373140624999 0.6531253296874999 0.8484373140624999 0.6546873343749999 0.8468753734375 0.65625 0.8468753734375 0.6593753296875 0.84375 0.660937334375 0.84375 0.6625 0.8421873140624999 0.6656253296875 0.8421873140624999 0.6718753296875 0.8359373140624999 0.676562665625 0.8359373140624999 0.679687334375 0.8328126859375 0.679687334375 0.83125 0.68125 0.8296873140625 0.68125 0.8281253734374999 0.682812665625 0.8265626859375 0.682812665625 0.7468753734375 0.68125 0.7453126859375 0.68125 0.74375 0.6781253296875 0.7406253734375 0.6781253296875 0.7390626859375 0.676562665625 0.7390626859375 0.675 0.7375 0.6718753296875 0.7375 0.667187334375 0.7328126859374999 0.6656253296875 0.7328126859374999 0.664062665625 0.73125 0.660937334375 0.73125 0.6593753296875 0.7296873140625 0.6578126656250001 0.7296873140625 0.6546873343749999 0.7265626859375 0.6531253296874999 0.7265626859375 0.651562665625 0.725 0.65 0.725 0.648437334375 0.7234373140625 0.6468753296875 0.7234373140625 0.64375 0.7203126859375 0.642187334375 0.7203126859375 0.6406253296875 0.71875 0.6375 0.71875 0.632812665625 0.7140626859375 0.629687334375 0.7140626859375 0.6281253296875 0.7125 0.6265626656250001 0.7125 0.625 0.7109373140625 0.6234373343749999 0.7109373140625 0.620312665625 0.7078126859375 0.604687334375 0.7078126859375 0.601562665625 0.7109373140625 0.6 0.7109373140625 0.598437334375 0.7125 0.5968753296875 0.7125
37 0.2843753296875 0.7171873140625 0.28281266562499996 0.71875 0.27968733437500004 0.71875 0.27812532968750003 0.7203126859375 0.276562665625 0.7203126859375 0.2718753296875 0.725 0.270312665625 0.725 0.26406266562499997 0.73125 0.2593753296875 0.73125 0.2531253296875 0.7375 0.25156266562499996 0.7375 0.25156266562499996 0.8359373140624999 0.25625 0.8359373140624999 0.257812665625 0.8375 0.2593753296875 0.8375 0.26406266562499997 0.8421873140624999 0.2656253296875 0.8421873140624999 0.26875 0.8453126859375001 0.26875 0.8468753734375 0.270312665625 0.8484373140624999 0.276562665625 0.8484373140624999 0.28281266562499996 0.8546873140625 0.285937334375 0.8546873140625 0.289062665625 0.8578126859375 0.2906253296875 0.8578126859375 0.29375 0.8609373140625 0.2968753296875 0.8609373140625 0.3031253296875 0.8671873140624999 0.304687334375 0.8671873140624999 0.30937532968750003 0.8718753734375 0.31093733437500004 0.8718753734375 0.3125 0.8734373140624999 0.325 0.8734373140624999 0.32656266562499997 0.8718753734375 0.3281253296875 0.8718753734375 0.339062665625 0.8609373140625 0.34218733437500004 0.8609373140625 0.34375 0.8593753734374999 0.34531266562499996 0.8593753734374999 0.35 0.8546873140625 0.3531253296875 0.8546873140625 0.354687334375 0.8531253734375 0.354687334375 0.8515626859375001 0.35781266562499997 0.8484373140624999 0.3625 0.8484373140624999 0.364062665625 0.8468753734375 0.3656253296875 0.8468753734375 0.370312665625 0.8421873140624999 0.37187532968750003 0.8421873140624999 0.3781253296875 0.8359373140624999 0.379687334375 0.8359373140624999 0.38125 0.8343753734374999 0.382812665625 0.8343753734374999 0.3843753296875 0.8328126859375 0.3843753296875 0.83125 0.385937334375 0.8296873140625 0.385937334375 0.7406253734375 0.382812665625 0.7375 0.38125 0.7375 0.37656266562499996 0.7328126859374999 0.375 0.7328126859374999 0.37343733437500004 0.73125 0.370312665625 0.73125 0.364062665625 0.725 0.36093733437500003 0.725 0.3593753296875 0.7234373140625 0.35781266562499997 0.7234373140625 0.3531253296875 0.71875 0.35 0.71875 0.34531266562499996 0.7140626859375 0.34375 0.7140626859375 0.34062532968750003 0.7109373140625 0.2968753296875 0.7109373140625 0.29531266562499997 0.7125 0.2906253296875 0.7125 0.285937334375 0.7171873140625 0.2843753296875 0.7171873140625
36 0.22343733437500002 0.5703126859375 0.220312665625 0.5734373140625 0.21875 0.5734373140625 0.217187334375 0.575 0.2156253296875 0.575 0.21406266562499998 0.5765626859374999 0.2125 0.5765626859374999 0.2093753296875 0.5796873140625001 0.20781266562499998 0.5796873140625001 0.20625 0.58125 0.20312532968750002 0.58125 0.20156266562499997 0.5828126859375 0.2 0.5828126859375 0.195312665625 0.5875 0.19062532968749998 0.5875 0.18437532968749998 0.59375 0.182812665625 0.59375 0.18125 0.5953126859375 0.18125 0.6578126859375 0.1875 0.6640626859375 0.1875 0.6671873140625 0.18906266562500001 0.66875 0.18906266562500001 0.6718753734375 0.19062532968749998 0.6734373140625001 0.19062532968749998 0.675 0.192187334375 0.6765626859375 0.192187334375 0.6828126859375 0.19375 0.6843753734375 0.19375 0.6968753734375001 0.195312665625 0.6984373140625 0.1968753296875 0.6984373140625 0.20312532968750002 0.7046873140625001 0.20781266562499998 0.7046873140625001 0.21406266562499998 0.7109373140625 0.2156253296875 0.7109373140625 0.220312665625 0.7156253734375 0.2218753296875 0.7156253734375 0.22343733437500002 0.7171873140625 0.22812532968750002 0.7171873140625 0.23125 0.7203126859375 0.23125 0.7218753734375001 0.23281266562499997 0.7234373140625 0.23593733437500003 0.7234373140625 0.2375 0.725 0.25 0.725 0.25156266562499996 0.7234373140625 0.2531253296875 0.7234373140625 0.2593753296875 0.7171873140625 0.260937334375 0.7171873140625 0.2625 0.7156253734375 0.26406266562499997 0.7156253734375 0.26718733437500003 0.7125 0.26875 0.7125 0.270312665625 0.7109373140625 0.275 0.7109373140625 0.276562665625 0.7093753734375 0.27812532968750003 0.7093753734375 0.28281266562499996 0.7046873140625001 0.2875 0.7046873140625001 0.2906253296875 0.7015626859374999 0.2906253296875 0.7 0.292187334375 0.6984373140625 0.292187334375 0.69375 0.29375 0.6921873140625 0.29375 0.6906253734375001 0.29531266562499997 0.6890626859375 0.29531266562499997 0.6875 0.2968753296875 0.6859373140625 0.2968753296875 0.6796873140625 0.29843733437500003 0.6781253734375 0.29843733437500003 0.6656253734375001 0.304687334375 0.6593753734375001 0.304687334375 0.6578126859375 0.30937532968750003 0.6531253734375 0.30937532968750003 0.6 0.307812665625 0.5984373140625 0.307812665625 0.5968753734375001 0.3031253296875 0.5921873140625 0.301562665625 0.5921873140625 0.2968753296875 0.5875 0.29531266562499997 0.5875 0.289062665625 0.58125 0.285937334375 0.58125 0.2843753296875 0.5796873140625001 0.28281266562499996 0.5796873140625001 0.27968733437500004 0.5765626859374999 0.27812532968750003 0.5765626859374999 0.276562665625 0.575 0.275 0.575 0.273437334375 0.5734373140625 0.2718753296875 0.5734373140625 0.26875 0.5703126859375 0.26718733437500003 0.5703126859375 0.2656253296875 0.56875 0.26406266562499997 0.56875 0.2625 0.5671873140625 0.23437532968750002 0.5671873140625 0.23281266562499997 0.56875 0.226562665625 0.56875 0.225 0.5703126859375 0.22343733437500002 0.5703126859375
36 0.448437334375 0.4281253734375 0.4468753296875 0.42968731406250005 0.44531266562500005 0.42968731406250005 0.44375 0.43125 0.439062665625 0.43125 0.4375 0.4328126859375 0.4343753296875 0.4328126859375 0.42968733437499995 0.4375 0.426562665625 0.4375 0.425 0.4390626859375 0.423437334375 0.4390626859375 0.420312665625 0.4421873140625 0.41875 0.4421873140625 0.417187334375 0.44375 0.4156253296875 0.44375 0.41406266562500005 0.44531268593749995 0.4125 0.44531268593749995 0.40625 0.4515626859375 0.40625 0.45781268593749996 0.404687334375 0.4593753734375 0.404687334375 0.54375 0.40625 0.54375 0.407812665625 0.5453126859374999 0.407812665625 0.5468753734375 0.41093733437499996 0.5468753734375 0.4125 0.5484373140625001 0.4156253296875 0.5484373140625001 0.417187334375 0.55 0.41875 0.55 0.42187532968749997 0.5531253734375 0.423437334375 0.5531253734375 0.425 0.5546873140625 0.46406266562500004 0.5546873140625 0.4656253296875 0.55625 0.467187334375 0.55625 0.46875 0.5578126859375 0.470312665625 0.5578126859375 0.47187532968749996 0.5593753734375 0.47343733437499996 0.5593753734375 0.475 0.5609373140625 0.49218733437499995 0.5609373140625 0.49375 0.5593753734375 0.49531266562500004 0.5593753734375 0.498437334375 0.55625 0.5 0.55625 0.5015626656250001 0.5546873140625 0.5093753296875 0.5546873140625 0.5156253296875 0.5484373140625001 0.520312665625 0.5484373140625001 0.526562665625 0.5421873140625 0.5281253296874999 0.5421873140625 0.5296873343749999 0.5406253734375001 0.5296873343749999 0.5390626859375 0.53125 0.5375 0.53125 0.5343753734375001 0.5328126656250001 0.5328126859375 0.5328126656250001 0.5281253734375 0.5343753296875 0.5265626859375 0.5343753296875 0.4718753734375 0.5328126656250001 0.4703126859375 0.5328126656250001 0.46875 0.53125 0.4671873140625 0.53125 0.4625 0.5296873343749999 0.46093731406250005 0.5296873343749999 0.45312537343750003 0.5281253296874999 0.4515626859375 0.526562665625 0.4515626859375 0.5218753296875 0.44687537343750006 0.520312665625 0.44687537343750006 0.517187334375 0.44375 0.514062665625 0.44375 0.5093753296875 0.4390626859375 0.50625 0.4390626859375 0.504687334375 0.4375 0.5 0.4375 0.4968753296875 0.43437537343750005 0.49531266562500004 0.43437537343750005 0.49375 0.4328126859375 0.49062532968749994 0.4328126859375 0.489062665625 0.43125 0.4875 0.43125 0.485937334375 0.42968731406250005 0.48437532968749997 0.42968731406250005 0.482812665625 0.4281253734375 0.479687334375 0.4281253734375 0.4781253296875 0.42656268593749996 0.47187532968749996 0.42656268593749996 0.470312665625 0.425 0.457812665625 0.425 0.45625 0.42656268593749996 0.451562665625 0.42656268593749996 0.45 0.4281253734375 0.448437334375 0.4281253734375
32 0.59375 0.6031253734375001 0.6 0.6093753734375 0.6281253296875 0.6093753734375 0.6343753296875 0.6031253734375001 0.6343753296875 0.5703126859375 0.629687334375 0.5656253734375001 0.629687334375 0.5640626859375 0.6234373343749999 0.5578126859375 0.601562665625 0.5578126859375 0.5968753296875 0.5625 0.5953126656250001 0.5625 0.59375 0.5640626859375 0.59375 0.6031253734375001
6 0.664062665625 0.56875 0.6625 0.56875 0.660937334375 0.5703126859375 0.6593753296875 0.5703126859375 0.65625 0.5734373140625 0.6546873343749999 0.5734373140625 0.6531253296874999 0.575 0.651562665625 0.575 0.645312665625 0.58125 0.64375 0.58125 0.64375 0.5828126859375 0.6375 0.5890626859375 0.6375 0.6 0.635937334375 0.6015626859375 0.635937334375 0.6031253734375001 0.629687334375 0.6093753734375 0.629687334375 0.6109373140625001 0.6281253296875 0.6125 0.6265626656250001 0.6125 0.625 0.6140626859375 0.625 0.6171873140625 0.6234373343749999 0.61875 0.6234373343749999 0.6859373140625 0.625 0.6875 0.625 0.6906253734375001 0.6265626656250001 0.6921873140625 0.6281253296875 0.6921873140625 0.629687334375 0.69375 0.63125 0.69375 0.632812665625 0.6953126859375 0.632812665625 0.6968753734375001 0.6343753296875 0.6968753734375001 0.635937334375 0.6984373140625 0.639062665625 0.6984373140625 0.645312665625 0.7046873140625001 0.65 0.7046873140625001 0.651562665625 0.70625 0.6531253296874999 0.70625 0.6578126656250001 0.7109373140625 0.660937334375 0.7109373140625 0.6656253296875 0.7156253734375 0.667187334375 0.7156253734375 0.66875 0.7171873140625 0.6718753296875 0.7171873140625 0.676562665625 0.7218753734375001 0.6781253296875 0.7218753734375001 0.679687334375 0.7234373140625 0.68125 0.7234373140625 0.682812665625 0.725 0.6875 0.725 0.6890626656250001 0.7265626859375 0.6906253296875 0.725 0.692187334375 0.725 0.69375 0.7234373140625 0.695312665625 0.7234373140625 0.6968753296875 0.7218753734375001 0.698437334375 0.7218753734375001 0.701562665625 0.71875 0.7031253296875 0.71875 0.704687334375 0.7171873140625 0.707812665625 0.7171873140625 0.7093753296875 0.7156253734375 0.710937334375 0.7156253734375 0.714062665625 0.7125 0.7156253296874999 0.7125 0.7171873343749999 0.7109373140625 0.7203126656250001 0.7109373140625 0.726562665625 0.7046873140625001 0.7281253296875 0.7046873140625001 0.729687334375 0.7031253734375 0.73125 0.7031253734375 0.7343753296875 0.7 0.735937334375 0.7 0.7375 0.6984373140625 0.7406253296875 0.6984373140625 0.742187334375 0.6968753734375001 0.742187334375 0.6953126859375 0.745312665625 0.6921873140625 0.7484373343749999 0.6921873140625 0.754687334375 0.6859373140625 0.754687334375 0.6156253734375 0.75625 0.6140626859375 0.75625 0.6015626859375 0.754687334375 0.6 0.754687334375 0.5968753734375001 0.7515626656250001 0.59375 0.75 0.59375 0.745312665625 0.5890626859375 0.74375 0.5890626859375 0.742187334375 0.5875 0.739062665625 0.5875 0.7375 0.5859373140625 0.735937334375 0.5859373140625 0.732812665625 0.5828126859375 0.73125 0.5828126859375 0.729687334375 0.58125 0.726562665625 0.58125 0.723437334375 0.5781253734375 0.7218753296875 0.5781253734375 0.7203126656250001 0.5765626859374999 0.71875 0.5765626859374999 0.7171873343749999 0.575 0.7156253296874999 0.575 0.714062665625 0.5734373140625 0.710937334375 0.5734373140625 0.707812665625 0.5703126859375 0.70625 0.5703126859375 0.698437334375 0.5625 0.6968753296875 0.5625 0.69375 0.5593753734375 0.69375 0.5578126859375 0.675 0.5578126859375 0.675 0.5593753734375 0.6718753296875 0.5625 0.670312665625 0.5625 0.664062665625 0.56875
0 0.5906253296874999 0.13125 0.5843753296875 0.1375 0.582812665625 0.1375 0.58125 0.13906268593749999 0.579687334375 0.13906268593749999 0.575 0.14375 0.573437334375 0.14375 0.5718753296875 0.1453126859375 0.570312665625 0.1453126859375 0.56875 0.14687537343749998 0.56875 0.1484373140625 0.567187334375 0.15 0.567187334375 0.1515626859375 0.5640626656250001 0.1546873140625 0.5640626656250001 0.1578126859375 0.5625 0.1593753734375 0.5625 0.16875 0.5609373343749999 0.17031268593749999 0.5609373343749999 0.17187537343749998 0.551562665625 0.18125 0.551562665625 0.25625 0.55625 0.2609373140625 0.5593753296874999 0.2609373140625 0.5640626656250001 0.2656253734375 0.5656253296875 0.2656253734375 0.567187334375 0.26718731406249996 0.5718753296875 0.26718731406249996 0.573437334375 0.26875 0.575 0.26875 0.576562665625 0.2703126859375 0.5781253296875 0.2703126859375 0.579687334375 0.2718753734375 0.5875 0.2718753734375 0.589062665625 0.2734373140625 0.5906253296874999 0.2734373140625 0.5921873343749999 0.2718753734375 0.598437334375 0.2718753734375 0.601562665625 0.26875 0.604687334375 0.26875 0.60625 0.26718731406249996 0.620312665625 0.26718731406249996 0.6218753296874999 0.26875 0.6234373343749999 0.26875 0.6265626656250001 0.2718753734375 0.6406253296875 0.2718753734375 0.64375 0.26875 0.645312665625 0.26875 0.6468753296875 0.26718731406249996 0.651562665625 0.26718731406249996 0.6531253296874999 0.2656253734375 0.6546873343749999 0.2656253734375 0.6578126656250001 0.2625 0.6593753296875 0.2625 0.660937334375 0.2609373140625 0.6656253296875 0.2609373140625 0.6718753296875 0.2546873140625 0.673437334375 0.2546873140625 0.6781253296875 0.25 0.6781253296875 0.1890626859375 0.675 0.1859373140625 0.675 0.1843753734375 0.6718753296875 0.18125 0.6718753296875 0.1796873140625 0.670312665625 0.1796873140625 0.66875 0.17812537343749998 0.66875 0.1765626859375 0.667187334375 0.175 0.667187334375 0.17343731406250001 0.6656253296875 0.17187537343749998 0.6656253296875 0.17031268593749999 0.6625 0.1671873140625 0.6625 0.1656253734375 0.660937334375 0.1640626859375 0.660937334375 0.1531253734375 0.651562665625 0.14375 0.65 0.14375 0.645312665625 0.13906268593749999 0.64375 0.13906268593749999 0.642187334375 0.1375 0.6406253296875 0.1375 0.6343753296875 0.13125 0.632812665625 0.13125 0.6265626656250001 0.125 0.625 0.125 0.6234373343749999 0.1234373140625 0.6031253296875 0.1234373140625 0.601562665625 0.125 0.6 0.125 0.59375 0.13125 0.5906253296874999 0.13125
36 0.525 0.28125 0.523437334375 0.28281268593750003 0.5218753296875 0.28281268593750003 0.51875 0.2859373140625 0.517187334375 0.2859373140625 0.5156253296875 0.2875 0.5125 0.2875 0.510937334375 0.2890626859375 0.5093753296875 0.2890626859375 0.50625 0.2921873140625 0.504687334375 0.2921873140625 0.5031253296875 0.29375 0.5 0.29375 0.498437334375 0.29531268593750004 0.4968753296875 0.29531268593750004 0.49218733437499995 0.3 0.489062665625 0.3 0.485937334375 0.3031253734375 0.48437532968749997 0.3031253734375 0.479687334375 0.3078126859375 0.479687334375 0.3093753734375 0.4781253296875 0.31093731406249997 0.4781253296875 0.31406268593750003 0.47656266562500005 0.31562537343749997 0.47656266562500005 0.37812537343749997 0.48437532968749997 0.3859373140625 0.49062532968749994 0.3859373140625 0.49375 0.38906268593750004 0.49375 0.3906253734375 0.498437334375 0.3953126859375 0.498437334375 0.3984373140625 0.5 0.4 0.5 0.4093753734375 0.5015626656250001 0.4109373140625 0.5031253296875 0.4109373140625 0.5093753296875 0.41718731406250004 0.5125 0.41718731406250004 0.514062665625 0.41875 0.5156253296875 0.41875 0.520312665625 0.4234373140625 0.523437334375 0.4234373140625 0.525 0.425 0.526562665625 0.425 0.5296873343749999 0.4281253734375 0.53125 0.4281253734375 0.5328126656250001 0.42968731406250005 0.5468753296875 0.42968731406250005 0.551562665625 0.425 0.5531253296875 0.425 0.554687334375 0.4234373140625 0.557812665625 0.4234373140625 0.5640626656250001 0.41718731406250004 0.5656253296875 0.41718731406250004 0.567187334375 0.41562537343750006 0.56875 0.41562537343750006 0.5718753296875 0.4125 0.573437334375 0.4125 0.575 0.4109373140625 0.5781253296875 0.4109373140625 0.579687334375 0.4093753734375 0.58125 0.4093753734375 0.5843753296875 0.40625 0.585937334375 0.40625 0.5875 0.4046873140625 0.5906253296874999 0.4046873140625 0.5921873343749999 0.40312537343750005 0.59375 0.40312537343750005 0.5968753296875 0.4 0.598437334375 0.4 0.6 0.3984373140625 0.6031253296875 0.3984373140625 0.604687334375 0.3968753734375 0.604687334375 0.39375 0.60625 0.39218731406249996 0.60625 0.3359373140625 0.604687334375 0.3343753734375 0.604687334375 0.32656268593750004 0.5968753296875 0.31875 0.5953126656250001 0.31875 0.5921873343749999 0.31562537343749997 0.5921873343749999 0.31093731406249997 0.5906253296874999 0.3093753734375 0.5906253296874999 0.3078126859375 0.585937334375 0.3031253734375 0.585937334375 0.29843731406249996 0.5843753296875 0.2968753734375 0.5843753296875 0.29531268593750004 0.582812665625 0.29531268593750004 0.58125 0.29375 0.579687334375 0.29375 0.575 0.2890626859375 0.573437334375 0.2890626859375 0.5718753296875 0.2875 0.56875 0.2875 0.5656253296875 0.28437537343749997 0.5640626656250001 0.28437537343749997 0.5625 0.28281268593750003 0.5609373343749999 0.28281268593750003 0.5593753296874999 0.28125 0.55625 0.28125 0.554687334375 0.27968731406249997 0.5531253296875 0.27968731406249997 0.551562665625 0.2781253734375 0.55 0.2781253734375 0.548437334375 0.2765626859375 0.5328126656250001 0.2765626859375 0.53125 0.2781253734375 0.5296873343749999 0.2781253734375 0.526562665625 0.28125 0.525 0.28125
17 0.4468753296875 0.1328126859375 0.44218733437499996 0.1375 0.439062665625 0.1375 0.43281266562500004 0.14375 0.42812532968749994 0.14375 0.42187532968749997 0.15 0.420312665625 0.15 0.41875 0.1515626859375 0.41875 0.1546873140625 0.417187334375 0.15625 0.417187334375 0.1593753734375 0.4156253296875 0.1609373140625 0.4156253296875 0.1625 0.41406266562500005 0.1640626859375 0.41406266562500005 0.1656253734375 0.4125 0.1671873140625 0.4125 0.17187537343749998 0.40625 0.17812537343749998 0.40625 0.1796873140625 0.404687334375 0.18125 0.404687334375 0.25312537343749997 0.40625 0.2546873140625 0.407812665625 0.2546873140625 0.41406266562500005 0.2609373140625 0.41875 0.2609373140625 0.420312665625 0.2625 0.42187532968749997 0.2625 0.426562665625 0.26718731406249996 0.42968733437499995 0.26718731406249996 0.43125 0.26875 0.43281266562500004 0.26875 0.435937334375 0.2718753734375 0.4375 0.2718753734375 0.439062665625 0.2734373140625 0.44062532968749996 0.2734373140625 0.44218733437499996 0.275 0.44375 0.275 0.4468753296875 0.2781253734375 0.448437334375 0.2781253734375 0.45 0.27968731406249997 0.45312532968749997 0.27968731406249997 0.45937532968749994 0.2859373140625 0.4625 0.2859373140625 0.46406266562500004 0.2875 0.4656253296875 0.2875 0.467187334375 0.2859373140625 0.47187532968749996 0.2859373140625 0.47343733437499996 0.28437537343749997 0.475 0.28437537343749997 0.475 0.28281268593750003 0.47656266562500005 0.28125 0.4781253296875 0.28125 0.479687334375 0.27968731406249997 0.48125 0.27968731406249997 0.482812665625 0.2781253734375 0.48437532968749997 0.2781253734375 0.489062665625 0.2734373140625 0.49062532968749994 0.2734373140625 0.49218733437499995 0.2718753734375 0.49375 0.2718753734375 0.4968753296875 0.26875 0.498437334375 0.26875 0.5 0.26718731406249996 0.5031253296875 0.26718731406249996 0.504687334375 0.2656253734375 0.50625 0.2656253734375 0.5093753296875 0.2625 0.510937334375 0.2625 0.5125 0.2609373140625 0.5156253296875 0.2609373140625 0.520312665625 0.25625 0.5218753296875 0.25625 0.523437334375 0.2546873140625 0.525 0.2546873140625 0.526562665625 0.25312537343749997 0.5281253296874999 0.25312537343749997 0.5281253296874999 0.25156268593750003 0.5296873343749999 0.25 0.5296873343749999 0.22343731406249998 0.53125 0.2218753734375 0.53125 0.20312537343749998 0.5296873343749999 0.2015626859375 0.5296873343749999 0.1843753734375 0.5281253296874999 0.1828126859375 0.5281253296874999 0.18125 0.51875 0.17187537343749998 0.51875 0.17031268593749999 0.517187334375 0.16875 0.517187334375 0.1625 0.5156253296875 0.1609373140625 0.5156253296875 0.1578126859375 0.5125 0.1546873140625 0.5125 0.1531253734375 0.5093753296875 0.15 0.507812665625 0.15 0.504687334375 0.14687537343749998 0.504687334375 0.1453126859375 0.5031253296875 0.14375 0.5 0.14375 0.498437334375 0.14218731406250001 0.4968753296875 0.14218731406250001 0.49375 0.13906268593749999 0.49218733437499995 0.13906268593749999 0.49062532968749994 0.1375 0.489062665625 0.1375 0.48437532968749997 0.1328126859375 0.482812665625 0.1328126859375 0.48125 0.13125 0.4781253296875 0.13125 0.47656266562500005 0.1296873140625 0.45312532968749997 0.1296873140625 0.451562665625 0.13125 0.45 0.13125 0.448437334375 0.1328126859375 0.4468753296875 0.1328126859375
17 0.37187532968750003 0.56875 0.3656253296875 0.575 0.3625 0.575 0.36093733437500003 0.5765626859374999 0.3593753296875 0.5765626859374999 0.35625 0.5796873140625001 0.354687334375 0.5796873140625001 0.3531253296875 0.58125 0.35 0.58125 0.348437334375 0.5828126859375 0.3468753296875 0.5828126859375 0.34218733437500004 0.5875 0.339062665625 0.5875 0.3343753296875 0.5921873140625 0.332812665625 0.5921873140625 0.33125 0.59375 0.33125 0.5953126859375 0.32968733437500003 0.5968753734375001 0.32968733437500003 0.65625 0.33125 0.6578126859375 0.33125 0.6593753734375001 0.3375 0.6656253734375001 0.3375 0.6828126859375 0.339062665625 0.6843753734375 0.339062665625 0.6875 0.34062532968750003 0.6890626859375 0.34062532968750003 0.6906253734375001 0.34218733437500004 0.6921873140625 0.34218733437500004 0.69375 0.34375 0.6953126859375 0.34375 0.6968753734375001 0.351562665625 0.7046873140625001 0.3531253296875 0.7046873140625001 0.354687334375 0.70625 0.35625 0.70625 0.35781266562499997 0.7078126859375 0.35781266562499997 0.7093753734375 0.36093733437500003 0.7093753734375 0.3625 0.7109373140625 0.3656253296875 0.7109373140625 0.37187532968750003 0.7171873140625 0.3781253296875 0.7171873140625 0.38125 0.7203126859375 0.39375 0.7203126859375 0.3968753296875 0.7171873140625 0.3968753296875 0.7156253734375 0.40156266562500004 0.7109373140625 0.4031253296875 0.7109373140625 0.404687334375 0.7093753734375 0.40937532968749996 0.7093753734375 0.41093733437499996 0.7078126859375 0.4125 0.7078126859375 0.41406266562500005 0.70625 0.417187334375 0.70625 0.41875 0.7046873140625001 0.423437334375 0.7046873140625001 0.425 0.7031253734375 0.426562665625 0.7031253734375 0.42968733437499995 0.7 0.43125 0.7 0.43281266562500004 0.6984373140625 0.4375 0.6984373140625 0.439062665625 0.6968753734375001 0.44062532968749996 0.6968753734375001 0.44531266562500005 0.6921873140625 0.4468753296875 0.6921873140625 0.45312532968749997 0.6859373140625 0.454687334375 0.6859373140625 0.454687334375 0.6843753734375 0.45625 0.6828126859375 0.45625 0.625 0.454687334375 0.6234373140625 0.454687334375 0.61875 0.45312532968749997 0.6171873140625 0.45312532968749997 0.6156253734375 0.451562665625 0.6140626859375 0.45 0.6140626859375 0.448437334375 0.6125 0.44531266562500005 0.6125 0.44218733437499996 0.6093753734375 0.44218733437499996 0.60625 0.4375 0.6015626859375 0.4375 0.6 0.435937334375 0.5984373140625 0.435937334375 0.5890626859375 0.42968733437499995 0.5828126859375 0.42968733437499995 0.5796873140625001 0.426562665625 0.5765626859374999 0.425 0.5765626859374999 0.423437334375 0.575 0.420312665625 0.575 0.41406266562500005 0.56875 0.40937532968749996 0.56875 0.4031253296875 0.5625 0.38125 0.5625 0.37656266562499996 0.5671873140625 0.375 0.5671873140625 0.37343733437500004 0.56875 0.37187532968750003 0.56875
37 0.525 0.5640626859375 0.5218753296875 0.5671873140625 0.520312665625 0.5671873140625 0.51875 0.56875 0.514062665625 0.56875 0.5125 0.5703126859375 0.510937334375 0.5703126859375 0.507812665625 0.5734373140625 0.50625 0.5734373140625 0.504687334375 0.575 0.5031253296875 0.575 0.5 0.5781253734375 0.5 0.5796873140625001 0.49531266562500004 0.5843753734375 0.49531266562500004 0.5968753734375001 0.49375 0.5984373140625 0.49375 0.6031253734375001 0.489062665625 0.6078126859374999 0.4875 0.6078126859374999 0.4875 0.6093753734375 0.48437532968749997 0.6125 0.482812665625 0.6125 0.48125 0.6140626859375 0.479687334375 0.6140626859375 0.479687334375 0.6875 0.48437532968749997 0.6921873140625 0.4875 0.6921873140625 0.489062665625 0.69375 0.49062532968749994 0.69375 0.49531266562500004 0.6984373140625 0.5015626656250001 0.6984373140625 0.5031253296875 0.7 0.507812665625 0.7 0.5093753296875 0.7015626859374999 0.5156253296875 0.7015626859374999 0.517187334375 0.7 0.523437334375 0.7 0.525 0.7015626859374999 0.526562665625 0.7015626859374999 0.5281253296874999 0.7031253734375 0.5296873343749999 0.7015626859374999 0.535937334375 0.7015626859374999 0.5375 0.7 0.542187334375 0.7 0.545312665625 0.7031253734375 0.5656253296875 0.7031253734375 0.567187334375 0.7015626859374999 0.56875 0.7015626859374999 0.570312665625 0.7 0.573437334375 0.7 0.575 0.6984373140625 0.582812665625 0.6984373140625 0.5843753296875 0.6968753734375001 0.585937334375 0.6968753734375001 0.5906253296874999 0.6921873140625 0.5968753296875 0.6921873140625 0.598437334375 0.6906253734375001 0.598437334375 0.6890626859375 0.601562665625 0.6859373140625 0.6031253296875 0.6859373140625 0.604687334375 0.6843753734375 0.604687334375 0.66875 0.60625 0.6671873140625 0.60625 0.6281253734375001 0.604687334375 0.6265626859375 0.604687334375 0.6140626859375 0.6031253296875 0.6125 0.601562665625 0.6125 0.598437334375 0.6093753734375 0.598437334375 0.6078126859374999 0.5968753296875 0.60625 0.5953126656250001 0.60625 0.5921873343749999 0.6031253734375001 0.5921873343749999 0.5953126859375 0.5906253296874999 0.59375 0.5906253296874999 0.5921873140625 0.589062665625 0.5906253734375 0.589062665625 0.5890626859375 0.585937334375 0.5859373140625 0.585937334375 0.5843753734375 0.582812665625 0.58125 0.58125 0.58125 0.579687334375 0.5796873140625001 0.5781253296875 0.5796873140625001 0.575 0.5765626859374999 0.573437334375 0.5765626859374999 0.5718753296875 0.575 0.570312665625 0.575 0.56875 0.5734373140625 0.567187334375 0.5734373140625 0.5640626656250001 0.5703126859375 0.5625 0.5703126859375 0.5609373343749999 0.56875 0.5593753296874999 0.56875 0.557812665625 0.5671873140625 0.55625 0.5671873140625 0.554687334375 0.5656253734375001 0.554687334375 0.5640626859375 0.5531253296875 0.5640626859375 0.551562665625 0.5625 0.55 0.5625 0.548437334375 0.5609373140625 0.5328126656250001 0.5609373140625 0.53125 0.5625 0.5281253296874999 0.5625 0.526562665625 0.5640626859375 0.525 0.5640626859375
0 0.36875 0.27968731406249997 0.367187334375 0.28125 0.364062665625 0.28125 0.3625 0.28281268593750003 0.36093733437500003 0.28281268593750003 0.35625 0.2875 0.354687334375 0.2875 0.3531253296875 0.2890626859375 0.351562665625 0.2890626859375 0.351562665625 0.2906253734375 0.35 0.2921873140625 0.35 0.3093753734375 0.35625 0.31562537343749997 0.35625 0.3171873140625 0.35781266562499997 0.31875 0.3593753296875 0.31875 0.36093733437500003 0.3203126859375 0.36093733437500003 0.3234373140625 0.3625 0.325 0.3625 0.32968731406249996 0.364062665625 0.33125 0.364062665625 0.3328126859375 0.370312665625 0.3390626859375 0.370312665625 0.3406253734375 0.37187532968750003 0.34218731406249997 0.37187532968750003 0.34375 0.37343733437500004 0.34531268593750003 0.37343733437500004 0.34687537343749997 0.3656253296875 0.3546873140625 0.364062665625 0.3546873140625 0.35625 0.3625 0.354687334375 0.3625 0.3531253296875 0.3640626859375 0.34531266562499996 0.3640626859375 0.34375 0.3625 0.34062532968750003 0.3625 0.339062665625 0.36093731406249996 0.3375 0.36093731406249996 0.3343753296875 0.35781268593750004 0.332812665625 0.35781268593750004 0.32968733437500003 0.36093731406249996 0.32968733437500003 0.3968753734375 0.335937334375 0.40312537343750005 0.3375 0.40312537343750005 0.339062665625 0.4046873140625 0.34062532968750003 0.4046873140625 0.34218733437500004 0.40625 0.34375 0.40625 0.3468753296875 0.4093753734375 0.348437334375 0.4093753734375 0.35 0.4109373140625 0.354687334375 0.4109373140625 0.35781266562499997 0.41406268593749995 0.3593753296875 0.41406268593749995 0.36093733437500003 0.41562537343750006 0.3625 0.41562537343750006 0.364062665625 0.41718731406250004 0.367187334375 0.41718731406250004 0.370312665625 0.4203126859375 0.37187532968750003 0.4203126859375 0.37343733437500004 0.42187537343750003 0.375 0.42187537343750003 0.37656266562499996 0.4234373140625 0.3781253296875 0.4234373140625 0.382812665625 0.4281253734375 0.3875 0.4281253734375 0.38906266562499997 0.42968731406250005 0.3968753296875 0.42968731406250005 0.398437334375 0.4281253734375 0.4 0.4281253734375 0.4031253296875 0.425 0.404687334375 0.425 0.40625 0.4234373140625 0.40937532968749996 0.4234373140625 0.41093733437499996 0.42187537343750003 0.4125 0.42187537343750003 0.4156253296875 0.41875 0.417187334375 0.41875 0.41875 0.41718731406250004 0.420312665625 0.41718731406250004 0.42187532968749997 0.41562537343750006 0.423437334375 0.41562537343750006 0.423437334375 0.41406268593749995 0.426562665625 0.4109373140625 0.42812532968749994 0.4109373140625 0.42968733437499995 0.4093753734375 0.42968733437499995 0.40625 0.43125 0.4046873140625 0.43125 0.4 0.43281266562500004 0.3984373140625 0.43281266562500004 0.3968753734375 0.4343753296875 0.3953126859375 0.4343753296875 0.3875 0.435937334375 0.3859373140625 0.435937334375 0.375 0.4375 0.37343731406249997 0.4375 0.3718753734375 0.44218733437499996 0.3671873140625 0.44218733437499996 0.3656253734375 0.4468753296875 0.36093731406249996 0.448437334375 0.36093731406249996 0.45 0.3593753734375 0.45 0.35781268593750004 0.454687334375 0.3531253734375 0.454687334375 0.3093753734375 0.45312532968749997 0.3078126859375 0.45312532968749997 0.30625 0.451562665625 0.30625 0.44531266562500005 0.3 0.44062532968749996 0.3 0.435937334375 0.29531268593750004 0.4343753296875 0.29531268593750004 0.43281266562500004 0.29375 0.43125 0.29375 0.426562665625 0.2890626859375 0.423437334375 0.2890626859375 0.42187532968749997 0.2875 0.41875 0.2875 0.41406266562500005 0.28281268593750003 0.4125 0.28281268593750003 0.41093733437499996 0.28125 0.40937532968749996 0.28125 0.4031253296875 0.275 0.37656266562499996 0.275 0.37343733437500004 0.2781253734375 0.37187532968750003 0.2781253734375 0.370312665625 0.27968731406249997 0.36875 0.27968731406249997
37 0.675 0.2781253734375 0.6718753296875 0.28125 0.670312665625 0.28125 0.66875 0.28281268593750003 0.664062665625 0.28281268593750003 0.6593753296875 0.2875 0.6531253296874999 0.2875 0.648437334375 0.2921873140625 0.6468753296875 0.2921873140625 0.6375 0.3015626859375 0.6375 0.3093753734375 0.6343753296875 0.3125 0.632812665625 0.3125 0.632812665625 0.31406268593750003 0.63125 0.31562537343749997 0.63125 0.3171873140625 0.6281253296875 0.3203126859375 0.6265626656250001 0.3203126859375 0.61875 0.3281253734375 0.61875 0.4 0.620312665625 0.4015626859375 0.620312665625 0.40312537343750005 0.6218753296874999 0.40312537343750005 0.6234373343749999 0.4046873140625 0.6281253296875 0.4046873140625 0.63125 0.4078126859375 0.63125 0.4093753734375 0.632812665625 0.4109373140625 0.6406253296875 0.4109373140625 0.6468753296875 0.41718731406250004 0.65625 0.41718731406250004 0.6578126656250001 0.41875 0.6593753296875 0.41875 0.660937334375 0.41718731406250004 0.667187334375 0.41718731406250004 0.66875 0.41562537343750006 0.6718753296875 0.41562537343750006 0.673437334375 0.41406268593749995 0.676562665625 0.41406268593749995 0.6781253296875 0.4125 0.679687334375 0.4125 0.68125 0.4109373140625 0.692187334375 0.4109373140625 0.69375 0.4125 0.6968753296875 0.4125 0.7 0.41562537343750006 0.701562665625 0.41562537343750006 0.7031253296875 0.41718731406250004 0.707812665625 0.41718731406250004 0.7093753296875 0.41875 0.710937334375 0.41875 0.7125 0.4203126859375 0.7171873343749999 0.4203126859375 0.71875 0.41875 0.7218753296875 0.41875 0.723437334375 0.41718731406250004 0.7281253296875 0.41718731406250004 0.732812665625 0.4125 0.735937334375 0.4125 0.7375 0.4109373140625 0.7406253296875 0.4109373140625 0.745312665625 0.40625 0.7468753296874999 0.40625 0.7484373343749999 0.4046873140625 0.7515626656250001 0.4046873140625 0.754687334375 0.4015626859375 0.754687334375 0.32656268593750004 0.7531253296875 0.325 0.7515626656250001 0.325 0.742187334375 0.31562537343749997 0.742187334375 0.31406268593750003 0.7375 0.3093753734375 0.7375 0.30625 0.735937334375 0.3046873140625 0.735937334375 0.29843731406249996 0.7343753296875 0.2968753734375 0.7343753296875 0.29531268593750004 0.732812665625 0.29531268593750004 0.729687334375 0.2921873140625 0.7281253296875 0.2921873140625 0.725 0.2890626859375 0.723437334375 0.2890626859375 0.7218753296875 0.2875 0.7156253296874999 0.2875 0.714062665625 0.2859373140625 0.7125 0.2859373140625 0.7093753296875 0.28281268593750003 0.70625 0.28281268593750003 0.70625 0.28437537343749997 0.704687334375 0.2859373140625 0.701562665625 0.2859373140625 0.6906253296875 0.275 0.68125 0.275 0.679687334375 0.2765626859375 0.6781253296875 0.2765626859375 0.676562665625 0.2781253734375 0.675 0.2781253734375
35 0.7375 0.425 0.735937334375 0.42656268593749996 0.7343753296875 0.42656268593749996 0.73125 0.42968731406250005 0.729687334375 0.42968731406250005 0.7281253296875 0.43125 0.726562665625 0.43125 0.725 0.4328126859375 0.723437334375 0.4328126859375 0.714062665625 0.4421873140625 0.714062665625 0.44375 0.7125 0.44531268593749995 0.7125 0.45312537343750003 0.710937334375 0.4546873140625 0.710937334375 0.45781268593749996 0.704687334375 0.4640626859375 0.704687334375 0.46562537343750005 0.7031253296875 0.4671873140625 0.701562665625 0.4671873140625 0.698437334375 0.4703126859375 0.698437334375 0.475 0.6968753296875 0.47656268593749995 0.6968753296875 0.5421873140625 0.7 0.5453126859374999 0.7 0.5468753734375 0.701562665625 0.5484373140625001 0.7031253296875 0.5484373140625001 0.70625 0.5515626859375 0.70625 0.5531253734375 0.707812665625 0.5546873140625 0.710937334375 0.5546873140625 0.7125 0.55625 0.714062665625 0.55625 0.7171873343749999 0.5593753734375 0.71875 0.5593753734375 0.7203126656250001 0.5609373140625 0.7218753296875 0.5609373140625 0.7281253296875 0.5671873140625 0.732812665625 0.5671873140625 0.739062665625 0.5734373140625 0.7406253296875 0.5734373140625 0.742187334375 0.575 0.74375 0.575 0.7468753296874999 0.5781253734375 0.7484373343749999 0.5781253734375 0.75 0.5796873140625001 0.7531253296875 0.5796873140625001 0.754687334375 0.58125 0.75625 0.58125 0.7593753296875 0.5843753734375 0.7656253296875 0.5843753734375 0.770312665625 0.5796873140625001 0.775 0.5796873140625001 0.776562665625 0.5781253734375 0.7781253296874999 0.5781253734375 0.7781253296874999 0.5765626859374999 0.7796873343749999 0.575 0.78125 0.575 0.7828126656250001 0.5734373140625 0.7843753296875 0.5734373140625 0.7906253296875 0.5671873140625 0.795312665625 0.5671873140625 0.8015626656249999 0.5609373140625 0.8046873343750001 0.5609373140625 0.80625 0.5593753734375 0.807812665625 0.5593753734375 0.8125 0.5546873140625 0.8156253296875 0.5546873140625 0.817187334375 0.5531253734375 0.817187334375 0.5515626859375 0.81875 0.55 0.8203126656249999 0.55 0.8218753296875001 0.5484373140625001 0.8234373343750001 0.5484373140625001 0.8281253296875001 0.54375 0.8281253296875001 0.5421873140625 0.8296873343750001 0.5406253734375001 0.8296873343750001 0.4546873140625 0.8281253296875001 0.45312537343750003 0.8281253296875001 0.4515626859375 0.8265626656249999 0.4515626859375 0.8203126656249999 0.44531268593749995 0.81875 0.44531268593749995 0.817187334375 0.44375 0.814062665625 0.44375 0.807812665625 0.4375 0.8046873343750001 0.4375 0.8031253296875001 0.4359373140625 0.8015626656249999 0.4359373140625 0.798437334375 0.4328126859375 0.7968753296875 0.4328126859375 0.795312665625 0.43125 0.792187334375 0.43125 0.7875 0.42656268593749996 0.785937334375 0.42656268593749996 0.7843753296875 0.425 0.7828126656250001 0.425 0.78125 0.4234373140625 0.7796873343749999 0.4234373140625 0.776562665625 0.4203126859375 0.775 0.4203126859375 0.773437334375 0.41875 0.7718753296875 0.41875 0.770312665625 0.41718731406250004 0.76875 0.41718731406250004 0.7656253296875 0.41406268593749995 0.7515626656250001 0.41406268593749995 0.745312665625 0.4203126859375 0.74375 0.4203126859375 0.739062665625 0.425 0.7375 0.425
37 0.5875 0.42968731406250005 0.585937334375 0.43125 0.58125 0.43125 0.579687334375 0.4328126859375 0.5781253296875 0.4328126859375 0.573437334375 0.4375 0.570312665625 0.4375 0.5656253296875 0.4421873140625 0.5640626656250001 0.4421873140625 0.5625 0.44375 0.5593753296874999 0.44375 0.551562665625 0.4515626859375 0.55 0.4515626859375 0.55 0.45312537343750003 0.548437334375 0.4546873140625 0.548437334375 0.45781268593749996 0.5468753296875 0.4593753734375 0.5468753296875 0.5390626859375 0.55 0.5421873140625 0.551562665625 0.5421873140625 0.5531253296875 0.54375 0.554687334375 0.54375 0.55625 0.5453126859374999 0.55625 0.5468753734375 0.557812665625 0.5484373140625001 0.5609373343749999 0.5484373140625001 0.5625 0.55 0.5656253296875 0.55 0.56875 0.5531253734375 0.570312665625 0.5531253734375 0.5718753296875 0.5546873140625 0.576562665625 0.5546873140625 0.5781253296875 0.55625 0.579687334375 0.55625 0.5843753296875 0.5609373140625 0.6 0.5609373140625 0.601562665625 0.5593753734375 0.6031253296875 0.5593753734375 0.60625 0.55625 0.607812665625 0.55625 0.6093753296875 0.5546873140625 0.6156253296875 0.5546873140625 0.617187334375 0.55625 0.61875 0.55625 0.620312665625 0.5578126859375 0.6218753296874999 0.5578126859375 0.6234373343749999 0.5593753734375 0.625 0.5593753734375 0.6265626656250001 0.5609373140625 0.632812665625 0.5609373140625 0.6343753296875 0.5625 0.6375 0.5625 0.639062665625 0.5640626859375 0.642187334375 0.5640626859375 0.64375 0.5625 0.648437334375 0.5625 0.65 0.5609373140625 0.6546873343749999 0.5609373140625 0.65625 0.5593753734375 0.6578126656250001 0.5593753734375 0.6625 0.5546873140625 0.6656253296875 0.5546873140625 0.6718753296875 0.5484373140625001 0.673437334375 0.5484373140625001 0.6781253296875 0.54375 0.6781253296875 0.4703126859375 0.673437334375 0.46562537343750005 0.673437334375 0.4640626859375 0.6718753296875 0.4625 0.670312665625 0.4625 0.667187334375 0.4593753734375 0.667187334375 0.45781268593749996 0.6656253296875 0.45625 0.6656253296875 0.4546873140625 0.6625 0.4515626859375 0.6625 0.44843731406250004 0.660937334375 0.44687537343750006 0.660937334375 0.4421873140625 0.6593753296875 0.4406253734375 0.6593753296875 0.4390626859375 0.6578126656250001 0.4375 0.65625 0.4375 0.651562665625 0.4328126859375 0.65 0.4328126859375 0.648437334375 0.43125 0.645312665625 0.43125 0.64375 0.42968731406250005 0.642187334375 0.42968731406250005 0.6406253296875 0.4281253734375 0.6406253296875 0.42656268593749996 0.6375 0.42656268593749996 0.635937334375 0.425 0.6343753296875 0.425 0.632812665625 0.4234373140625 0.63125 0.4234373140625 0.6265626656250001 0.41875 0.6218753296874999 0.41875 0.620312665625 0.41718731406250004 0.604687334375 0.41718731406250004 0.5968753296875 0.425 0.59375 0.425 0.589062665625 0.42968731406250005 0.5875 0.42968731406250005
17 0.3 0.1328126859375 0.29531266562499997 0.1375 0.2906253296875 0.1375 0.2843753296875 0.14375 0.27812532968750003 0.14375 0.26875 0.1531253734375 0.26875 0.1656253734375 0.2625 0.17187537343749998 0.2625 0.17343731406250001 0.2593753296875 0.1765626859375 0.257812665625 0.1765626859375 0.257812665625 0.17812537343749998 0.25625 0.1796873140625 0.25625 0.25312537343749997 0.257812665625 0.2546873140625 0.2593753296875 0.2546873140625 0.26406266562499997 0.2593753734375 0.2656253296875 0.2593753734375 0.26718733437500003 0.2609373140625 0.2718753296875 0.2609373140625 0.276562665625 0.2656253734375 0.27812532968750003 0.2656253734375 0.27968733437500004 0.26718731406249996 0.2968753296875 0.26718731406249996 0.29843733437500003 0.2656253734375 0.3 0.2656253734375 0.3031253296875 0.2625 0.30937532968750003 0.2625 0.3125 0.2656253734375 0.31406266562499996 0.2656253734375 0.3156253296875 0.26718731406249996 0.31875 0.26718731406249996 0.320312665625 0.26875 0.3218753296875 0.26875 0.325 0.2718753734375 0.32656266562499997 0.2718753734375 0.3281253296875 0.2734373140625 0.34531266562499996 0.2734373140625 0.351562665625 0.26718731406249996 0.35781266562499997 0.26718731406249996 0.364062665625 0.2609373140625 0.370312665625 0.2609373140625 0.37656266562499996 0.2546873140625 0.3781253296875 0.2546873140625 0.379687334375 0.25312537343749997 0.379687334375 0.25 0.38125 0.24843731406249997 0.38125 0.1875 0.379687334375 0.1859373140625 0.379687334375 0.18125 0.3781253296875 0.1796873140625 0.3781253296875 0.17812537343749998 0.37343733437500004 0.17343731406250001 0.37343733437500004 0.17187537343749998 0.367187334375 0.1656253734375 0.367187334375 0.1531253734375 0.3593753296875 0.1453126859375 0.35781266562499997 0.1453126859375 0.35625 0.14375 0.3531253296875 0.14375 0.3468753296875 0.1375 0.34062532968750003 0.1375 0.335937334375 0.1328126859375 0.3343753296875 0.1328126859375 0.332812665625 0.13125 0.33125 0.13125 0.32968733437500003 0.1296873140625 0.30625 0.1296873140625 0.304687334375 0.13125 0.3031253296875 0.13125 0.301562665625 0.1328126859375 0.3 0.1328126859375
32 0.523437334375 0.70625 0.5218753296875 0.70625 0.51875 0.7093753734375 0.51875 0.7468753734375 0.520312665625 0.7484373140625 0.5218753296875 0.7484373140625 0.525 0.7515626859375 0.525 0.7531253734375001 0.554687334375 0.7531253734375001 0.554687334375 0.7515626859375 0.557812665625 0.7484373140625 0.5593753296874999 0.7484373140625 0.5593753296874999 0.7125 0.557812665625 0.7125 0.55625 0.7109373140625 0.55625 0.7093753734375 0.551562665625 0.7046873140625001 0.55 0.7046873140625001 0.548437334375 0.7031253734375 0.548437334375 0.7015626859374999 0.5281253296874999 0.7015626859374999 0.5281253296874999 0.7031253734375 0.526562665625 0.7046873140625001 0.525 0.7046873140625001 0.523437334375 0.70625
32 0.745312665625 0.275 0.74375 0.2765626859375 0.74375 0.2781253734375 0.742187334375 0.27968731406249997 0.742187334375 0.28125 0.7406253296875 0.28281268593750003 0.7406253296875 0.31562537343749997 0.745312665625 0.3203126859375 0.775 0.3203126859375 0.7796873343749999 0.31562537343749997 0.7796873343749999 0.31406268593750003 0.78125 0.3125 0.78125 0.2859373140625 0.7796873343749999 0.28437537343749997 0.7796873343749999 0.2765626859375 0.7781253296874999 0.275 0.775 0.275 0.76875 0.26875 0.7515626656250001 0.26875 0.75 0.2703126859375 0.75 0.2718753734375 0.7468753296874999 0.275 0.745312665625 0.275
35 0.220312665625 0.28437537343749997 0.217187334375 0.2875 0.21406266562499998 0.2875 0.2125 0.2890626859375 0.210937334375 0.2890626859375 0.20781266562499998 0.2921873140625 0.20625 0.2921873140625 0.20468733437500003 0.29375 0.1968753296875 0.29375 0.19062532968749998 0.3 0.1875 0.3 0.18593733437499999 0.3015626859375 0.18437532968749998 0.3015626859375 0.18125 0.3046873140625 0.18125 0.30625 0.1781253296875 0.3093753734375 0.1781253296875 0.3671873140625 0.18125 0.3703126859375 0.18125 0.3718753734375 0.182812665625 0.37343731406249997 0.18437532968749998 0.37343731406249997 0.1875 0.37656268593750003 0.1875 0.3843753734375 0.18906266562500001 0.3859373140625 0.18906266562500001 0.3906253734375 0.19062532968749998 0.39218731406249996 0.19062532968749998 0.39375 0.192187334375 0.3953126859375 0.192187334375 0.3984373140625 0.19375 0.4 0.19375 0.40312537343750005 0.20156266562499997 0.4109373140625 0.20312532968750002 0.4109373140625 0.2093753296875 0.41718731406250004 0.2156253296875 0.41718731406250004 0.217187334375 0.41875 0.21875 0.41875 0.2218753296875 0.42187537343750003 0.22343733437500002 0.42187537343750003 0.225 0.4234373140625 0.22812532968750002 0.4234373140625 0.23437532968750002 0.42968731406250005 0.2531253296875 0.42968731406250005 0.2593753296875 0.4234373140625 0.2625 0.4234373140625 0.26406266562499997 0.42187537343750003 0.2656253296875 0.42187537343750003 0.270312665625 0.41718731406250004 0.273437334375 0.41718731406250004 0.276562665625 0.41406268593749995 0.27812532968750003 0.41406268593749995 0.28125 0.4109373140625 0.2843753296875 0.4109373140625 0.285937334375 0.4093753734375 0.2875 0.4093753734375 0.2906253296875 0.40625 0.292187334375 0.40625 0.29375 0.4046873140625 0.2968753296875 0.4046873140625 0.304687334375 0.3968753734375 0.304687334375 0.3953126859375 0.30625 0.39375 0.30625 0.3906253734375 0.307812665625 0.38906268593750004 0.307812665625 0.3343753734375 0.30625 0.3328126859375 0.30625 0.32968731406249996 0.304687334375 0.3281253734375 0.304687334375 0.32656268593750004 0.3031253296875 0.325 0.301562665625 0.325 0.292187334375 0.31562537343749997 0.292187334375 0.31093731406249997 0.2906253296875 0.3093753734375 0.2906253296875 0.3078126859375 0.285937334375 0.3031253734375 0.285937334375 0.2968753734375 0.27812532968750003 0.2890626859375 0.276562665625 0.2890626859375 0.275 0.2875 0.2718753296875 0.2875 0.270312665625 0.2859373140625 0.26875 0.2859373140625 0.26718733437500003 0.28437537343749997 0.26718733437500003 0.28281268593750003 0.2656253296875 0.28281268593750003 0.26406266562499997 0.28125 0.2593753296875 0.28125 0.257812665625 0.27968731406249997 0.22812532968750002 0.27968731406249997 0.226562665625 0.28125 0.225 0.28125 0.2218753296875 0.28437537343749997 0.220312665625 0.28437537343749997
35 0.3031253296875 0.425 0.301562665625 0.42656268593749996 0.3 0.42656268593749996 0.29843733437500003 0.4281253734375 0.2968753296875 0.4281253734375 0.29531266562499997 0.42968731406250005 0.29375 0.42968731406250005 0.292187334375 0.43125 0.2875 0.43125 0.285937334375 0.4328126859375 0.2843753296875 0.4328126859375 0.28125 0.4359373140625 0.27968733437500004 0.4359373140625 0.27812532968750003 0.4375 0.275 0.4375 0.273437334375 0.4390626859375 0.270312665625 0.4390626859375 0.270312665625 0.4406253734375 0.26875 0.4421873140625 0.26718733437500003 0.4421873140625 0.2656253296875 0.44375 0.26406266562499997 0.44375 0.25625 0.4515626859375 0.25625 0.5156253734375 0.257812665625 0.5171873140625001 0.2593753296875 0.5171873140625001 0.2625 0.5203126859375 0.2625 0.5328126859375 0.26406266562499997 0.5343753734375001 0.26406266562499997 0.5390626859375 0.2656253296875 0.5406253734375001 0.2656253296875 0.5421873140625 0.26718733437500003 0.54375 0.26718733437500003 0.5453126859374999 0.26875 0.5468753734375 0.26875 0.5531253734375 0.270312665625 0.5546873140625 0.2718753296875 0.5546873140625 0.275 0.5578126859375 0.275 0.5593753734375 0.276562665625 0.5609373140625 0.27812532968750003 0.5609373140625 0.27968733437500004 0.5625 0.28125 0.5625 0.28281266562499996 0.5640626859375 0.28281266562499996 0.5656253734375001 0.285937334375 0.5656253734375001 0.2875 0.5671873140625 0.2906253296875 0.5671873140625 0.292187334375 0.56875 0.29375 0.56875 0.2968753296875 0.5718753734375001 0.29843733437500003 0.5718753734375001 0.3 0.5734373140625 0.3031253296875 0.5734373140625 0.304687334375 0.575 0.30625 0.575 0.30937532968750003 0.5781253734375 0.3125 0.5781253734375 0.31406266562499996 0.5796873140625001 0.3156253296875 0.5796873140625001 0.317187334375 0.5781253734375 0.320312665625 0.5781253734375 0.323437334375 0.575 0.325 0.575 0.32656266562499997 0.5734373140625 0.3281253296875 0.5734373140625 0.3343753296875 0.5671873140625 0.3375 0.5671873140625 0.34218733437500004 0.5625 0.34375 0.5625 0.34531266562499996 0.5609373140625 0.348437334375 0.5609373140625 0.351562665625 0.5578126859375 0.3531253296875 0.5578126859375 0.354687334375 0.55625 0.35625 0.55625 0.35781266562499997 0.5546873140625 0.36093733437500003 0.5546873140625 0.3625 0.5531253734375 0.364062665625 0.5531253734375 0.367187334375 0.55 0.36875 0.55 0.370312665625 0.5484373140625001 0.37187532968750003 0.5484373140625001 0.379687334375 0.5406253734375001 0.379687334375 0.5390626859375 0.38125 0.5375 0.38125 0.5343753734375001 0.382812665625 0.5328126859375 0.382812665625 0.46875 0.38125 0.4671873140625 0.38125 0.4593753734375 0.379687334375 0.45781268593749996 0.379687334375 0.45312537343750003 0.370312665625 0.44375 0.3656253296875 0.44375 0.36093733437500003 0.4390626859375 0.3593753296875 0.4390626859375 0.35781266562499997 0.4375 0.3531253296875 0.4375 0.351562665625 0.4359373140625 0.35 0.4359373140625 0.348437334375 0.43437537343750005 0.3468753296875 0.43437537343750005 0.34531266562499996 0.4328126859375 0.34218733437500004 0.4328126859375 0.34062532968750003 0.43125 0.332812665625 0.43125 0.32656266562499997 0.425 0.32656266562499997 0.4234373140625 0.323437334375 0.4203126859375 0.31093733437500004 0.4203126859375 0.307812665625 0.4234373140625 0.30625 0.4234373140625 0.304687334375 0.425 0.3031253296875 0.425
35 0.14375 0.42968731406250005 0.142187334375 0.43125 0.139062665625 0.43125 0.1375 0.4328126859375 0.135937334375 0.4328126859375 0.132812665625 0.4359373140625 0.13125 0.4359373140625 0.129687334375 0.4375 0.12187532968749999 0.4375 0.11562532968749999 0.44375 0.114062665625 0.44375 0.1125 0.44531268593749995 0.110937334375 0.44531268593749995 0.110937334375 0.44687537343750006 0.1093753296875 0.44843731406250004 0.1093753296875 0.5156253734375 0.1125 0.51875 0.1125 0.5218753734375 0.117187334375 0.5265626859375 0.117187334375 0.5281253734375 0.11875 0.5296873140625 0.11875 0.5515626859375 0.12031266562500001 0.5531253734375 0.12031266562500001 0.5546873140625 0.12187532968749999 0.5546873140625 0.125 0.5578126859375 0.125 0.5593753734375 0.12656266562500001 0.5609373140625 0.129687334375 0.5609373140625 0.13125 0.5625 0.132812665625 0.5625 0.135937334375 0.5656253734375001 0.1375 0.5656253734375001 0.139062665625 0.5671873140625 0.1406253296875 0.5671873140625 0.142187334375 0.56875 0.14375 0.56875 0.1468753296875 0.5718753734375001 0.148437334375 0.5718753734375001 0.15 0.5734373140625 0.15468733437499999 0.5734373140625 0.15625 0.575 0.15781266562500001 0.575 0.160937334375 0.5781253734375 0.1718753296875 0.5781253734375 0.176562665625 0.5734373140625 0.1781253296875 0.5734373140625 0.18125 0.5703126859375 0.182812665625 0.5703126859375 0.18437532968749998 0.56875 0.18593733437499999 0.56875 0.1875 0.5671873140625 0.192187334375 0.5671873140625 0.19375 0.5656253734375001 0.1968753296875 0.5656253734375001 0.20156266562499997 0.5609373140625 0.20781266562499998 0.5609373140625 0.21406266562499998 0.5546873140625 0.2156253296875 0.5546873140625 0.217187334375 0.5531253734375 0.217187334375 0.5515626859375 0.2218753296875 0.5468753734375 0.2218753296875 0.54375 0.22343733437500002 0.5421873140625 0.22343733437500002 0.5265626859375 0.22812532968750002 0.5218753734375 0.22812532968750002 0.5203126859375 0.22968733437500002 0.51875 0.22968733437500002 0.5156253734375 0.23437532968750002 0.5109373140625 0.23437532968750002 0.4546873140625 0.23281266562499997 0.45312537343750003 0.23281266562499997 0.4515626859375 0.23125 0.4515626859375 0.225 0.44531268593749995 0.22343733437500002 0.44531268593749995 0.2218753296875 0.44375 0.220312665625 0.44375 0.21406266562499998 0.4375 0.20781266562499998 0.4375 0.20312532968750002 0.4328126859375 0.2 0.4328126859375 0.198437334375 0.43125 0.195312665625 0.43125 0.19062532968749998 0.42656268593749996 0.1875 0.42656268593749996 0.18593733437499999 0.425 0.15312532968749998 0.425 0.151562665625 0.42656268593749996 0.148437334375 0.42656268593749996 0.145312665625 0.42968731406250005 0.14375 0.42968731406250005
32 0.5953126656250001 0.2734373140625 0.5953126656250001 0.275 0.59375 0.2765626859375 0.59375 0.27968731406249997 0.5921873343749999 0.28125 0.5921873343749999 0.3125 0.59375 0.31406268593750003 0.59375 0.31562537343749997 0.5953126656250001 0.3171873140625 0.5968753296875 0.3171873140625 0.598437334375 0.31875 0.6281253296875 0.31875 0.63125 0.31562537343749997 0.63125 0.31406268593750003 0.632812665625 0.3125 0.632812665625 0.27968731406249997 0.629687334375 0.2765626859375 0.629687334375 0.275 0.6281253296875 0.2734373140625 0.6265626656250001 0.2734373140625 0.625 0.2718753734375 0.625 0.2703126859375 0.6234373343749999 0.26875 0.6 0.26875 0.598437334375 0.2703126859375 0.598437334375 0.2718753734375 0.5968753296875 0.2734373140625 0.5953126656250001 0.2734373140625
11 0.607812665625 0.55625 0.6093753296875 0.55625 0.610937334375 0.5546873140625 0.6156253296875 0.5546873140625 0.620312665625 0.5593753734375 0.6375 0.5593753734375 0.6406253296875 0.55625 0.6406253296875 0.49687537343750005 0.5875 0.49687537343750005 0.5875 0.5578126859375 0.589062665625 0.5593753734375 0.604687334375 0.5593753734375 0.607812665625 0.55625
14 0.5640626656250001 0.7031253734375 0.5656253296875 0.7015626859374999 0.5656253296875 0.7 0.567187334375 0.6984373140625 0.567187334375 0.6453126859375 0.5640626656250001 0.6421873140625001 0.5156253296875 0.6421873140625001 0.5156253296875 0.7046873140625001 0.5609373343749999 0.7046873140625001 0.5625 0.7031253734375 0.5640626656250001 0.7031253734375
25 0.28281266562499996 0.4078126859375 0.28281266562499996 0.4093753734375 0.28125 0.4109373140625 0.27968733437500004 0.4109373140625 0.27812532968750003 0.4125 0.276562665625 0.4125 0.270312665625 0.41875 0.26875 0.41875 0.26718733437500003 0.4203126859375 0.2656253296875 0.4203126859375 0.2625 0.4234373140625 0.260937334375 0.4234373140625 0.2593753296875 0.425 0.257812665625 0.425 0.25 0.4328126859375 0.25 0.44843731406250004 0.25156266562499996 0.45 0.254687334375 0.45 0.25625 0.44843731406250004 0.26406266562499997 0.44843731406250004 0.270312665625 0.4421873140625 0.2718753296875 0.4421873140625 0.273437334375 0.4406253734375 0.275 0.4406253734375 0.27812532968750003 0.4375 0.27968733437500004 0.4375 0.28125 0.4359373140625 0.28281266562499996 0.4359373140625 0.289062665625 0.42968731406250005 0.2906253296875 0.42968731406250005 0.292187334375 0.4281253734375 0.29375 0.4281253734375 0.29843733437500003 0.4234373140625 0.3 0.4234373140625 0.301562665625 0.42187537343750003 0.3031253296875 0.42187537343750003 0.307812665625 0.41718731406250004 0.30937532968750003 0.41718731406250004 0.31093733437500004 0.41562537343750006 0.31093733437500004 0.41406268593749995 0.31406266562499996 0.4109373140625 0.31406266562499996 0.4015626859375 0.29375 0.4015626859375 0.289062665625 0.40625 0.285937334375 0.40625 0.2843753296875 0.4078126859375 0.28281266562499996 0.4078126859375
27 0.19375 0.42656268593749996 0.19375 0.4281253734375 0.195312665625 0.42968731406250005 0.1968753296875 0.42968731406250005 0.20156266562499997 0.43437537343750005 0.20312532968750002 0.43437537343750005 0.20468733437500003 0.4359373140625 0.2093753296875 0.4359373140625 0.2125 0.4390626859375 0.2125 0.4406253734375 0.21406266562499998 0.4421873140625 0.217187334375 0.4421873140625 0.220312665625 0.44531268593749995 0.2218753296875 0.44531268593749995 0.225 0.44843731406250004 0.2406253296875 0.44843731406250004 0.2406253296875 0.4359373140625 0.23593733437500003 0.43125 0.23437532968750002 0.43125 0.22812532968750002 0.425 0.225 0.425 0.22343733437500002 0.4234373140625 0.2218753296875 0.4234373140625 0.21875 0.4203126859375 0.217187334375 0.4203126859375 0.2156253296875 0.41875 0.21406266562499998 0.41875 0.210937334375 0.41562537343750006 0.210937334375 0.41406268593749995 0.2093753296875 0.4125 0.20781266562499998 0.4125 0.20625 0.4109373140625 0.1875 0.4109373140625 0.1875 0.42187537343750003 0.18906266562500001 0.4234373140625 0.19062532968749998 0.4234373140625 0.19375 0.42656268593749996
25 0.3593753296875 0.2625 0.35781266562499997 0.26406268593750004 0.35625 0.26406268593750004 0.35625 0.2656253734375 0.3531253296875 0.26875 0.351562665625 0.26875 0.34531266562499996 0.275 0.34218733437500004 0.275 0.34062532968750003 0.2765626859375 0.339062665625 0.2765626859375 0.339062665625 0.2921873140625 0.354687334375 0.2921873140625 0.35625 0.2906253734375 0.35781266562499997 0.2906253734375 0.36093733437500003 0.2875 0.3625 0.2875 0.364062665625 0.2859373140625 0.3656253296875 0.2859373140625 0.367187334375 0.28437537343749997 0.367187334375 0.28281268593750003 0.370312665625 0.27968731406249997 0.375 0.27968731406249997 0.37656266562499996 0.2781253734375 0.3781253296875 0.2781253734375 0.3781253296875 0.2765626859375 0.379687334375 0.275 0.38125 0.275 0.382812665625 0.2734373140625 0.3843753296875 0.2734373140625 0.385937334375 0.2718753734375 0.385937334375 0.2703126859375 0.38906266562499997 0.26718731406249996 0.38906266562499997 0.25625 0.36875 0.25625 0.364062665625 0.2609373140625 0.3625 0.2609373140625 0.36093733437500003 0.2625 0.3593753296875 0.2625
26 0.426562665625 0.7 0.425 0.7015626859374999 0.423437334375 0.7015626859374999 0.423437334375 0.7031253734375 0.42187532968749997 0.7046873140625001 0.420312665625 0.7046873140625001 0.41875 0.70625 0.4156253296875 0.70625 0.40937532968749996 0.7125 0.407812665625 0.7125 0.40625 0.7140626859375 0.404687334375 0.7140626859375 0.4 0.71875 0.398437334375 0.71875 0.3968753296875 0.7203126859375 0.3968753296875 0.7375 0.398437334375 0.7390626859375 0.40937532968749996 0.7390626859375 0.41093733437499996 0.7375 0.4125 0.7375 0.41406266562500005 0.7359373140625001 0.4156253296875 0.7359373140625001 0.42187532968749997 0.7296873140625 0.426562665625 0.7296873140625 0.43281266562500004 0.7234373140625 0.4343753296875 0.7234373140625 0.435937334375 0.7218753734375001 0.435937334375 0.7203126859375 0.439062665625 0.7171873140625 0.44375 0.7171873140625 0.44531266562500005 0.7156253734375 0.4468753296875 0.7156253734375 0.451562665625 0.7109373140625 0.45312532968749997 0.7109373140625 0.454687334375 0.7093753734375 0.454687334375 0.7078126859375 0.457812665625 0.7046873140625001 0.45937532968749994 0.7046873140625001 0.46093733437499995 0.7031253734375 0.46093733437499995 0.6906253734375001 0.44218733437499996 0.6906253734375001 0.439062665625 0.69375 0.4343753296875 0.69375 0.42812532968749994 0.7 0.426562665625 0.7
28 0.4125 0.42187537343750003 0.40937532968749996 0.425 0.407812665625 0.425 0.40625 0.42656268593749996 0.404687334375 0.42656268593749996 0.398437334375 0.4328126859375 0.3968753296875 0.4328126859375 0.395312665625 0.43437537343750005 0.395312665625 0.4421873140625 0.398437334375 0.44531268593749995 0.398437334375 0.44687537343750006 0.4 0.44687537343750006 0.40156266562500004 0.44843731406250004 0.41093733437499996 0.44843731406250004 0.4125 0.44687537343750006 0.41406266562500005 0.44687537343750006 0.417187334375 0.44375 0.41875 0.44375 0.420312665625 0.4421873140625 0.42187532968749997 0.4421873140625 0.423437334375 0.4406253734375 0.423437334375 0.4390626859375 0.426562665625 0.4359373140625 0.42968733437499995 0.4359373140625 0.4343753296875 0.43125 0.435937334375 0.43125 0.4375 0.42968731406250005 0.44062532968749996 0.42968731406250005 0.44218733437499996 0.4281253734375 0.44218733437499996 0.4234373140625 0.44375 0.42187537343750003 0.44375 0.41718731406250004 0.44218733437499996 0.41562537343750006 0.44218733437499996 0.4109373140625 0.423437334375 0.4109373140625 0.4156253296875 0.41875 0.41406266562500005 0.41875 0.4125 0.4203126859375 0.4125 0.42187537343750003
14 0.3031253296875 0.2656253734375 0.304687334375 0.26718731406249996 0.317187334375 0.26718731406249996 0.31875 0.26875 0.33125 0.26875 0.332812665625 0.26718731406249996 0.34218733437500004 0.26718731406249996 0.34375 0.2656253734375 0.34375 0.20937537343749998 0.29375 0.20937537343749998 0.29375 0.26718731406249996 0.3 0.26718731406249996 0.301562665625 0.2656253734375 0.3031253296875 0.2656253734375
28 0.49375 0.42968731406250005 0.49531266562500004 0.42968731406250005 0.5015626656250001 0.4359373140625 0.5031253296875 0.4359373140625 0.5093753296875 0.4421873140625 0.514062665625 0.4421873140625 0.520312665625 0.44843731406250004 0.526562665625 0.44843731406250004 0.5281253296874999 0.45 0.5296873343749999 0.45 0.53125 0.44843731406250004 0.5343753296875 0.44843731406250004 0.535937334375 0.44687537343750006 0.535937334375 0.4328126859375 0.5343753296875 0.43125 0.5328126656250001 0.43125 0.526562665625 0.425 0.5218753296875 0.425 0.5156253296875 0.41875 0.514062665625 0.41875 0.510937334375 0.41562537343750006 0.510937334375 0.41406268593749995 0.489062665625 0.41406268593749995 0.489062665625 0.42656268593749996 0.49062532968749994 0.4281253734375 0.49218733437499995 0.4281253734375 0.49375 0.42968731406250005
7 0.5656253296875 0.4109373140625 0.567187334375 0.4093753734375 0.567187334375 0.35625 0.5656253296875 0.3546873140625 0.514062665625 0.3546873140625 0.514062665625 0.4125 0.5625 0.4125 0.5640626656250001 0.4109373140625 0.5656253296875 0.4109373140625
13 0.41875 0.7 0.420312665625 0.6984373140625 0.420312665625 0.6468753734375 0.417187334375 0.64375 0.367187334375 0.64375 0.367187334375 0.7046873140625001 0.4156253296875 0.7046873140625001 0.41875 0.7015626859374999 0.41875 0.7
11 0.2718753296875 0.3546873140625 0.26875 0.3515626859375 0.21875 0.3515626859375 0.21875 0.41406268593749995 0.26875 0.41406268593749995 0.2718753296875 0.4109373140625 0.2718753296875 0.3546873140625
25 0.332812665625 0.4203126859375 0.332812665625 0.42187537343750003 0.3343753296875 0.42187537343750003 0.335937334375 0.4234373140625 0.339062665625 0.4234373140625 0.34531266562499996 0.42968731406250005 0.3468753296875 0.42968731406250005 0.3531253296875 0.4359373140625 0.35625 0.4359373140625 0.35781266562499997 0.4375 0.3593753296875 0.4375 0.364062665625 0.4421873140625 0.3656253296875 0.4421873140625 0.37187532968750003 0.44843731406250004 0.38906266562499997 0.44843731406250004 0.38906266562499997 0.43437537343750005 0.385937334375 0.43125 0.3843753296875 0.43125 0.3781253296875 0.425 0.37656266562499996 0.425 0.375 0.4234373140625 0.37343733437500004 0.4234373140625 0.370312665625 0.4203126859375 0.36875 0.4203126859375 0.367187334375 0.41875 0.364062665625 0.41875 0.36093733437500003 0.41562537343750006 0.36093733437500003 0.41406268593749995 0.3593753296875 0.4125 0.35625 0.4125 0.351562665625 0.4078126859375 0.35 0.4078126859375 0.348437334375 0.40625 0.3468753296875 0.40625 0.34531266562499996 0.4046873140625 0.34375 0.4046873140625 0.34218733437500004 0.40312537343750005 0.34218733437500004 0.4015626859375 0.325 0.4015626859375 0.325 0.41406268593749995 0.3281253296875 0.41718731406250004 0.32968733437500003 0.41718731406250004 0.332812665625 0.4203126859375
12 0.785937334375 0.55625 0.7875 0.5546873140625 0.7875 0.5015626859375 0.785937334375 0.5 0.785937334375 0.4984373140625 0.735937334375 0.4984373140625 0.735937334375 0.5578126859375 0.7375 0.5593753734375 0.785937334375 0.5593753734375 0.785937334375 0.55625
26 0.585937334375 0.6921873140625 0.5843753296875 0.69375 0.582812665625 0.69375 0.58125 0.6953126859375 0.579687334375 0.6953126859375 0.576562665625 0.6984373140625 0.575 0.6984373140625 0.573437334375 0.7 0.570312665625 0.7 0.56875 0.7015626859374999 0.56875 0.7031253734375 0.5656253296875 0.70625 0.5640626656250001 0.70625 0.5625 0.7078126859375 0.5625 0.7296873140625 0.5640626656250001 0.73125 0.5656253296875 0.73125 0.567187334375 0.7296873140625 0.5718753296875 0.7296873140625 0.573437334375 0.7281253734375001 0.575 0.7281253734375001 0.575 0.7265626859375 0.576562665625 0.725 0.579687334375 0.725 0.58125 0.7234373140625 0.5843753296875 0.7234373140625 0.585937334375 0.7218753734375001 0.585937334375 0.7203126859375 0.589062665625 0.7171873140625 0.5906253296874999 0.7171873140625 0.5953126656250001 0.7125 0.5968753296875 0.7125 0.598437334375 0.7109373140625 0.601562665625 0.7109373140625 0.607812665625 0.7046873140625001 0.6093753296875 0.7046873140625001 0.610937334375 0.7031253734375 0.610937334375 0.6875 0.59375 0.6875 0.5921873343749999 0.6890626859375 0.5906253296874999 0.6890626859375 0.5875 0.6921873140625 0.585937334375 0.6921873140625
25 0.40156266562500004 0.2734373140625 0.4031253296875 0.2734373140625 0.40625 0.2765626859375 0.40625 0.2781253734375 0.407812665625 0.27968731406249997 0.41093733437499996 0.27968731406249997 0.4125 0.28125 0.41406266562500005 0.28125 0.417187334375 0.28437537343749997 0.41875 0.28437537343749997 0.420312665625 0.2859373140625 0.42187532968749997 0.2859373140625 0.425 0.2890626859375 0.425 0.2906253734375 0.426562665625 0.2921873140625 0.42968733437499995 0.2921873140625 0.43125 0.29375 0.43281266562500004 0.29375 0.435937334375 0.2968753734375 0.4375 0.2968753734375 0.439062665625 0.29843731406249996 0.44062532968749996 0.29843731406249996 0.44375 0.3015626859375 0.44375 0.3031253734375 0.44531266562500005 0.3046873140625 0.46093733437499995 0.3046873140625 0.4625 0.3031253734375 0.4625 0.29531268593750004 0.46093733437499995 0.29375 0.46093733437499995 0.2890626859375 0.45312532968749997 0.28125 0.451562665625 0.28125 0.45 0.27968731406249997 0.448437334375 0.27968731406249997 0.44531266562500005 0.2765626859375 0.44375 0.2765626859375 0.44218733437499996 0.275 0.44062532968749996 0.275 0.439062665625 0.2734373140625 0.4375 0.2734373140625 0.435937334375 0.2718753734375 0.435937334375 0.2703126859375 0.4343753296875 0.26875 0.43281266562500004 0.26875 0.42812532968749994 0.26406268593750004 0.426562665625 0.26406268593750004 0.425 0.2625 0.420312665625 0.2625 0.417187334375 0.2593753734375 0.417187334375 0.2578126859375 0.4156253296875 0.25625 0.3968753296875 0.25625 0.3968753296875 0.26718731406249996 0.4 0.2703126859375 0.4 0.2718753734375 0.40156266562500004 0.2734373140625
13 0.5953126656250001 0.2703126859375 0.5968753296875 0.2703126859375 0.598437334375 0.26875 0.6031253296875 0.26875 0.604687334375 0.26718731406249996 0.617187334375 0.26718731406249996 0.61875 0.26875 0.620312665625 0.26875 0.6218753296874999 0.2703126859375 0.6343753296875 0.2703126859375 0.635937334375 0.26875 0.6375 0.26875 0.639062665625 0.26718731406249996 0.6406253296875 0.26718731406249996 0.6406253296875 0.20781268593750002 0.589062665625 0.20781268593750002 0.589062665625 0.26718731406249996 0.5906253296874999 0.26875 0.59375 0.26875 0.5953126656250001 0.2703126859375
2 0.4375 0.6015626859375 0.44375 0.6078126859374999 0.44375 0.6093753734375 0.44531266562500005 0.6109373140625001 0.485937334375 0.6109373140625001 0.4875 0.6093753734375 0.489062665625 0.6093753734375 0.49062532968749994 0.6078126859374999 0.49062532968749994 0.60625 0.49218733437499995 0.6046873140625 0.49218733437499995 0.6031253734375001 0.49375 0.6015626859375 0.49375 0.5984373140625 0.49531266562500004 0.5968753734375001 0.49531266562500004 0.5875 0.49218733437499995 0.5843753734375 0.49218733437499995 0.5828126859375 0.49062532968749994 0.58125 0.485937334375 0.58125 0.48437532968749997 0.5796873140625001 0.482812665625 0.5796873140625001 0.47343733437499996 0.5703126859375 0.47343733437499996 0.5656253734375001 0.467187334375 0.5593753734375 0.467187334375 0.5578126859375 0.46406266562500004 0.5546873140625 0.448437334375 0.5546873140625 0.4468753296875 0.55625 0.44531266562500005 0.55625 0.4375 0.5640626859375 0.4375 0.6015626859375
33 0.15625 0.6593753734375001 0.151562665625 0.6640626859375 0.151562665625 0.7031253734375 0.15312532968749998 0.7046873140625001 0.173437334375 0.7046873140625001 0.175 0.70625 0.1781253296875 0.70625 0.179687334375 0.7046873140625001 0.18593733437499999 0.7046873140625001 0.192187334375 0.6984373140625 0.192187334375 0.66875 0.19062532968749998 0.6671873140625 0.19062532968749998 0.6656253734375001 0.182812665625 0.6578126859375 0.18125 0.6578126859375 0.1781253296875 0.6546873140625 0.160937334375 0.6546873140625 0.15937532968749998 0.65625 0.15781266562500001 0.65625 0.15625 0.6578126859375 0.15625 0.6593753734375001
25 0.35781266562499997 0.5515626859375 0.3531253296875 0.55625 0.351562665625 0.55625 0.34531266562499996 0.5625 0.34218733437500004 0.5625 0.34062532968750003 0.5640626859375 0.339062665625 0.5640626859375 0.339062665625 0.5656253734375001 0.3375 0.5671873140625 0.335937334375 0.5671873140625 0.3343753296875 0.56875 0.332812665625 0.56875 0.33125 0.5703126859375 0.33125 0.5718753734375001 0.3281253296875 0.575 0.32656266562499997 0.575 0.3218753296875 0.5796873140625001 0.3218753296875 0.59375 0.323437334375 0.59375 0.325 0.5953126859375 0.33125 0.5953126859375 0.3343753296875 0.5921873140625 0.34062532968750003 0.5921873140625 0.34218733437500004 0.5906253734375 0.34218733437500004 0.5890626859375 0.34531266562499996 0.5859373140625 0.3468753296875 0.5859373140625 0.348437334375 0.5843753734375 0.35 0.5843753734375 0.3531253296875 0.58125 0.354687334375 0.58125 0.35625 0.5796873140625001 0.3593753296875 0.5796873140625001 0.36093733437500003 0.5781253734375 0.36093733437500003 0.5765626859374999 0.364062665625 0.5734373140625 0.367187334375 0.5734373140625 0.36875 0.5718753734375001 0.370312665625 0.5718753734375001 0.37343733437500004 0.56875 0.375 0.56875 0.37656266562499996 0.5671873140625 0.3781253296875 0.5671873140625 0.379687334375 0.5656253734375001 0.379687334375 0.5640626859375 0.382812665625 0.5609373140625 0.3843753296875 0.5609373140625 0.385937334375 0.5593753734375 0.385937334375 0.5578126859375 0.38906266562499997 0.5546873140625 0.3906253296875 0.5546873140625 0.3906253296875 0.5453126859374999 0.36875 0.5453126859374999 0.364062665625 0.55 0.36093733437500003 0.55 0.3593753296875 0.5515626859375 0.35781266562499997 0.5515626859375
32 0.670312665625 0.1265626859375 0.670312665625 0.1281253734375 0.66875 0.1296873140625 0.66875 0.1328126859375 0.667187334375 0.1343753734375 0.667187334375 0.17031268593749999 0.670312665625 0.17343731406250001 0.673437334375 0.17343731406250001 0.675 0.175 0.7 0.175 0.701562665625 0.17343731406250001 0.704687334375 0.17343731406250001 0.70625 0.17187537343749998 0.70625 0.17031268593749999 0.707812665625 0.16875 0.707812665625 0.13906268593749999 0.70625 0.1375 0.70625 0.1359373140625 0.704687334375 0.1343753734375 0.704687334375 0.1328126859375 0.69375 0.12187537343749999 0.679687334375 0.12187537343749999 0.676562665625 0.125 0.673437334375 0.125 0.6718753296875 0.1265626859375 0.670312665625 0.1265626859375
28 0.2875 0.1171873140625 0.285937334375 0.11875 0.28281266562499996 0.11875 0.28125 0.1203126859375 0.28125 0.12187537343749999 0.27812532968750003 0.125 0.276562665625 0.125 0.275 0.1265626859375 0.273437334375 0.1265626859375 0.26875 0.13125 0.26875 0.1515626859375 0.273437334375 0.1515626859375 0.276562665625 0.1484373140625 0.28281266562499996 0.1484373140625 0.289062665625 0.14218731406250001 0.2906253296875 0.14218731406250001 0.29531266562499997 0.1375 0.2968753296875 0.1375 0.29843733437500003 0.1359373140625 0.3031253296875 0.1359373140625 0.304687334375 0.1343753734375 0.304687334375 0.1328126859375 0.307812665625 0.1296873140625 0.30937532968750003 0.1296873140625 0.3125 0.1265626859375 0.3125 0.125 0.31406266562499996 0.1234373140625 0.3156253296875 0.1234373140625 0.3156253296875 0.1109373140625 0.2968753296875 0.1109373140625 0.29531266562499997 0.1125 0.29375 0.1125 0.289062665625 0.1171873140625 0.2875 0.1171873140625
33 0.08125 0.5171873140625001 0.0781253296875 0.5203126859375 0.0781253296875 0.55625 0.082812665625 0.5609373140625 0.1125 0.5609373140625 0.114062665625 0.5593753734375 0.11562532968749999 0.5593753734375 0.11562532968749999 0.5578126859375 0.117187334375 0.55625 0.117187334375 0.5218753734375 0.11562532968749999 0.5203126859375 0.11562532968749999 0.51875 0.114062665625 0.51875 0.110937334375 0.5156253734375 0.110937334375 0.5140626859374999 0.1093753296875 0.5125 0.107812665625 0.5125 0.10625 0.5109373140625 0.0875 0.5109373140625 0.085937334375 0.5125 0.0843753296875 0.5125 0.08125 0.5156253734375 0.08125 0.5171873140625001
28 0.504687334375 0.26406268593750004 0.5015626656250001 0.26718731406249996 0.5 0.26718731406249996 0.498437334375 0.26875 0.4968753296875 0.26875 0.49062532968749994 0.275 0.489062665625 0.275 0.48437532968749997 0.27968731406249997 0.482812665625 0.27968731406249997 0.48125 0.28125 0.4781253296875 0.28125 0.47187532968749996 0.2875 0.470312665625 0.2875 0.470312665625 0.3046873140625 0.48437532968749997 0.3046873140625 0.49062532968749994 0.29843731406249996 0.49375 0.29843731406249996 0.49531266562500004 0.2968753734375 0.4968753296875 0.2968753734375 0.5015626656250001 0.2921873140625 0.5031253296875 0.2921873140625 0.5093753296875 0.2859373140625 0.514062665625 0.2859373140625 0.520312665625 0.27968731406249997 0.523437334375 0.27968731406249997 0.526562665625 0.2765626859375 0.5281253296874999 0.2765626859375 0.53125 0.2734373140625 0.5328126656250001 0.2734373140625 0.535937334375 0.2703126859375 0.535937334375 0.2656253734375 0.5375 0.26406268593750004 0.5375 0.25625 0.5156253296875 0.25625 0.5093753296875 0.2625 0.507812665625 0.2625 0.50625 0.26406268593750004 0.504687334375 0.26406268593750004
26 0.47656266562500005 0.70625 0.48125 0.7109373140625 0.48437532968749997 0.7109373140625 0.4875 0.7140626859375 0.4875 0.7156253734375 0.489062665625 0.7171873140625 0.49062532968749994 0.7171873140625 0.49218733437499995 0.71875 0.49375 0.71875 0.49531266562500004 0.7203126859375 0.49531266562500004 0.7218753734375001 0.4968753296875 0.7218753734375001 0.498437334375 0.7234373140625 0.5015626656250001 0.7234373140625 0.507812665625 0.7296873140625 0.5156253296875 0.7296873140625 0.517187334375 0.7281253734375001 0.517187334375 0.7078126859375 0.5156253296875 0.70625 0.514062665625 0.70625 0.5125 0.7046873140625001 0.510937334375 0.7046873140625001 0.5093753296875 0.7031253734375 0.5093753296875 0.7015626859374999 0.507812665625 0.7015626859374999 0.50625 0.7 0.5015626656250001 0.7 0.498437334375 0.6968753734375001 0.498437334375 0.6953126859375 0.4968753296875 0.69375 0.49375 0.69375 0.49062532968749994 0.6906253734375001 0.489062665625 0.6906253734375001 0.4875 0.6890626859375 0.470312665625 0.6890626859375 0.470312665625 0.7046873140625001 0.47343733437499996 0.7046873140625001 0.475 0.70625 0.47656266562500005 0.70625
28 0.4375 0.11406268593749999 0.4375 0.11562537343749998 0.435937334375 0.1171873140625 0.4343753296875 0.1171873140625 0.43281266562500004 0.11875 0.43125 0.11875 0.42968733437499995 0.1203126859375 0.42812532968749994 0.1203126859375 0.425 0.1234373140625 0.423437334375 0.1234373140625 0.42187532968749997 0.125 0.420312665625 0.125 0.4156253296875 0.1296873140625 0.4156253296875 0.1515626859375 0.420312665625 0.1515626859375 0.42187532968749997 0.15 0.423437334375 0.15 0.425 0.1484373140625 0.42812532968749994 0.1484373140625 0.42968733437499995 0.14687537343749998 0.43125 0.14687537343749998 0.4343753296875 0.14375 0.435937334375 0.14375 0.4375 0.14218731406250001 0.44062532968749996 0.14218731406250001 0.44218733437499996 0.14062537343749998 0.44218733437499996 0.13906268593749999 0.44531266562500005 0.1359373140625 0.448437334375 0.1359373140625 0.45 0.1343753734375 0.451562665625 0.1343753734375 0.45625 0.1296873140625 0.457812665625 0.1296873140625 0.46406266562500004 0.1234373140625 0.4656253296875 0.1234373140625 0.4656253296875 0.1109373140625 0.44375 0.1109373140625 0.44218733437499996 0.1125 0.44062532968749996 0.1125 0.439062665625 0.11406268593749999 0.4375 0.11406268593749999
28 0.576562665625 0.4078126859375 0.576562665625 0.4093753734375 0.575 0.4109373140625 0.573437334375 0.4109373140625 0.5718753296875 0.4125 0.570312665625 0.4125 0.5640626656250001 0.41875 0.5625 0.41875 0.5609373343749999 0.4203126859375 0.5593753296874999 0.4203126859375 0.55625 0.4234373140625 0.554687334375 0.4234373140625 0.5531253296875 0.425 0.551562665625 0.425 0.54375 0.4328126859375 0.54375 0.44687537343750006 0.545312665625 0.44843731406250004 0.5593753296874999 0.44843731406250004 0.5609373343749999 0.44687537343750006 0.5609373343749999 0.44531268593749995 0.5625 0.44375 0.5640626656250001 0.44375 0.5656253296875 0.4421873140625 0.567187334375 0.4421873140625 0.56875 0.4406253734375 0.570312665625 0.4406253734375 0.573437334375 0.4375 0.575 0.4375 0.576562665625 0.4359373140625 0.5781253296875 0.4359373140625 0.579687334375 0.43437537343750005 0.579687334375 0.4328126859375 0.582812665625 0.42968731406250005 0.5875 0.42968731406250005 0.589062665625 0.4281253734375 0.5906253296874999 0.4281253734375 0.5953126656250001 0.4234373140625 0.5968753296875 0.4234373140625 0.6031253296875 0.41718731406250004 0.604687334375 0.41718731406250004 0.60625 0.41562537343750006 0.60625 0.41406268593749995 0.607812665625 0.4125 0.6093753296875 0.4125 0.6093753296875 0.4109373140625 0.610937334375 0.4093753734375 0.610937334375 0.4 0.589062665625 0.4 0.582812665625 0.40625 0.579687334375 0.40625 0.5781253296875 0.4078126859375 0.576562665625 0.4078126859375
28 0.325 0.1281253734375 0.32656266562499997 0.1296873140625 0.3281253296875 0.1296873140625 0.32968733437500003 0.13125 0.33125 0.13125 0.3343753296875 0.1343753734375 0.335937334375 0.1343753734375 0.3375 0.1359373140625 0.34062532968750003 0.1359373140625 0.34375 0.13906268593749999 0.34375 0.14062537343749998 0.34531266562499996 0.14218731406250001 0.348437334375 0.14218731406250001 0.3531253296875 0.14687537343749998 0.354687334375 0.14687537343749998 0.35625 0.1484373140625 0.36093733437500003 0.1484373140625 0.3625 0.15 0.3656253296875 0.15 0.370312665625 0.1453126859375 0.370312665625 0.1359373140625 0.36875 0.1343753734375 0.36875 0.13125 0.367187334375 0.1296873140625 0.367187334375 0.1281253734375 0.364062665625 0.125 0.3625 0.125 0.36093733437500003 0.1234373140625 0.3593753296875 0.1234373140625 0.35625 0.1203126859375 0.354687334375 0.1203126859375 0.3531253296875 0.11875 0.351562665625 0.11875 0.34531266562499996 0.1125 0.34062532968750003 0.1125 0.3375 0.10937537343749999 0.320312665625 0.10937537343749999 0.320312665625 0.1234373140625 0.3218753296875 0.1234373140625 0.325 0.1265626859375 0.325 0.1281253734375
25 0.2531253296875 0.2734373140625 0.254687334375 0.2734373140625 0.25625 0.275 0.257812665625 0.275 0.2625 0.27968731406249997 0.2656253296875 0.27968731406249997 0.26875 0.28281268593750003 0.26875 0.28437537343749997 0.270312665625 0.2859373140625 0.2718753296875 0.2859373140625 0.273437334375 0.2875 0.275 0.2875 0.27812532968750003 0.2906253734375 0.285937334375 0.2906253734375 0.285937334375 0.28437537343749997 0.2875 0.28281268593750003 0.2875 0.275 0.285937334375 0.2734373140625 0.285937334375 0.2703126859375 0.2843753296875 0.26875 0.28281266562499996 0.26875 0.276562665625 0.2625 0.273437334375 0.2625 0.2718753296875 0.2609373140625 0.270312665625 0.2609373140625 0.2656253296875 0.25625 0.248437334375 0.25625 0.248437334375 0.2609373140625 0.25 0.2625 0.25 0.2703126859375 0.2531253296875 0.2734373140625
26 0.695312665625 0.2734373140625 0.6968753296875 0.2734373140625 0.7031253296875 0.27968731406249997 0.707812665625 0.27968731406249997 0.714062665625 0.2859373140625 0.7156253296874999 0.2859373140625 0.71875 0.2890626859375 0.71875 0.2906253734375 0.7203126656250001 0.2921873140625 0.726562665625 0.2921873140625 0.73125 0.2968753734375 0.7375 0.2968753734375 0.739062665625 0.29531268593750004 0.739062665625 0.2765626859375 0.7375 0.2765626859375 0.735937334375 0.275 0.732812665625 0.275 0.729687334375 0.2718753734375 0.729687334375 0.2703126859375 0.7281253296875 0.26875 0.723437334375 0.26875 0.7218753296875 0.26718731406249996 0.7203126656250001 0.26718731406249996 0.7156253296874999 0.2625 0.714062665625 0.2625 0.710937334375 0.2593753734375 0.710937334375 0.2578126859375 0.7093753296875 0.25625 0.707812665625 0.25625 0.70625 0.2546873140625 0.6906253296875 0.2546873140625 0.6906253296875 0.26718731406249996 0.69375 0.2703126859375 0.69375 0.2718753734375 0.695312665625 0.2734373140625
28 0.4781253296875 0.1296873140625 0.48125 0.1328126859375 0.48125 0.1343753734375 0.482812665625 0.1359373140625 0.485937334375 0.1359373140625 0.4875 0.1375 0.489062665625 0.1375 0.49375 0.14218731406250001 0.4968753296875 0.14218731406250001 0.5 0.1453126859375 0.5 0.14687537343749998 0.5015626656250001 0.1484373140625 0.50625 0.1484373140625 0.507812665625 0.15 0.5125 0.15 0.514062665625 0.1515626859375 0.517187334375 0.1484373140625 0.517187334375 0.1328126859375 0.5156253296875 0.13125 0.514062665625 0.13125 0.510937334375 0.1281253734375 0.510937334375 0.1265626859375 0.5093753296875 0.125 0.50625 0.125 0.5015626656250001 0.1203126859375 0.5 0.1203126859375 0.498437334375 0.11875 0.4968753296875 0.11875 0.49531266562500004 0.1171873140625 0.49375 0.1171873140625 0.49218733437499995 0.11562537343749998 0.49218733437499995 0.11406268593749999 0.49062532968749994 0.1125 0.489062665625 0.1125 0.485937334375 0.10937537343749999 0.46875 0.10937537343749999 0.46875 0.1234373140625 0.470312665625 0.1234373140625 0.47656266562500005 0.1296873140625 0.4781253296875 0.1296873140625
7 0.21875 0.64375 0.21875 0.7031253734375 0.2718753296875 0.7031253734375 0.2718753296875 0.64375 0.21875 0.64375
34 0.226562665625 0.13125 0.225 0.1328126859375 0.225 0.14062537343749998 0.22343733437500002 0.14218731406250001 0.22343733437500002 0.16875 0.225 0.17031268593749999 0.225 0.17187537343749998 0.226562665625 0.17343731406250001 0.2375 0.17343731406250001 0.23906266562499998 0.175 0.2406253296875 0.175 0.242187334375 0.17343731406250001 0.25 0.17343731406250001 0.25156266562499996 0.175 0.2531253296875 0.175 0.254687334375 0.17343731406250001 0.2593753296875 0.17343731406250001 0.260937334375 0.17187537343749998 0.2625 0.17187537343749998 0.2625 0.17031268593749999 0.26406266562499997 0.16875 0.2656253296875 0.16875 0.2656253296875 0.1359373140625 0.2625 0.1328126859375 0.2625 0.13125 0.260937334375 0.1296873140625 0.260937334375 0.1281253734375 0.25625 0.1234373140625 0.23437532968750002 0.1234373140625 0.23125 0.1265626859375 0.23125 0.1281253734375 0.22812532968750002 0.13125 0.226562665625 0.13125
33 0.3 0.7031253734375 0.301562665625 0.7046873140625001 0.3343753296875 0.7046873140625001 0.335937334375 0.7031253734375 0.335937334375 0.6984373140625 0.3375 0.6968753734375001 0.3375 0.675 0.335937334375 0.6734373140625001 0.335937334375 0.6640626859375 0.3343753296875 0.6625 0.332812665625 0.6625 0.32968733437500003 0.6593753734375001 0.32968733437500003 0.6578126859375 0.32656266562499997 0.6546873140625 0.307812665625 0.6546873140625 0.30625 0.65625 0.30625 0.6578126859375 0.3 0.6640626859375 0.3 0.7031253734375
26 0.6625 0.2593753734375 0.6593753296875 0.2625 0.6546873343749999 0.2625 0.6531253296874999 0.26406268593750004 0.651562665625 0.26406268593750004 0.651562665625 0.2656253734375 0.65 0.26718731406249996 0.648437334375 0.26718731406249996 0.6468753296875 0.26875 0.645312665625 0.26875 0.64375 0.2703126859375 0.64375 0.2718753734375 0.6406253296875 0.275 0.635937334375 0.275 0.635937334375 0.29843731406249996 0.642187334375 0.29843731406249996 0.64375 0.2968753734375 0.6468753296875 0.2968753734375 0.6468753296875 0.29531268593750004 0.648437334375 0.29375 0.65 0.29375 0.651562665625 0.2921873140625 0.6531253296874999 0.2921873140625 0.6593753296875 0.2859373140625 0.664062665625 0.2859373140625 0.670312665625 0.27968731406249997 0.6718753296875 0.27968731406249997 0.673437334375 0.2781253734375 0.673437334375 0.2765626859375 0.676562665625 0.2734373140625 0.6781253296875 0.2734373140625 0.679687334375 0.2718753734375 0.68125 0.2718753734375 0.68125 0.2703126859375 0.682812665625 0.26875 0.6843753296874999 0.26875 0.6859373343749999 0.26718731406249996 0.6859373343749999 0.2546873140625 0.66875 0.2546873140625 0.667187334375 0.25625 0.664062665625 0.25625 0.6625 0.2578126859375 0.6625 0.2593753734375
34 0.375 0.13125 0.37343733437500004 0.1328126859375 0.37343733437500004 0.13906268593749999 0.37187532968750003 0.14062537343749998 0.37187532968750003 0.17031268593749999 0.37343733437500004 0.17187537343749998 0.375 0.17187537343749998 0.37656266562499996 0.17343731406250001 0.40937532968749996 0.17343731406250001 0.41093733437499996 0.17187537343749998 0.41093733437499996 0.16875 0.4125 0.1671873140625 0.4125 0.1546873140625 0.41093733437499996 0.1531253734375 0.41093733437499996 0.13125 0.40937532968749996 0.1296873140625 0.40937532968749996 0.1281253734375 0.407812665625 0.1265626859375 0.40625 0.1265626859375 0.404687334375 0.125 0.4031253296875 0.125 0.40156266562500004 0.1234373140625 0.379687334375 0.1234373140625 0.3781253296875 0.125 0.37656266562499996 0.125 0.375 0.1265626859375 0.375 0.13125
12 0.34531266562499996 0.5546873140625 0.34531266562499996 0.4984373140625 0.29375 0.4984373140625 0.29375 0.5593753734375 0.34218733437500004 0.5593753734375 0.34218733437500004 0.5578126859375 0.34531266562499996 0.5546873140625
27 0.12031266562500001 0.4203126859375 0.12031266562500001 0.42187537343750003 0.11875 0.4234373140625 0.117187334375 0.4234373140625 0.11562532968749999 0.425 0.114062665625 0.425 0.1093753296875 0.42968731406250005 0.107812665625 0.42968731406250005 0.10625 0.43125 0.10312532968749999 0.43125 0.1 0.43437537343750005 0.1 0.44843731406250004 0.101562665625 0.45 0.1093753296875 0.45 0.110937334375 0.44843731406250004 0.11562532968749999 0.44843731406250004 0.12031266562500001 0.44375 0.12187532968749999 0.44375 0.123437334375 0.4421873140625 0.12812532968749998 0.4421873140625 0.129687334375 0.4406253734375 0.129687334375 0.4390626859375 0.132812665625 0.4359373140625 0.135937334375 0.4359373140625 0.1406253296875 0.43125 0.142187334375 0.43125 0.14375 0.42968731406250005 0.145312665625 0.42968731406250005 0.15468733437499999 0.4203126859375 0.15468733437499999 0.4125 0.132812665625 0.4125 0.12656266562500001 0.41875 0.123437334375 0.41875 0.12187532968749999 0.4203126859375 0.12031266562500001 0.4203126859375
25 0.5015626656250001 0.55625 0.4968753296875 0.5609373140625 0.49531266562500004 0.5609373140625 0.49218733437499995 0.5640626859375 0.49062532968749994 0.5640626859375 0.485937334375 0.56875 0.485937334375 0.5796873140625001 0.50625 0.5796873140625001 0.507812665625 0.5781253734375 0.5093753296875 0.5781253734375 0.514062665625 0.5734373140625 0.5156253296875 0.5734373140625 0.517187334375 0.5718753734375001 0.517187334375 0.5703126859375 0.520312665625 0.5671873140625 0.526562665625 0.5671873140625 0.5328126656250001 0.5609373140625 0.5343753296875 0.5609373140625 0.535937334375 0.5593753734375 0.535937334375 0.5531253734375 0.5375 0.5515626859375 0.5375 0.5468753734375 0.535937334375 0.5453126859374999 0.51875 0.5453126859374999 0.514062665625 0.55 0.5093753296875 0.55 0.5031253296875 0.55625 0.5015626656250001 0.55625
34 0.525 0.1281253734375 0.51875 0.1343753734375 0.51875 0.17031268593749999 0.5218753296875 0.17343731406250001 0.5593753296874999 0.17343731406250001 0.5609373343749999 0.17187537343749998 0.5609373343749999 0.1343753734375 0.548437334375 0.12187537343749999 0.53125 0.12187537343749999 0.5281253296874999 0.125 0.526562665625 0.125 0.525 0.1265626859375 0.525 0.1281253734375
25 0.20781266562499998 0.26406268593750004 0.20312532968750002 0.26875 0.20156266562499997 0.26875 0.2 0.2703126859375 0.198437334375 0.2703126859375 0.198437334375 0.2718753734375 0.1968753296875 0.2734373140625 0.195312665625 0.2734373140625 0.19375 0.275 0.192187334375 0.275 0.19062532968749998 0.2765626859375 0.18906266562500001 0.2765626859375 0.18437532968749998 0.28125 0.182812665625 0.28125 0.18125 0.28281268593750003 0.18125 0.28437537343749997 0.179687334375 0.2859373140625 0.1781253296875 0.2859373140625 0.175 0.2890626859375 0.173437334375 0.2890626859375 0.173437334375 0.3046873140625 0.175 0.3046873140625 0.176562665625 0.30625 0.179687334375 0.30625 0.18125 0.3046873140625 0.19062532968749998 0.3046873140625 0.192187334375 0.3031253734375 0.192187334375 0.3015626859375 0.195312665625 0.29843731406249996 0.1968753296875 0.29843731406249996 0.198437334375 0.2968753734375 0.2 0.2968753734375 0.20312532968750002 0.29375 0.20468733437500003 0.29375 0.20625 0.2921873140625 0.20781266562499998 0.2921873140625 0.2093753296875 0.2906253734375 0.210937334375 0.2906253734375 0.210937334375 0.2890626859375 0.21406266562499998 0.2859373140625 0.217187334375 0.2859373140625 0.2218753296875 0.28125 0.22343733437500002 0.28125 0.225 0.27968731406249997 0.226562665625 0.27968731406249997 0.23281266562499997 0.2734373140625 0.23437532968750002 0.2734373140625 0.23593733437500003 0.2718753734375 0.23593733437500003 0.2703126859375 0.23906266562499998 0.26718731406249996 0.2406253296875 0.26718731406249996 0.2406253296875 0.25625 0.220312665625 0.25625 0.21406266562499998 0.2625 0.210937334375 0.2625 0.2093753296875 0.26406268593750004 0.20781266562499998 0.26406268593750004
16 0.34531266562499996 0.8453126859375001 0.34531266562499996 0.7875 0.34375 0.7859373140625 0.29375 0.7859373140625 0.292187334375 0.7875 0.292187334375 0.8484373140624999 0.34218733437500004 0.8484373140624999 0.34531266562499996 0.8453126859375001
29 0.335937334375 0.3218753734375 0.335937334375 0.3234373140625 0.33125 0.3281253734375 0.33125 0.3328126859375 0.32656266562499997 0.3375 0.32656266562499997 0.3484373140625 0.3281253296875 0.35 0.33125 0.35 0.335937334375 0.3546873140625 0.335937334375 0.35625 0.3375 0.35781268593750004 0.3375 0.3593753734375 0.339062665625 0.36093731406249996 0.339062665625 0.3625 0.34218733437500004 0.3656253734375 0.354687334375 0.3656253734375 0.3593753296875 0.36093731406249996 0.3593753296875 0.3593753734375 0.364062665625 0.3546873140625 0.3656253296875 0.3546873140625 0.37343733437500004 0.34687537343749997 0.37343733437500004 0.34218731406249997 0.37187532968750003 0.3406253734375 0.37187532968750003 0.3390626859375 0.367187334375 0.3343753734375 0.367187334375 0.3328126859375 0.3656253296875 0.33125 0.364062665625 0.33125 0.36093733437500003 0.3281253734375 0.36093733437500003 0.3203126859375 0.3531253296875 0.3125 0.339062665625 0.3125 0.339062665625 0.31406268593750003 0.3375 0.31562537343749997 0.3375 0.3203126859375 0.335937334375 0.3218753734375
27 0.195312665625 0.5625 0.19375 0.5640626859375 0.19375 0.5656253734375001 0.19062532968749998 0.56875 0.1875 0.56875 0.18593733437499999 0.5703126859375 0.18437532968749998 0.5703126859375 0.179687334375 0.575 0.176562665625 0.575 0.175 0.5765626859374999 0.175 0.5921873140625 0.176562665625 0.5921873140625 0.1781253296875 0.59375 0.179687334375 0.59375 0.18125 0.5921873140625 0.19062532968749998 0.5921873140625 0.195312665625 0.5875 0.1968753296875 0.5875 0.198437334375 0.5859373140625 0.20156266562499997 0.5859373140625 0.20781266562499998 0.5796873140625001 0.2093753296875 0.5796873140625001 0.21406266562499998 0.575 0.2156253296875 0.575 0.217187334375 0.5734373140625 0.220312665625 0.5734373140625 0.2218753296875 0.5718753734375001 0.22343733437500002 0.5718753734375001 0.22343733437500002 0.5703126859375 0.22812532968750002 0.5656253734375001 0.22812532968750002 0.55625 0.20625 0.55625 0.20156266562499997 0.5609373140625 0.2 0.5609373140625 0.198437334375 0.5625 0.195312665625 0.5625
25 0.398437334375 0.5578126859375 0.40156266562500004 0.5609373140625 0.4031253296875 0.5609373140625 0.40625 0.5640626859375 0.40625 0.5656253734375001 0.407812665625 0.5671873140625 0.40937532968749996 0.5671873140625 0.4156253296875 0.5734373140625 0.417187334375 0.5734373140625 0.41875 0.575 0.420312665625 0.575 0.423437334375 0.5781253734375 0.425 0.5781253734375 0.426562665625 0.5796873140625001 0.4343753296875 0.5796873140625001 0.4343753296875 0.5593753734375 0.43281266562500004 0.5578126859375 0.43125 0.5578126859375 0.42968733437499995 0.55625 0.42812532968749994 0.55625 0.42187532968749997 0.55 0.420312665625 0.55 0.4156253296875 0.5453126859374999 0.41406266562500005 0.5453126859374999 0.4125 0.54375 0.395312665625 0.54375 0.395312665625 0.5546873140625 0.3968753296875 0.5546873140625 0.398437334375 0.55625 0.398437334375 0.5578126859375
27 0.173437334375 0.6531253734375 0.176562665625 0.65 0.176562665625 0.5953126859375 0.167187334375 0.5953126859375 0.167187334375 0.6546873140625 0.170312665625 0.6546873140625 0.1718753296875 0.6531253734375 0.173437334375 0.6531253734375
25 0.5531253296875 0.5656253734375001 0.554687334375 0.5656253734375001 0.55625 0.5671873140625 0.5593753296874999 0.5671873140625 0.5625 0.5703126859375 0.5625 0.5718753734375001 0.5640626656250001 0.5734373140625 0.5656253296875 0.5734373140625 0.5718753296875 0.5796873140625001 0.575 0.5796873140625001 0.576562665625 0.58125 0.5781253296875 0.58125 0.582812665625 0.5859373140625 0.5906253296874999 0.5859373140625 0.5921873343749999 0.5843753734375 0.5921873343749999 0.5640626859375 0.5906253296874999 0.5625 0.5875 0.5625 0.585937334375 0.5609373140625 0.5843753296875 0.5609373140625 0.579687334375 0.55625 0.576562665625 0.55625 0.570312665625 0.55 0.5656253296875 0.55 0.5593753296874999 0.54375 0.54375 0.54375 0.54375 0.5593753734375 0.545312665625 0.5609373140625 0.548437334375 0.5609373140625 0.5531253296875 0.5656253734375001
8 0.49062532968749994 0.5578126859375 0.49062532968749994 0.55625 0.49218733437499995 0.5546873140625 0.49218733437499995 0.5 0.44062532968749996 0.5 0.44062532968749996 0.5546873140625 0.45937532968749994 0.5546873140625 0.4625 0.5578126859375 0.49062532968749994 0.5578126859375
27 0.323437334375 0.6015626859375 0.325 0.6 0.325 0.5968753734375001 0.31406266562499996 0.5968753734375001 0.31406266562499996 0.6531253734375 0.3218753296875 0.6531253734375 0.323437334375 0.6515626859375 0.323437334375 0.6015626859375
25 0.398437334375 0.18125 0.385937334375 0.18125 0.385937334375 0.25312537343749997 0.3968753296875 0.25312537343749997 0.398437334375 0.25156268593750003 0.398437334375 0.18125
10 0.4875 0.2703126859375 0.489062665625 0.26875 0.49062532968749994 0.26875 0.49062532968749994 0.26718731406249996 0.49218733437499995 0.2656253734375 0.49218733437499995 0.25 0.49375 0.24843731406249997 0.49375 0.24531268593750002 0.49218733437499995 0.24375 0.49218733437499995 0.20937537343749998 0.439062665625 0.20937537343749998 0.439062665625 0.26875 0.44062532968749996 0.26875 0.44218733437499996 0.2703126859375 0.4875 0.2703126859375
2 0.2875 0.3031253734375 0.289062665625 0.3046873140625 0.289062665625 0.30625 0.292187334375 0.3093753734375 0.292187334375 0.31093731406249997 0.29375 0.3125 0.29375 0.31562537343749997 0.29531266562499997 0.3171873140625 0.29531266562499997 0.31875 0.29843733437500003 0.3218753734375 0.3343753296875 0.3218753734375 0.34531266562499996 0.31093731406249997 0.3468753296875 0.31093731406249997 0.3468753296875 0.29531268593750004 0.34062532968750003 0.2890626859375 0.339062665625 0.2890626859375 0.3375 0.2875 0.3343753296875 0.2875 0.32968733437500003 0.28281268593750003 0.32968733437500003 0.28125 0.325 0.2765626859375 0.325 0.275 0.323437334375 0.2734373140625 0.323437334375 0.2718753734375 0.3218753296875 0.2703126859375 0.3218753296875 0.26875 0.31875 0.2656253734375 0.29843733437500003 0.2656253734375 0.29375 0.2703126859375 0.29375 0.2718753734375 0.2875 0.2781253734375 0.2875 0.3031253734375
15 0.6906253296875 0.4109373140625 0.692187334375 0.4125 0.69375 0.4125 0.6968753296875 0.41562537343750006 0.7093753296875 0.41562537343750006 0.714062665625 0.4109373140625 0.714062665625 0.3546873140625 0.7125 0.3531253734375 0.6625 0.3531253734375 0.6625 0.41562537343750006 0.6781253296875 0.41562537343750006 0.682812665625 0.4109373140625 0.6906253296875 0.4109373140625
9 0.49218733437499995 0.8265626859375 0.49375 0.825 0.49375 0.8015626859375 0.49218733437499995 0.8 0.49218733437499995 0.7890626859375 0.49062532968749994 0.7875 0.44062532968749996 0.7875 0.44062532968749996 0.8484373140624999 0.49062532968749994 0.8484373140624999 0.49218733437499995 0.8468753734375 0.49218733437499995 0.8265626859375
16 0.41875 0.4109373140625 0.41875 0.4078126859375 0.420312665625 0.40625 0.420312665625 0.3593753734375 0.41875 0.35781268593750004 0.41875 0.3546873140625 0.417187334375 0.3531253734375 0.36875 0.3531253734375 0.36875 0.41406268593749995 0.417187334375 0.41406268593749995 0.417187334375 0.4125 0.41875 0.4109373140625
25 0.25156266562499996 0.25 0.25156266562499996 0.1828126859375 0.23906266562499998 0.1828126859375 0.23906266562499998 0.25312537343749997 0.2406253296875 0.2546873140625 0.2468753296875 0.2546873140625 0.25156266562499996 0.25
5 0.439062665625 0.36875 0.4375 0.3703126859375 0.4375 0.4093753734375 0.439062665625 0.4109373140625 0.44062532968749996 0.4109373140625 0.44375 0.41406268593749995 0.44375 0.41562537343750006 0.44531266562500005 0.41718731406250004 0.4468753296875 0.41718731406250004 0.448437334375 0.41875 0.470312665625 0.41875 0.47187532968749996 0.4203126859375 0.48437532968749997 0.4203126859375 0.485937334375 0.41875 0.4875 0.41875 0.489062665625 0.41718731406250004 0.49062532968749994 0.41718731406250004 0.49218733437499995 0.41562537343750006 0.49218733437499995 0.41406268593749995 0.4968753296875 0.4093753734375 0.4968753296875 0.39218731406249996 0.49375 0.38906268593750004 0.49218733437499995 0.38906268593750004 0.49062532968749994 0.3875 0.482812665625 0.3875 0.47343733437499996 0.37812537343749997 0.47343733437499996 0.3718753734375 0.467187334375 0.3656253734375 0.467187334375 0.3625 0.44531266562500005 0.3625 0.44375 0.3640626859375 0.44375 0.3656253734375 0.44062532968749996 0.36875 0.439062665625 0.36875
8 0.6375 0.8468753734375 0.6406253296875 0.8468753734375 0.6406253296875 0.7875 0.5875 0.7875 0.5875 0.8468753734375 0.589062665625 0.8484373140624999 0.635937334375 0.8484373140624999 0.6375 0.8468753734375
33 0.226562665625 0.51875 0.225 0.5203126859375 0.225 0.5578126859375 0.22812532968750002 0.5609373140625 0.2593753296875 0.5609373140625 0.260937334375 0.5593753734375 0.260937334375 0.5578126859375 0.26406266562499997 0.5546873140625 0.26406266562499997 0.5359373140625 0.2625 0.5343753734375001 0.2625 0.5265626859375 0.260937334375 0.525 0.260937334375 0.51875 0.2593753296875 0.5171873140625001 0.2593753296875 0.5156253734375 0.25625 0.5125 0.2531253296875 0.5125 0.25156266562499996 0.5109373140625 0.23437532968750002 0.5109373140625 0.22968733437500002 0.5156253734375 0.22968733437500002 0.5171873140625001 0.22812532968750002 0.51875 0.226562665625 0.51875
28 0.5468753296875 0.1796873140625 0.5343753296875 0.1796873140625 0.5343753296875 0.25156268593750003 0.54375 0.25156268593750003 0.5468753296875 0.24843731406249997 0.5468753296875 0.1796873140625
27 0.248437334375 0.5046873140625 0.248437334375 0.5031253734375001 0.25 0.5015626859375 0.25 0.4515626859375 0.23906266562499998 0.4515626859375 0.23906266562499998 0.5078126859375 0.2468753296875 0.5078126859375 0.2468753296875 0.50625 0.248437334375 0.5046873140625
26 0.692187334375 0.25312537343749997 0.692187334375 0.25156268593750003 0.69375 0.25 0.69375 0.24843731406249997 0.695312665625 0.2468753734375 0.695312665625 0.1796873140625 0.68125 0.1796873140625 0.68125 0.25312537343749997 0.682812665625 0.2546873140625 0.6906253296875 0.2546873140625 0.692187334375 0.25312537343749997
15 0.145312665625 0.4984373140625 0.145312665625 0.5593753734375 0.1968753296875 0.5593753734375 0.1968753296875 0.4984373140625 0.145312665625 0.4984373140625
33 0.15312532968749998 0.4125 0.15781266562500001 0.41718731406250004 0.18437532968749998 0.41718731406250004 0.19062532968749998 0.4109373140625 0.19062532968749998 0.37812537343749997 0.18593733437499999 0.37343731406249997 0.18593733437499999 0.3718753734375 0.18125 0.3671873140625 0.15937532968749998 0.3671873140625 0.15625 0.3703126859375 0.15625 0.3718753734375 0.15312532968749998 0.375 0.15312532968749998 0.4125
26 0.620312665625 0.6843753734375 0.620312665625 0.6140626859375 0.607812665625 0.6140626859375 0.607812665625 0.6859373140625 0.617187334375 0.6859373140625 0.61875 0.6843753734375 0.620312665625 0.6843753734375
25 0.323437334375 0.39375 0.325 0.39218731406249996 0.325 0.35 0.323437334375 0.3484373140625 0.323437334375 0.34531268593750003 0.325 0.34375 0.325 0.3375 0.32656266562499997 0.3359373140625 0.32656266562499997 0.32968731406249996 0.325 0.3281253734375 0.32656266562499997 0.32656268593750004 0.32656266562499997 0.325 0.31406266562499996 0.325 0.31406266562499996 0.3984373140625 0.3218753296875 0.3984373140625 0.323437334375 0.3968753734375 0.323437334375 0.39375
28 0.47187532968749996 0.3078126859375 0.45937532968749994 0.3078126859375 0.45937532968749994 0.36093731406249996 0.46406266562500004 0.3656253734375 0.47187532968749996 0.3656253734375 0.47187532968749996 0.3078126859375
34 0.66875 0.4203126859375 0.66875 0.425 0.667187334375 0.42656268593749996 0.667187334375 0.4593753734375 0.66875 0.46093731406250005 0.6718753296875 0.46093731406250005 0.676562665625 0.46562537343750005 0.701562665625 0.46562537343750005 0.707812665625 0.4593753734375 0.707812665625 0.42968731406250005 0.70625 0.4281253734375 0.70625 0.42656268593749996 0.704687334375 0.425 0.704687334375 0.4203126859375 0.7031253296875 0.41875 0.701562665625 0.41875 0.698437334375 0.41562537343750006 0.698437334375 0.41406268593749995 0.675 0.41406268593749995 0.675 0.41562537343750006 0.6718753296875 0.41875 0.670312665625 0.41875 0.66875 0.4203126859375
25 0.46093733437499995 0.6171873140625 0.46093733437499995 0.6859373140625 0.47187532968749996 0.6859373140625 0.47187532968749996 0.6171873140625 0.46093733437499995 0.6171873140625
25 0.398437334375 0.4546873140625 0.3875 0.4546873140625 0.3875 0.5421873140625 0.3968753296875 0.5421873140625 0.398437334375 0.5406253734375001 0.398437334375 0.4546873140625
27 0.10312532968749999 0.50625 0.104687334375 0.5046873140625 0.104687334375 0.4515626859375 0.09375 0.4515626859375 0.09375 0.50625 0.095312665625 0.5078126859375 0.10312532968749999 0.5078126859375 0.10312532968749999 0.50625
28 0.69375 0.5359373140625 0.695312665625 0.5343753734375001 0.695312665625 0.4703126859375 0.68125 0.4703126859375 0.68125 0.5421873140625 0.6906253296875 0.5421873140625 0.69375 0.5390626859375 0.69375 0.5359373140625
18 0.7796873343749999 0.7218753734375001 0.732812665625 0.7218753734375001 0.732812665625 0.8046873140624999 0.7781253296874999 0.8046873140624999 0.7796873343749999 0.8031253734374999 0.7796873343749999 0.7218753734375001
18 0.060937334375 0.2890626859375 0.060937334375 0.3718753734375 0.11875 0.3718753734375 0.11875 0.2890626859375 0.060937334375 0.2890626859375
23 0.26718733437500003 0.0796873140625 0.26718733437500003 0.0031253734375 0.210937334375 0.0031253734375 0.210937334375 0.08125 0.26406266562499997 0.08125 0.2656253296875 0.0796873140625 0.26718733437500003 0.0796873140625
18 0.5031253296875 0.0031253734375 0.5031253296875 0.08125 0.5640626656250001 0.08125 0.5640626656250001 0.0031253734375 0.5031253296875 0.0031253734375
18 0.875 0.42968731406250005 0.875 0.5156253734375 0.9296873343750001 0.5156253734375 0.9296873343750001 0.42968731406250005 0.875 0.42968731406250005
21 0.2656253296875 0.9484373140625 0.2656253296875 0.86875 0.210937334375 0.86875 0.210937334375 0.95 0.220312665625 0.95 0.2218753296875 0.9484373140625 0.2656253296875 0.9484373140625
22 0.725 0.14218731406250001 0.725 0.225 0.7843753296875 0.225 0.7843753296875 0.14218731406250001 0.725 0.14218731406250001
20 0.5593753296874999 0.9484373140625 0.5609373343749999 0.9468753734375 0.5625 0.9468753734375 0.5625 0.86875 0.507812665625 0.86875 0.507812665625 0.95 0.514062665625 0.95 0.5156253296875 0.9484373140625 0.5593753296874999 0.9484373140625
19 0.12031266562500001 0.5796873140625001 0.060937334375 0.5796873140625001 0.060937334375 0.6578126859375 0.11875 0.6578126859375 0.12031266562500001 0.65625 0.12031266562500001 0.5796873140625001