34 0.325 0.85 0.321875159375 0.8531251843750001 0.321875159375 0.8875 0.3265624203125 0.8921877765625 0.328124840625 0.8921877765625 0.33281273906250003 0.8968748156249999 0.353124840625 0.8968748156249999 0.35468726093749997 0.8953122234374999 0.35468726093749997 0.8937503687499999 0.35625031875 0.8921877765625 0.35625031875 0.890625184375 0.359375159375 0.8875 0.359375159375 0.8859374078125001 0.3609375796875 0.884374815625 0.3609375796875 0.8515625921875 0.359375159375 0.85 0.3578127390625 0.85 0.35468726093749997 0.8468748156249999 0.35468726093749997 0.8453122234375 0.353124840625 0.84375036875 0.35156242031249996 0.84375036875 0.35 0.8421877765625 0.33125031875 0.8421877765625 0.3296872609375 0.84375036875 0.328124840625 0.84375036875 0.325 0.8468748156249999 0.325 0.85
34 0.39531273906250003 0.7015625921875001 0.39531273906250003 0.7031251843749999 0.39375031875 0.7046877765625 0.39375031875 0.709374815625 0.3921872609375 0.7109374078124999 0.3921872609375 0.7359374078124999 0.39375031875 0.7375 0.39375031875 0.74375036875 0.39531273906250003 0.7453122234375 0.39531273906250003 0.746874815625 0.396875159375 0.746874815625 0.39843757968750004 0.7484374078125 0.42812484062499995 0.7484374078125 0.4296872609375 0.746874815625 0.4296872609375 0.7453122234375 0.4328127390625 0.7421877765625 0.4328127390625 0.7109374078124999 0.43125031875 0.709374815625 0.43125031875 0.7078122234374999 0.4296872609375 0.7062503687499999 0.4296872609375 0.7046877765625 0.42812484062499995 0.7031251843749999 0.42812484062499995 0.7015625921875001 0.4265624203125 0.7015625921875001 0.425 0.7 0.42343757968749995 0.7 0.42187515937500003 0.6984374078125 0.4015624203125 0.6984374078125 0.4 0.7 0.39843757968750004 0.7 0.396875159375 0.7015625921875001 0.39531273906250003 0.7015625921875001
34 0.2546872609375 0.7484374078125 0.25625031875 0.75 0.2578127390625 0.75 0.259375159375 0.7515625921875 0.2765624203125 0.7515625921875 0.278124840625 0.75 0.27968726093749996 0.75 0.28125031875 0.7484374078125 0.284375159375 0.7484374078125 0.2859375796875 0.746874815625 0.2859375796875 0.74375036875 0.2875 0.7421877765625 0.2875 0.740625184375 0.28906242031249996 0.7390625921875 0.28906242031249996 0.7343748156250001 0.2875 0.7328122234375 0.2875 0.7296877765625001 0.2859375796875 0.728125184375 0.2859375796875 0.7031251843749999 0.28281273906250004 0.7 0.2578127390625 0.7 0.25 0.7078122234374999 0.25 0.746874815625 0.2515624203125 0.7484374078125 0.2546872609375 0.7484374078125
0 0.175 0.425 0.171875159375 0.42812518437499997 0.1703127390625 0.42812518437499997 0.1671872609375 0.43125036874999995 0.1640624203125 0.43125036874999995 0.1625 0.4328122234375 0.1609375796875 0.4328122234375 0.15781273906249998 0.43593740781249996 0.15625031875 0.43593740781249996 0.15468726093750002 0.4375 0.1515624203125 0.4375 0.1375 0.45156259218750006 0.1375 0.5468748156250001 0.140624840625 0.55 0.1421872609375 0.55 0.14375031875 0.5515625921875 0.14375031875 0.553125184375 0.1453127390625 0.5546877765625 0.1484375796875 0.5546877765625 0.15 0.55625036875 0.1515624203125 0.55625036875 0.15625031875 0.5609374078125 0.159375159375 0.5609374078125 0.1625 0.5640625921875 0.1625 0.565625184375 0.1640624203125 0.5671877765625 0.16875031875 0.5671877765625 0.1703127390625 0.56874963125 0.171875159375 0.56874963125 0.1734375796875 0.5703122234375 0.1734375796875 0.571874815625 0.175 0.571874815625 0.1765624203125 0.5734374078125 0.178124840625 0.5734374078125 0.184375159375 0.5796877765625 0.1890624203125 0.5796877765625 0.190624840625 0.5812503687499999 0.19375031874999998 0.5812503687499999 0.1953127390625 0.5828122234374999 0.2015624203125 0.5828122234374999 0.203124840625 0.5812503687499999 0.20625031875 0.5812503687499999 0.20781273906250003 0.5796877765625 0.2125 0.5796877765625 0.21406242031249997 0.5781251843749999 0.215624840625 0.5781251843749999 0.2171872609375 0.5765625921875001 0.21875031875 0.5765625921875001 0.221875159375 0.5734374078125 0.225 0.5734374078125 0.23125031875 0.5671877765625 0.23281273906250002 0.5671877765625 0.24218726093749998 0.5578122234375 0.24218726093749998 0.5515625921875 0.24375031875 0.55 0.24375031875 0.5453122234375 0.2453127390625 0.5437503687499999 0.2453127390625 0.540625184375 0.246875159375 0.5390625921875001 0.246875159375 0.5359374078125 0.24843757968750002 0.534374815625 0.24843757968750002 0.5234374078124999 0.25 0.521874815625 0.25 0.5203122234374999 0.2546872609375 0.5156251843749999 0.2546872609375 0.5109374078125 0.25625031875 0.509374815625 0.25625031875 0.5078122234375 0.259375159375 0.5046877765625 0.259375159375 0.5 0.26093757968750003 0.49843740781249996 0.26093757968750003 0.4625 0.259375159375 0.4609374078125 0.259375159375 0.45625036874999997 0.2578127390625 0.45468777656250003 0.2578127390625 0.453125184375 0.2546872609375 0.45 0.253124840625 0.45 0.25 0.44687481562500003 0.24843757968750002 0.44687481562500003 0.246875159375 0.4453122234375 0.2453127390625 0.4453122234375 0.24375031875 0.44374963125000005 0.24218726093749998 0.44374963125000005 0.2375 0.43906259218750004 0.2359375796875 0.43906259218750004 0.234375159375 0.4375 0.23125031875 0.4375 0.22968726093749997 0.43593740781249996 0.228124840625 0.43593740781249996 0.225 0.4328122234375 0.22343757968750003 0.4328122234375 0.221875159375 0.43125036874999995 0.2203127390625 0.43125036874999995 0.21406242031249997 0.425 0.20781273906250003 0.425 0.20625031875 0.42343740781249994 0.1890624203125 0.42343740781249994 0.1875 0.421874815625 0.1828127390625 0.421874815625 0.18125031875 0.42343740781249994 0.1796872609375 0.42343740781249994 0.178124840625 0.425 0.175 0.425
32 0.6078127390625 0.0921877765625 0.60625031875 0.09375036875000001 0.60625031875 0.128125184375 0.6078127390625 0.1296877765625 0.6093751593750001 0.1296877765625 0.6125 0.13281222343750002 0.6125 0.134374815625 0.6140624203125 0.13593740781250002 0.6359375796875 0.13593740781250002 0.6375 0.134374815625 0.6390624203125 0.134374815625 0.6406248406249999 0.13281222343750002 0.6406248406249999 0.13125036875 0.6421872609375 0.1296877765625 0.6421872609375 0.128125184375 0.6468751593750001 0.12343740781250001 0.6468751593750001 0.096874815625 0.6421872609375 0.0921877765625 0.6421872609375 0.090625184375 0.6390624203125 0.0875 0.6375 0.0875 0.634375159375 0.084374815625 0.634375159375 0.0828122234375 0.6328127390625 0.0828122234375 0.63125031875 0.08125036875 0.61875031875 0.08125036875 0.6109375796875 0.0890625921875 0.6093751593750001 0.0890625921875 0.6078127390625 0.090625184375 0.6078127390625 0.0921877765625
17 0.4765624203125 0.42343740781249994 0.475 0.425 0.4734375796875 0.425 0.471875159375 0.42656259218750003 0.47031273906250004 0.42656259218750003 0.465624840625 0.43125036874999995 0.4640624203125 0.43125036874999995 0.4625 0.4328122234375 0.4609375796875 0.4328122234375 0.45937515937500006 0.434374815625 0.45781273906250003 0.434374815625 0.45625031875 0.43593740781249996 0.4546872609375 0.43593740781249996 0.45312484062499997 0.4375 0.4484375796875 0.4375 0.44687515937500005 0.43906259218750004 0.4453127390625 0.43906259218750004 0.4421872609375 0.4421877765625 0.44062484062499996 0.4421877765625 0.43906242031250003 0.44374963125000005 0.43437515937500004 0.44374963125000005 0.42812484062499995 0.45 0.4265624203125 0.45 0.425 0.45156259218750006 0.425 0.45937481562500004 0.42343757968749995 0.4609374078125 0.42343757968749995 0.5046877765625 0.425 0.50624963125 0.425 0.5109374078125 0.4265624203125 0.5125 0.4265624203125 0.5140625921875001 0.4296872609375 0.5171877765625 0.4296872609375 0.5187503687499999 0.43125031875 0.5203122234374999 0.43125031875 0.5296877765625 0.4328127390625 0.53125036875 0.4328127390625 0.5359374078125 0.43593757968749997 0.5390625921875001 0.43593757968749997 0.5421877765625001 0.4375 0.5437503687499999 0.4375 0.553125184375 0.4453127390625 0.5609374078125 0.44687515937500005 0.5609374078125 0.45 0.5640625921875 0.45 0.565625184375 0.45156242031250005 0.5671877765625 0.45312484062499997 0.5671877765625 0.4546872609375 0.56874963125 0.45625031875 0.56874963125 0.45937515937500006 0.571874815625 0.4609375796875 0.571874815625 0.4625 0.5734374078125 0.4640624203125 0.5734374078125 0.465624840625 0.575 0.46718726093749996 0.575 0.47031273906250004 0.5781251843749999 0.4734375796875 0.5781251843749999 0.475 0.5796877765625 0.49687515937500004 0.5796877765625 0.49843757968749997 0.5781251843749999 0.5 0.5781251843749999 0.5015624203125 0.5765625921875001 0.503124840625 0.5765625921875001 0.5046872609374999 0.575 0.50625031875 0.575 0.5078127390625 0.5734374078125 0.509375159375 0.5734374078125 0.5140624203125 0.56874963125 0.5156248406249999 0.56874963125 0.5296872609375 0.5546877765625 0.5296872609375 0.5468748156250001 0.53125031875 0.5453122234375 0.53125031875 0.540625184375 0.534375159375 0.5375 0.534375159375 0.5359374078125 0.5359375796875 0.534374815625 0.5359375796875 0.525 0.5375 0.5234374078124999 0.5375 0.521874815625 0.5406248406249999 0.5187503687499999 0.5406248406249999 0.5171877765625 0.5421872609375 0.5156251843749999 0.5421872609375 0.5140625921875001 0.5484375796875 0.5078122234375 0.5484375796875 0.4609374078125 0.5468751593750001 0.45937481562500004 0.5468751593750001 0.4578122234375 0.5421872609375 0.453125184375 0.5421872609375 0.45156259218750006 0.5406248406249999 0.45 0.5390624203125001 0.45 0.5265624203125 0.4375 0.5234375796874999 0.4375 0.5218751593750001 0.43593740781249996 0.5203127390625 0.43593740781249996 0.5156248406249999 0.43125036874999995 0.5140624203125 0.43125036874999995 0.5078127390625 0.425 0.50625031875 0.425 0.503124840625 0.421874815625 0.4890624203125 0.421874815625 0.4875 0.42031222343749997 0.4828127390625 0.42031222343749997 0.48125031875 0.421874815625 0.47968726093749997 0.421874815625 0.47812484062499994 0.42343740781249994 0.4765624203125 0.42343740781249994
35 0.465624840625 0.134374815625 0.4625 0.1375 0.45937515937500006 0.1375 0.45312484062499997 0.14375036875 0.45 0.14375036875 0.4484375796875 0.1453122234375 0.44687515937500005 0.1453122234375 0.4421872609375 0.15 0.44062484062499996 0.15 0.43906242031250003 0.15156259218749998 0.4375 0.15156259218749998 0.4375 0.153125184375 0.43593757968749997 0.1546877765625 0.43437515937500004 0.1546877765625 0.425 0.1640625921875 0.425 0.1671877765625 0.42343757968749995 0.16875036875 0.42343757968749995 0.2265625921875 0.425 0.22812518437499998 0.425 0.2328122234375 0.43125031875 0.23906259218749998 0.43125031875 0.25 0.4328127390625 0.2515625921875 0.4328127390625 0.253125184375 0.4375 0.2578122234375 0.4375 0.2640625921875 0.44062484062499996 0.26718777656250003 0.4421872609375 0.26718777656250003 0.4453127390625 0.2703122234375 0.4453127390625 0.27187481562500004 0.4484375796875 0.27187481562500004 0.45 0.27343740781250003 0.45625031875 0.27343740781250003 0.45781273906250003 0.275 0.45937515937500006 0.275 0.4640624203125 0.2796877765625 0.46718726093749996 0.2796877765625 0.46875031875 0.28125036875 0.471875159375 0.28125036875 0.475 0.284374815625 0.4765624203125 0.284374815625 0.47812484062499994 0.2859374078125 0.48125031875 0.2859374078125 0.4828127390625 0.2875 0.48593757968749995 0.2875 0.4875 0.28906259218749997 0.4953127390625 0.28906259218749997 0.49687515937500004 0.2875 0.49843757968749997 0.2875 0.5 0.2859374078125 0.503124840625 0.2859374078125 0.5078127390625 0.28125036875 0.509375159375 0.28125036875 0.5109375796875 0.2796877765625 0.5140624203125 0.2796877765625 0.51875031875 0.275 0.5203127390625 0.275 0.5218751593750001 0.27343740781250003 0.525 0.27343740781250003 0.5265624203125 0.27187481562500004 0.528124840625 0.27187481562500004 0.528124840625 0.2703122234375 0.5296872609375 0.26874963125 0.5296872609375 0.26718777656250003 0.53125031875 0.265625184375 0.53125031875 0.2625 0.534375159375 0.25937481562500003 0.534375159375 0.25625036875 0.5359375796875 0.2546877765625 0.5359375796875 0.24062518437499997 0.5375 0.23906259218749998 0.5375 0.2375 0.5390624203125001 0.2359374078125 0.5406248406249999 0.2359374078125 0.5406248406249999 0.234374815625 0.5421872609375 0.2328122234375 0.5421872609375 0.2265625921875 0.54375031875 0.225 0.54375031875 0.178125184375 0.5421872609375 0.17656259218749998 0.5421872609375 0.1640625921875 0.5406248406249999 0.1640625921875 0.5390624203125001 0.1625 0.5375 0.1625 0.5359375796875 0.16093740781250002 0.534375159375 0.16093740781250002 0.53125031875 0.1578122234375 0.5296872609375 0.1578122234375 0.528124840625 0.15625036875 0.5265624203125 0.15625036875 0.5218751593750001 0.15156259218749998 0.5203127390625 0.15156259218749998 0.51875031875 0.15 0.5156248406249999 0.15 0.509375159375 0.14375036875 0.5078127390625 0.14375036875 0.50625031875 0.14218777656249998 0.5046872609374999 0.14218777656249998 0.49843757968749997 0.13593740781250002 0.49687515937500004 0.13593740781250002 0.49062484062499995 0.1296877765625 0.475 0.1296877765625 0.4734375796875 0.13125036875 0.47031273906250004 0.13125036875 0.46718726093749996 0.134374815625 0.465624840625 0.134374815625
31 0.534375159375 0.7421877765625 0.5375 0.7453122234375 0.5375 0.746874815625 0.5390624203125001 0.7484374078125 0.5406248406249999 0.7484374078125 0.5421872609375 0.75 0.54375031875 0.75 0.5453127390625 0.7515625921875 0.5671872609374999 0.7515625921875 0.5703127390625 0.7484374078125 0.571875159375 0.7484374078125 0.5734375796875 0.746874815625 0.5734375796875 0.7015625921875001 0.571875159375 0.7 0.5390624203125001 0.7 0.5375 0.7015625921875001 0.5375 0.7078122234374999 0.534375159375 0.7109374078124999 0.534375159375 0.7421877765625
34 0.68125031875 0.5140625921875001 0.68125031875 0.5328122234375 0.6796872609375 0.534374815625 0.6796872609375 0.5359374078125 0.678124840625 0.5375 0.678124840625 0.5609374078125 0.7093751593750001 0.5609374078125 0.7109375796874999 0.559374815625 0.7109375796874999 0.5578122234375 0.7140624203125 0.5546877765625 0.715624840625 0.5546877765625 0.7171872609375 0.553125184375 0.7171872609375 0.53125036875 0.715624840625 0.5296877765625 0.715624840625 0.528125184375 0.7125 0.525 0.7125 0.5234374078124999 0.7109375796874999 0.521874815625 0.7109375796874999 0.5156251843749999 0.7046872609375 0.509374815625 0.7046872609375 0.5078122234375 0.6875 0.5078122234375 0.6875 0.509374815625 0.684375159375 0.5125 0.6828127390625001 0.5125 0.68125031875 0.5140625921875001
0 0.5265624203125 0.5703122234375 0.5234375796874999 0.5734374078125 0.5218751593750001 0.5734374078125 0.51875031875 0.5765625921875001 0.51875031875 0.5781251843749999 0.5156248406249999 0.5812503687499999 0.5140624203125 0.5812503687499999 0.509375159375 0.5859374078124999 0.5078127390625 0.5859374078124999 0.5046872609374999 0.5890625921875 0.503124840625 0.5890625921875 0.4953127390625 0.596874815625 0.4953127390625 0.6 0.49375031875 0.6015625921875001 0.49375031875 0.615625184375 0.4921872609375 0.6171877765625 0.4921872609375 0.684374815625 0.49843757968749997 0.690625184375 0.5 0.690625184375 0.5015624203125 0.6921877765625 0.503124840625 0.6921877765625 0.5046872609374999 0.69375036875 0.50625031875 0.69375036875 0.509375159375 0.696874815625 0.5109375796875 0.696874815625 0.5125 0.6984374078125 0.51875031875 0.6984374078125 0.5203127390625 0.7 0.5234375796874999 0.7 0.5265624203125 0.7031251843749999 0.534375159375 0.7031251843749999 0.5390624203125001 0.6984374078125 0.5703127390625 0.6984374078125 0.571875159375 0.7 0.575 0.7 0.5765624203125 0.7015625921875001 0.5781248406249999 0.7015625921875001 0.5796872609375 0.7 0.58125031875 0.7 0.5828127390625 0.6984374078125 0.596875159375 0.6984374078125 0.5984375796875 0.696874815625 0.6 0.696874815625 0.6015624203125001 0.6953122234375 0.6031248406249999 0.6953122234375 0.60625031875 0.6921877765625 0.6078127390625 0.6921877765625 0.6140624203125 0.6859374078125 0.615624840625 0.6859374078125 0.6171872609375 0.684374815625 0.6171872609375 0.6109374078124999 0.615624840625 0.6093748156250001 0.615624840625 0.6062503687499999 0.6125 0.603125184375 0.6125 0.6 0.6109375796875 0.5984374078125 0.6109375796875 0.596874815625 0.6015624203125001 0.5875 0.596875159375 0.5875 0.5953127390625 0.5859374078124999 0.59375031875 0.5859374078124999 0.5921872609375 0.584374815625 0.5921872609375 0.5828122234374999 0.590624840625 0.5828122234374999 0.5890624203125 0.5812503687499999 0.5875 0.5812503687499999 0.5859375796874999 0.5796877765625 0.5843751593750001 0.5796877765625 0.58125031875 0.5765625921875001 0.5781248406249999 0.5765625921875001 0.5703127390625 0.56874963125 0.56875031875 0.56874963125 0.565624840625 0.565625184375 0.534375159375 0.565625184375 0.5328127390625 0.5671877765625 0.53125031875 0.5671877765625 0.528124840625 0.5703122234375 0.5265624203125 0.5703122234375
17 0.325 0.134374815625 0.32343757968750003 0.13593740781250002 0.321875159375 0.13593740781250002 0.3203127390625 0.1375 0.31875031875 0.1375 0.3140624203125 0.14218777656249998 0.3125 0.14218777656249998 0.3109375796875 0.14375036875 0.3078127390625 0.14375036875 0.30156242031249997 0.15 0.2984375796875 0.15 0.296875159375 0.15156259218749998 0.2953127390625 0.15156259218749998 0.290624840625 0.15625036875 0.28906242031249996 0.15625036875 0.28125031875 0.1640625921875 0.28125031875 0.165625184375 0.278124840625 0.16875036875 0.278124840625 0.25625036875 0.28125031875 0.25937481562500003 0.28125031875 0.2609374078125 0.28281273906250004 0.2609374078125 0.28906242031249996 0.26718777656250003 0.290624840625 0.26718777656250003 0.296875159375 0.27343740781250003 0.30156242031249997 0.27343740781250003 0.3078127390625 0.2796877765625 0.3109375796875 0.2796877765625 0.315624840625 0.284374815625 0.3171872609375 0.284374815625 0.31875031875 0.2859374078125 0.3203127390625 0.2859374078125 0.321875159375 0.2875 0.32343757968750003 0.2875 0.325 0.28906259218749997 0.325 0.29062518437499996 0.3265624203125 0.29062518437499996 0.328124840625 0.2921877765625 0.334375159375 0.2921877765625 0.33593757968750004 0.29375036875 0.346875159375 0.29375036875 0.3484375796875 0.2921877765625 0.35468726093749997 0.2921877765625 0.35625031875 0.29062518437499996 0.3578127390625 0.29062518437499996 0.3609375796875 0.2875 0.3625 0.2875 0.36406242031249997 0.2859374078125 0.365624840625 0.2859374078125 0.3671872609375 0.284374815625 0.36875031875 0.284374815625 0.3734375796875 0.2796877765625 0.375 0.2796877765625 0.3765624203125 0.278125184375 0.378124840625 0.278125184375 0.38593757968750003 0.2703122234375 0.38593757968750003 0.25937481562500003 0.3875 0.2578122234375 0.3875 0.2546877765625 0.3890624203125 0.253125184375 0.3890624203125 0.2515625921875 0.390624840625 0.25 0.390624840625 0.24687481562500002 0.3921872609375 0.24531222343749998 0.3921872609375 0.2328122234375 0.39843757968750004 0.2265625921875 0.39843757968750004 0.22343740781250002 0.4 0.22187481562500003 0.4 0.22031222343749998 0.4015624203125 0.21875036875 0.4015624203125 0.20624963125 0.4 0.2046877765625 0.4 0.1875 0.39843757968750004 0.1859374078125 0.39843757968750004 0.17031222343750002 0.396875159375 0.16875036875 0.396875159375 0.1671877765625 0.38593757968750003 0.15625036875 0.384375159375 0.15625036875 0.378124840625 0.15 0.3765624203125 0.15 0.375 0.1484374078125 0.3734375796875 0.1484374078125 0.36875031875 0.14375036875 0.365624840625 0.14375036875 0.359375159375 0.1375 0.35625031875 0.1375 0.35468726093749997 0.13593740781250002 0.353124840625 0.13593740781250002 0.3484375796875 0.13125036875 0.3484375796875 0.1296877765625 0.346875159375 0.128125184375 0.33281273906250003 0.128125184375 0.3296872609375 0.13125036875 0.3265624203125 0.13125036875 0.325 0.13281222343750002 0.325 0.134374815625
35 0.5484375796875 0.29062518437499996 0.5484375796875 0.2921877765625 0.55 0.29375036875 0.55 0.29531222343749997 0.5468751593750001 0.2984374078125 0.5453127390625 0.2984374078125 0.54375031875 0.3 0.5406248406249999 0.3 0.5390624203125001 0.3015625921875 0.53125031875 0.3015625921875 0.528124840625 0.3046877765625 0.525 0.3046877765625 0.5234375796874999 0.30625036875 0.51875031875 0.30625036875 0.5171872609375 0.3046877765625 0.5078127390625 0.3046877765625 0.50625031875 0.30625036875 0.5046872609374999 0.30625036875 0.49843757968749997 0.3125 0.49687515937500004 0.3125 0.4953127390625 0.3140625921875 0.4953127390625 0.3734374078125 0.5 0.378125184375 0.5 0.3859374078125 0.5015624203125 0.3875 0.5015624203125 0.390625184375 0.5046872609374999 0.39375036875 0.5046872609374999 0.3953122234375 0.50625031875 0.39687481562500004 0.50625031875 0.4046877765625 0.5078127390625 0.40625036875 0.5078127390625 0.409374815625 0.5109375796875 0.4125 0.5109375796875 0.4140625921875 0.5156248406249999 0.41875036874999993 0.5171872609375 0.41875036874999993 0.51875031875 0.42031222343749997 0.5203127390625 0.42031222343749997 0.5218751593750001 0.421874815625 0.5234375796874999 0.421874815625 0.525 0.42343740781249994 0.5265624203125 0.42343740781249994 0.5296872609375 0.42656259218750003 0.53125031875 0.42656259218750003 0.5359375796875 0.43125036874999995 0.5375 0.43125036874999995 0.5406248406249999 0.434374815625 0.565624840625 0.434374815625 0.56875031875 0.43125036874999995 0.5703127390625 0.43125036874999995 0.571875159375 0.4296877765625 0.575 0.4296877765625 0.5765624203125 0.42812518437499997 0.5781248406249999 0.42812518437499997 0.5828127390625 0.42343740781249994 0.5859375796874999 0.42343740781249994 0.5875 0.421874815625 0.5890624203125 0.421874815625 0.5921872609375 0.41875036874999993 0.59375031875 0.41875036874999993 0.5953127390625 0.4171877765625 0.596875159375 0.4171877765625 0.5984375796875 0.41562518437499996 0.5984375796875 0.4125 0.6 0.4109374078125 0.6 0.409374815625 0.6015624203125001 0.4078122234375 0.6015624203125001 0.40625036875 0.6046872609375 0.403125184375 0.6046872609375 0.3890625921875 0.60625031875 0.3875 0.60625031875 0.3859374078125 0.6093751593750001 0.3828122234375 0.6093751593750001 0.38124963125 0.6109375796875 0.3796877765625 0.6109375796875 0.375 0.6125 0.3734374078125 0.6125 0.371874815625 0.615624840625 0.36875036875 0.615624840625 0.3203122234375 0.6125 0.3171877765625 0.6125 0.315625184375 0.6109375796875 0.3140625921875 0.6109375796875 0.3109374078125 0.6093751593750001 0.309374815625 0.6093751593750001 0.3078122234375 0.6078127390625 0.30625036875 0.60625031875 0.30625036875 0.6046872609375 0.3046877765625 0.6046872609375 0.30312518437499997 0.6031248406249999 0.3015625921875 0.6015624203125001 0.3015625921875 0.6 0.3 0.5953127390625 0.3 0.590624840625 0.29531222343749997 0.5890624203125 0.29531222343749997 0.5875 0.29375036875 0.58125031875 0.29375036875 0.5796872609375 0.2921877765625 0.5765624203125 0.2921877765625 0.575 0.29062518437499996 0.5734375796875 0.29062518437499996 0.571875159375 0.28906259218749997 0.5703127390625 0.28906259218749997 0.565624840625 0.284374815625 0.565624840625 0.2828122234375 0.5625 0.2828122234375 0.5609375796875 0.28125036875 0.5484375796875 0.28125036875 0.5453127390625 0.284374815625 0.5468751593750001 0.2859374078125 0.5468751593750001 0.28906259218749997 0.5484375796875 0.29062518437499996
17 0.47031273906250004 0.7031251843749999 0.46718726093749996 0.7062503687499999 0.4640624203125 0.7062503687499999 0.45937515937500006 0.7109374078124999 0.45781273906250003 0.7109374078124999 0.45625031875 0.7125 0.4546872609375 0.7125 0.45312484062499997 0.7140625921875 0.45156242031250005 0.7140625921875 0.44375031875 0.721874815625 0.44375031875 0.725 0.4421872609375 0.7265625921875001 0.4421872609375 0.728125184375 0.43906242031250003 0.7312503687499999 0.43906242031250003 0.7328122234375 0.4375 0.7343748156250001 0.4375 0.7421877765625 0.4265624203125 0.753125184375 0.4265624203125 0.7546877765625 0.425 0.75625036875 0.425 0.8328122234374999 0.4265624203125 0.8328122234374999 0.4296872609375 0.8359374078125 0.43125031875 0.8359374078125 0.4328127390625 0.8375 0.43437515937500004 0.8375 0.43906242031250003 0.8421877765625 0.4421872609375 0.8421877765625 0.44687515937500005 0.8468748156249999 0.4484375796875 0.8468748156249999 0.45 0.8484374078125001 0.45156242031250005 0.8484374078125001 0.45781273906250003 0.8546877765625001 0.45937515937500006 0.8546877765625001 0.465624840625 0.8609374078125 0.46875031875 0.8609374078125 0.47031273906250004 0.8625 0.471875159375 0.8625 0.4765624203125 0.8671877765625 0.47968726093749997 0.8671877765625 0.48125031875 0.86875036875 0.48593757968749995 0.86875036875 0.4875 0.8671877765625 0.49062484062499995 0.8671877765625 0.503124840625 0.8546877765625001 0.5046872609374999 0.8546877765625001 0.50625031875 0.8531251843750001 0.5078127390625 0.8531251843750001 0.5109375796875 0.85 0.5125 0.85 0.5140624203125 0.8484374078125001 0.5171872609375 0.8484374078125001 0.51875031875 0.8468748156249999 0.5203127390625 0.8468748156249999 0.5234375796874999 0.84375036875 0.525 0.84375036875 0.5265624203125 0.8421877765625 0.528124840625 0.8421877765625 0.534375159375 0.8359374078125 0.5359375796875 0.8359374078125 0.5375 0.8343748156249999 0.5390624203125001 0.8343748156249999 0.5421872609375 0.8312503687499999 0.5421872609375 0.8296877765625 0.5468751593750001 0.825 0.5468751593750001 0.8234374078125001 0.5484375796875 0.821874815625 0.5484375796875 0.759374815625 0.5390624203125001 0.75 0.5375 0.75 0.5359375796875 0.7484374078125 0.534375159375 0.7484374078125 0.53125031875 0.7453122234375 0.53125031875 0.74375036875 0.5296872609375 0.7421877765625 0.5296872609375 0.7343748156250001 0.528124840625 0.7328122234375 0.528124840625 0.7312503687499999 0.5265624203125 0.7312503687499999 0.5234375796874999 0.728125184375 0.5234375796874999 0.7265625921875001 0.5218751593750001 0.725 0.5218751593750001 0.7234374078125 0.5109375796875 0.7125 0.5078127390625 0.7125 0.5015624203125 0.7062503687499999 0.49843757968749997 0.7062503687499999 0.49687515937500004 0.7046877765625 0.4953127390625 0.7046877765625 0.49062484062499995 0.7 0.4765624203125 0.7 0.475 0.7015625921875001 0.4734375796875 0.7015625921875001 0.471875159375 0.7031251843749999 0.47031273906250004 0.7031251843749999
36 0.3875 0.5734374078125 0.38593757968750003 0.575 0.384375159375 0.575 0.378124840625 0.5812503687499999 0.3765624203125 0.5812503687499999 0.375 0.5828122234374999 0.3734375796875 0.5828122234374999 0.3703127390625 0.5859374078124999 0.36875031875 0.5859374078124999 0.3671872609375 0.5875 0.36406242031249997 0.5875 0.3578127390625 0.59375036875 0.35625031875 0.59375036875 0.35468726093749997 0.5953122234375 0.353124840625 0.5953122234375 0.35156242031249996 0.596874815625 0.35156242031249996 0.5984374078125 0.35 0.6 0.35 0.6046877765625001 0.3484375796875 0.6062503687499999 0.3484375796875 0.6765625921875 0.35 0.678125184375 0.35 0.6796877765625 0.3609375796875 0.690625184375 0.3625 0.690625184375 0.36406242031249997 0.6921877765625 0.365624840625 0.6921877765625 0.3671872609375 0.69375036875 0.36875031875 0.69375036875 0.371875159375 0.696874815625 0.3734375796875 0.696874815625 0.375 0.6984374078125 0.384375159375 0.6984374078125 0.3875 0.7015625921875001 0.390624840625 0.7015625921875001 0.3921872609375 0.7 0.39375031875 0.7 0.39531273906250003 0.6984374078125 0.4328127390625 0.6984374078125 0.43437515937500004 0.7 0.44062484062499996 0.7 0.4421872609375 0.6984374078125 0.45312484062499997 0.6984374078125 0.45781273906250003 0.69375036875 0.45937515937500006 0.69375036875 0.4609375796875 0.6921877765625 0.4640624203125 0.6921877765625 0.465624840625 0.690625184375 0.46718726093749996 0.690625184375 0.46718726093749996 0.6890625921875 0.47031273906250004 0.6859374078125 0.471875159375 0.6859374078125 0.4734375796875 0.684374815625 0.4734375796875 0.6828122234375 0.475 0.68125036875 0.475 0.6140625921875 0.4734375796875 0.6125 0.4734375796875 0.6015625921875001 0.471875159375 0.6 0.471875159375 0.5984374078125 0.46718726093749996 0.59375036875 0.46718726093749996 0.5921877765625 0.4640624203125 0.5890625921875 0.4625 0.5890625921875 0.4609375796875 0.5875 0.45937515937500006 0.5875 0.45312484062499997 0.5812503687499999 0.45156242031250005 0.5812503687499999 0.45 0.5796877765625 0.4484375796875 0.5796877765625 0.44375031875 0.575 0.44062484062499996 0.575 0.43593757968749997 0.5703122234375 0.43437515937500004 0.5703122234375 0.4328127390625 0.56874963125 0.43125031875 0.56874963125 0.4265624203125 0.5640625921875 0.4015624203125 0.5640625921875 0.396875159375 0.56874963125 0.39375031875 0.56874963125 0.3890624203125 0.5734374078125 0.3875 0.5734374078125
35 0.68125031875 0.5703122234375 0.6796872609375 0.571874815625 0.6796872609375 0.5734374078125 0.675 0.5781251843749999 0.6765624203125 0.5796877765625 0.6765624203125 0.5812503687499999 0.678124840625 0.5828122234374999 0.675 0.5859374078124999 0.6671872609375 0.5859374078124999 0.6656248406249999 0.584374815625 0.6578127390625 0.584374815625 0.65625031875 0.5859374078124999 0.653124840625 0.5859374078124999 0.6515624203125 0.5875 0.6468751593750001 0.5875 0.634375159375 0.6 0.6328127390625 0.6 0.6328127390625 0.6015625921875001 0.63125031875 0.603125184375 0.63125031875 0.68125036875 0.6328127390625 0.6828122234375 0.6328127390625 0.684374815625 0.6359375796875 0.684374815625 0.6375 0.6859374078125 0.6406248406249999 0.6859374078125 0.6468751593750001 0.6921877765625 0.6484375796874999 0.6921877765625 0.65 0.69375036875 0.6515624203125 0.69375036875 0.6546872609375 0.696874815625 0.65625031875 0.696874815625 0.6578127390625 0.6984374078125 0.659375159375 0.6984374078125 0.6609375796875 0.7 0.6625 0.7 0.6640624203125001 0.7015625921875001 0.6656248406249999 0.7015625921875001 0.6671872609375 0.7031251843749999 0.6703127390625 0.7031251843749999 0.6718751593750001 0.7046877765625 0.6734375796875 0.7031251843749999 0.6765624203125 0.7031251843749999 0.6796872609375 0.7 0.68125031875 0.7 0.6828127390625001 0.6984374078125 0.6875 0.6984374078125 0.6890624203125 0.696874815625 0.7 0.696874815625 0.7015624203125 0.6984374078125 0.7078127390625 0.6984374078125 0.7140624203125 0.7046877765625 0.71875031875 0.7046877765625 0.7203127390625 0.7062503687499999 0.7296872609375 0.7062503687499999 0.73125031875 0.7046877765625 0.7359375796875 0.7046877765625 0.740624840625 0.7 0.7421872609375 0.7 0.74375031875 0.6984374078125 0.7453127390625001 0.6984374078125 0.746875159375 0.696874815625 0.7484375796875 0.696874815625 0.7484375796875 0.6953122234375 0.7515624203125 0.6921877765625 0.753124840625 0.6921877765625 0.7546872609374999 0.690625184375 0.75625031875 0.690625184375 0.7609375796875 0.6859374078125 0.7609375796875 0.6796877765625 0.7625 0.678125184375 0.7625 0.6625 0.7609375796875 0.6609374078125 0.7609375796875 0.6140625921875 0.759375159375 0.6125 0.759375159375 0.6078122234375 0.7578127390625 0.6062503687499999 0.7578127390625 0.6046877765625001 0.75625031875 0.603125184375 0.75625031875 0.6015625921875001 0.746875159375 0.5921877765625 0.7453127390625001 0.5921877765625 0.7421872609375 0.5890625921875 0.740624840625 0.5890625921875 0.7390624203125 0.5875 0.73125031875 0.5875 0.7296872609375 0.5890625921875 0.7281248406249999 0.5890625921875 0.7265624203125001 0.590625184375 0.721875159375 0.590625184375 0.71875031875 0.59375036875 0.7171872609375 0.59375036875 0.715624840625 0.5953122234375 0.7140624203125 0.5953122234375 0.7125 0.596874815625 0.7093751593750001 0.596874815625 0.7078127390625 0.5984374078125 0.70625031875 0.596874815625 0.7015624203125 0.596874815625 0.696875159375 0.5921877765625 0.696875159375 0.5875 0.6953127390625 0.5859374078124999 0.6953127390625 0.584374815625 0.6984375796875 0.5812503687499999 0.7 0.5812503687499999 0.7015624203125 0.5796877765625 0.7031248406249999 0.5796877765625 0.7046872609375 0.5781251843749999 0.7046872609375 0.565625184375 0.7031248406249999 0.5640625921875 0.684375159375 0.5640625921875 0.6828127390625001 0.565625184375 0.6828127390625001 0.5671877765625 0.68125031875 0.56874963125 0.68125031875 0.5703122234375
37 0.75625031875 0.4171877765625 0.7546872609374999 0.41875036874999993 0.7515624203125 0.41875036874999993 0.746875159375 0.42343740781249994 0.74375031875 0.42343740781249994 0.7421872609375 0.425 0.740624840625 0.425 0.7359375796875 0.4296877765625 0.7343751593750001 0.4296877765625 0.7281248406249999 0.43593740781249996 0.7265624203125001 0.43593740781249996 0.725 0.4375 0.721875159375 0.4375 0.7093751593750001 0.45 0.7093751593750001 0.5140625921875001 0.7109375796874999 0.5156251843749999 0.7109375796874999 0.5171877765625 0.7125 0.5187503687499999 0.7125 0.521874815625 0.7140624203125 0.5234374078124999 0.7140624203125 0.525 0.7171872609375 0.528125184375 0.7171872609375 0.5296877765625 0.71875031875 0.53125036875 0.71875031875 0.5515625921875 0.7203127390625 0.553125184375 0.7203127390625 0.5546877765625 0.721875159375 0.5546877765625 0.725 0.5578122234375 0.725 0.559374815625 0.7265624203125001 0.5609374078125 0.7281248406249999 0.5609374078125 0.73125031875 0.5640625921875 0.73125031875 0.565625184375 0.7328127390625 0.5671877765625 0.7343751593750001 0.5671877765625 0.7390624203125 0.571874815625 0.740624840625 0.571874815625 0.74375031875 0.575 0.7453127390625001 0.575 0.7484375796875 0.5781251843749999 0.75 0.5781251843749999 0.7515624203125 0.5796877765625 0.7546872609374999 0.5796877765625 0.75625031875 0.5812503687499999 0.759375159375 0.5812503687499999 0.7609375796875 0.5828122234374999 0.7625 0.5828122234374999 0.7640624203125 0.584374815625 0.76875031875 0.584374815625 0.7703127390625 0.5828122234374999 0.7718751593750001 0.5828122234374999 0.7734375796874999 0.5812503687499999 0.7765624203125 0.5812503687499999 0.778124840625 0.5796877765625 0.7796872609375 0.5796877765625 0.78125031875 0.5781251843749999 0.7828127390625 0.5781251843749999 0.7859375796875 0.575 0.7875 0.575 0.7890624203125001 0.5734374078125 0.7906248406249999 0.5734374078125 0.7953127390625 0.56874963125 0.7968751593750001 0.56874963125 0.7984375796875 0.5671877765625 0.8 0.5671877765625 0.8015624203125 0.565625184375 0.803124840625 0.565625184375 0.8078127390625 0.5609374078125 0.8093751593749999 0.5609374078125 0.8140624203125 0.55625036875 0.8156248406250001 0.55625036875 0.8171872609375 0.5546877765625 0.8203127390624999 0.5546877765625 0.8265624203125 0.5484374078124999 0.828124840625 0.5484374078124999 0.8296872609375001 0.5468748156250001 0.8296872609375001 0.5453122234375 0.8312503187500001 0.5437503687499999 0.8312503187500001 0.5421877765625001 0.834375159375 0.5390625921875001 0.834375159375 0.534374815625 0.8359375796874999 0.5328122234375 0.8359375796874999 0.4578122234375 0.8296872609375001 0.45156259218750006 0.8296872609375001 0.45 0.828124840625 0.44843740781249997 0.8265624203125 0.44843740781249997 0.825 0.44687481562500003 0.825 0.4453122234375 0.8234375796875 0.44374963125000005 0.821875159375 0.44374963125000005 0.8156248406250001 0.4375 0.8125 0.4375 0.8109375796875 0.43593740781249996 0.8093751593749999 0.43593740781249996 0.8062503187500001 0.4328122234375 0.8046872609375001 0.4328122234375 0.803124840625 0.43125036874999995 0.8015624203125 0.43125036874999995 0.8 0.4296877765625 0.7984375796875 0.4296877765625 0.7953127390625 0.42656259218750003 0.79375031875 0.42656259218750003 0.7921872609375 0.425 0.7890624203125001 0.425 0.7875 0.42343740781249994 0.7859375796875 0.42343740781249994 0.784375159375 0.421874815625 0.7828127390625 0.421874815625 0.78125031875 0.42031222343749997 0.7796872609375 0.42031222343749997 0.778124840625 0.41875036874999993 0.775 0.41875036874999993 0.7734375796874999 0.4171877765625 0.7718751593750001 0.4171877765625 0.7703127390625 0.41562518437499996 0.7671872609375 0.41562518437499996 0.7656248406249999 0.4140625921875 0.7640624203125 0.4140625921875 0.7625 0.41562518437499996 0.7609375796875 0.41562518437499996 0.759375159375 0.4171877765625 0.75625031875 0.4171877765625
0 0.5921872609375 0.71875036875 0.590624840625 0.71875036875 0.5890624203125 0.7203122234375 0.5875 0.7203122234375 0.5875 0.721874815625 0.5843751593750001 0.725 0.5828127390625 0.725 0.5828127390625 0.7265625921875001 0.58125031875 0.728125184375 0.58125031875 0.7312503687499999 0.5796872609375 0.7328122234375 0.5796872609375 0.7343748156250001 0.5765624203125 0.7375 0.5765624203125 0.740625184375 0.575 0.7421877765625 0.575 0.746874815625 0.571875159375 0.75 0.5703127390625 0.75 0.56875031875 0.7515625921875 0.56875031875 0.753125184375 0.565624840625 0.75625036875 0.5640624203125 0.75625036875 0.5625 0.7578122234375 0.5625 0.825 0.5640624203125 0.8265625921875 0.5640624203125 0.828125184375 0.565624840625 0.828125184375 0.571875159375 0.8343748156249999 0.5734375796875 0.8343748156249999 0.575 0.8359374078125 0.5765624203125 0.8359374078125 0.5828127390625 0.8421877765625 0.5843751593750001 0.8421877765625 0.5859375796874999 0.84375036875 0.5875 0.84375036875 0.5890624203125 0.8453122234375 0.5890624203125 0.8468748156249999 0.590624840625 0.8468748156249999 0.5921872609375 0.8484374078125001 0.59375031875 0.8484374078125001 0.5953127390625 0.85 0.596875159375 0.85 0.5984375796875 0.8515625921875 0.5984375796875 0.8531251843750001 0.6 0.8546877765625001 0.6015624203125001 0.8546877765625001 0.6078127390625 0.8609374078125 0.6093751593750001 0.8609374078125 0.6140624203125 0.865625184375 0.615624840625 0.865625184375 0.6171872609375 0.8671877765625 0.6203127390625001 0.8671877765625 0.621875159375 0.86875036875 0.6296872609374999 0.86875036875 0.63125031875 0.8671877765625 0.634375159375 0.8671877765625 0.6468751593750001 0.8546877765625001 0.6484375796874999 0.8546877765625001 0.6515624203125 0.8515625921875 0.653124840625 0.8515625921875 0.65625031875 0.8484374078125001 0.659375159375 0.8484374078125001 0.6609375796875 0.8468748156249999 0.6625 0.8468748156249999 0.6656248406249999 0.84375036875 0.6671872609375 0.84375036875 0.66875031875 0.8421877765625 0.6718751593750001 0.8421877765625 0.678124840625 0.8359374078125 0.6796872609375 0.8359374078125 0.68125031875 0.8343748156249999 0.6828127390625001 0.8343748156249999 0.6859375796875 0.8312503687499999 0.6859375796875 0.8296877765625 0.690624840625 0.825 0.690624840625 0.7640625921875001 0.6875 0.7609374078125 0.6875 0.759374815625 0.678124840625 0.75 0.6765624203125 0.75 0.6734375796875 0.746874815625 0.6734375796875 0.7421877765625 0.6718751593750001 0.740625184375 0.6718751593750001 0.7375 0.66875031875 0.7343748156250001 0.66875031875 0.7296877765625001 0.6671872609375 0.728125184375 0.6671872609375 0.7265625921875001 0.6656248406249999 0.725 0.6640624203125001 0.725 0.6609375796875 0.721874815625 0.6609375796875 0.7203122234375 0.659375159375 0.7203122234375 0.653124840625 0.7140625921875 0.6515624203125 0.7140625921875 0.65 0.7125 0.6484375796874999 0.7125 0.6468751593750001 0.7109374078124999 0.6453127390625 0.7109374078124999 0.6359375796875 0.7015625921875001 0.6093751593750001 0.7015625921875001 0.6031248406249999 0.7078122234374999 0.6015624203125001 0.7078122234374999 0.6015624203125001 0.709374815625 0.5921872609375 0.71875036875
37 0.21093757968750002 0.5703122234375 0.221875159375 0.5703122234375 0.22343757968750003 0.56874963125 0.22656242031249998 0.56874963125 0.228124840625 0.5671877765625 0.23125031875 0.5703122234375 0.22968726093749997 0.571874815625 0.22968726093749997 0.5734374078125 0.228124840625 0.575 0.228124840625 0.5765625921875001 0.225 0.5796877765625 0.221875159375 0.5796877765625 0.2203127390625 0.5812503687499999 0.21875031875 0.5812503687499999 0.20781273906250003 0.5921877765625 0.20781273906250003 0.59375036875 0.20625031875 0.5953122234375 0.20625031875 0.6859374078125 0.20781273906250003 0.6875 0.20781273906250003 0.6890625921875 0.209375159375 0.690625184375 0.21093757968750002 0.690625184375 0.2125 0.6921877765625 0.21406242031249997 0.6921877765625 0.2203127390625 0.6984374078125 0.221875159375 0.6984374078125 0.22343757968750003 0.7 0.225 0.7 0.228124840625 0.7031251843749999 0.22968726093749997 0.7031251843749999 0.23125031875 0.7046877765625 0.234375159375 0.7046877765625 0.2359375796875 0.7062503687499999 0.2375 0.7062503687499999 0.23906242031249997 0.7078122234374999 0.240624840625 0.7078122234374999 0.24218726093749998 0.709374815625 0.246875159375 0.709374815625 0.246875159375 0.7078122234374999 0.25 0.7046877765625 0.2515624203125 0.7046877765625 0.2578127390625 0.6984374078125 0.28125031875 0.6984374078125 0.28281273906250004 0.7 0.284375159375 0.7 0.2875 0.7031251843749999 0.28906242031249996 0.7031251843749999 0.290624840625 0.7046877765625 0.2953127390625 0.7046877765625 0.296875159375 0.7031251843749999 0.3 0.7031251843749999 0.303124840625 0.7 0.30625031875 0.7 0.3078127390625 0.6984374078125 0.315624840625 0.6984374078125 0.321875159375 0.6921877765625 0.32343757968750003 0.6921877765625 0.3296872609375 0.6859374078125 0.3296872609375 0.6828122234375 0.33125031875 0.68125036875 0.33125031875 0.678125184375 0.33281273906250003 0.6765625921875 0.33281273906250003 0.6718748156250001 0.334375159375 0.6703122234375 0.334375159375 0.6046877765625001 0.33281273906250003 0.603125184375 0.33281273906250003 0.6015625921875001 0.3296872609375 0.5984374078125 0.3296872609375 0.596874815625 0.32343757968750003 0.590625184375 0.32343757968750003 0.5890625921875 0.321875159375 0.5890625921875 0.3203127390625 0.5875 0.3171872609375 0.5875 0.315624840625 0.5859374078124999 0.3140624203125 0.5859374078124999 0.3109375796875 0.5828122234374999 0.309375159375 0.5828122234374999 0.3078127390625 0.5812503687499999 0.3046872609375 0.5812503687499999 0.3 0.5765625921875001 0.2984375796875 0.5765625921875001 0.2953127390625 0.5734374078125 0.29375031875 0.5734374078125 0.290624840625 0.5703122234375 0.28906242031249996 0.5703122234375 0.2875 0.56874963125 0.2859375796875 0.56874963125 0.284375159375 0.5671877765625 0.28281273906250004 0.5671877765625 0.27968726093749996 0.5640625921875 0.25 0.5640625921875 0.246875159375 0.5671877765625 0.24375031875 0.5671877765625 0.24218726093749998 0.56874963125 0.2359375796875 0.56874963125 0.23281273906250002 0.565625184375 0.234375159375 0.5640625921875 0.20625031875 0.5640625921875 0.20625031875 0.5734374078125 0.20781273906250003 0.571874815625 0.209375159375 0.571874815625 0.21093757968750002 0.5703122234375
31 0.678124840625 0.7015625921875001 0.675 0.7046877765625 0.675 0.7453122234375 0.678124840625 0.7484374078125 0.6828127390625001 0.7484374078125 0.6875 0.753125184375 0.7109375796874999 0.753125184375 0.7109375796874999 0.7515625921875 0.7140624203125 0.7484374078125 0.715624840625 0.7484374078125 0.7171872609375 0.746874815625 0.7171872609375 0.709374815625 0.7109375796874999 0.7031251843749999 0.7109375796874999 0.7015625921875001 0.7093751593750001 0.7 0.7078127390625 0.7 0.7046872609375 0.696874815625 0.6859375796875 0.696874815625 0.684375159375 0.6984374078125 0.6828127390625001 0.6984374078125 0.6796872609375 0.7015625921875001 0.678124840625 0.7015625921875001
35 0.6125 0.4375 0.6078127390625 0.4375 0.6046872609375 0.440625184375 0.6015624203125001 0.440625184375 0.6 0.4421877765625 0.590624840625 0.4421877765625 0.5890624203125 0.44374963125000005 0.5828127390625 0.44374963125000005 0.58125031875 0.4453122234375 0.5796872609375 0.4453122234375 0.5765624203125 0.44843740781249997 0.575 0.44843740781249997 0.5734375796875 0.45 0.571875159375 0.45 0.5703127390625 0.45156259218750006 0.56875031875 0.45156259218750006 0.56875031875 0.453125184375 0.565624840625 0.45625036874999997 0.5640624203125 0.45625036874999997 0.5640624203125 0.4578122234375 0.5625 0.45937481562500004 0.5625 0.5140625921875001 0.56875031875 0.5203122234374999 0.56875031875 0.528125184375 0.5734375796875 0.5328122234375 0.5734375796875 0.534374815625 0.575 0.5359374078125 0.575 0.5468748156250001 0.5828127390625 0.5546877765625 0.5843751593750001 0.5546877765625 0.5890624203125 0.559374815625 0.5921872609375 0.559374815625 0.59375031875 0.5609374078125 0.6031248406249999 0.5609374078125 0.6046872609375 0.5625 0.6078127390625 0.5625 0.6093751593750001 0.5640625921875 0.6109375796875 0.5640625921875 0.6140624203125 0.5671877765625 0.615624840625 0.5671877765625 0.6203127390625001 0.571874815625 0.621875159375 0.571874815625 0.6234375796875 0.5734374078125 0.625 0.5734374078125 0.6265624203125 0.575 0.628124840625 0.575 0.6296872609374999 0.5765625921875001 0.63125031875 0.5765625921875001 0.6328127390625 0.5781251843749999 0.634375159375 0.5781251843749999 0.6359375796875 0.5765625921875001 0.6375 0.5765625921875001 0.6390624203125 0.575 0.6406248406249999 0.575 0.6421872609375 0.5734374078125 0.6453127390625 0.5734374078125 0.6468751593750001 0.571874815625 0.6484375796874999 0.571874815625 0.653124840625 0.5671877765625 0.65625031875 0.5671877765625 0.6609375796875 0.5625 0.6625 0.5625 0.6640624203125001 0.5609374078125 0.6656248406249999 0.5609374078125 0.6718751593750001 0.5546877765625 0.6718751593750001 0.553125184375 0.6734375796875 0.5515625921875 0.6734375796875 0.534374815625 0.675 0.5328122234375 0.675 0.53125036875 0.678124840625 0.528125184375 0.678124840625 0.5265625921875 0.6796872609375 0.525 0.6796872609375 0.5156251843749999 0.6859375796875 0.509374815625 0.6859375796875 0.4578122234375 0.684375159375 0.45625036874999997 0.6828127390625001 0.45625036874999997 0.6765624203125 0.45 0.675 0.45 0.66875031875 0.44374963125000005 0.6671872609375 0.44374963125000005 0.6640624203125001 0.440625184375 0.6625 0.440625184375 0.659375159375 0.4375 0.6546872609375 0.4375 0.653124840625 0.43593740781249996 0.6515624203125 0.43593740781249996 0.65 0.434374815625 0.6468751593750001 0.434374815625 0.6453127390625 0.4328122234375 0.6406248406249999 0.4328122234375 0.6390624203125 0.43125036874999995 0.6234375796875 0.43125036874999995 0.621875159375 0.4328122234375 0.6203127390625001 0.4328122234375 0.6140624203125 0.43906259218750004 0.6125 0.4375
37 0.6078127390625 0.14375036875 0.6078127390625 0.1453122234375 0.6046872609375 0.1484374078125 0.6031248406249999 0.1484374078125 0.6015624203125001 0.15 0.596875159375 0.15 0.5953127390625 0.15156259218749998 0.5890624203125 0.15156259218749998 0.5859375796874999 0.1546877765625 0.5843751593750001 0.1546877765625 0.5828127390625 0.15625036875 0.575 0.15625036875 0.5734375796875 0.1578122234375 0.5703127390625 0.1578122234375 0.5703127390625 0.159374815625 0.565624840625 0.1640625921875 0.5640624203125 0.1640625921875 0.5640624203125 0.1671877765625 0.5625 0.16875036875 0.5625 0.2265625921875 0.5640624203125 0.22812518437499998 0.5640624203125 0.2296877765625 0.565624840625 0.2296877765625 0.56875031875 0.2328122234375 0.56875031875 0.2375 0.5703127390625 0.23906259218749998 0.5703127390625 0.24062518437499997 0.575 0.24531222343749998 0.575 0.2609374078125 0.5765624203125 0.2625 0.5765624203125 0.2640625921875 0.5796872609375 0.26718777656250003 0.58125031875 0.26718777656250003 0.5859375796874999 0.27187481562500004 0.5875 0.27187481562500004 0.5890624203125 0.27343740781250003 0.5953127390625 0.27343740781250003 0.596875159375 0.275 0.5984375796875 0.275 0.6015624203125001 0.278125184375 0.6031248406249999 0.278125184375 0.6046872609375 0.2796877765625 0.6078127390625 0.2796877765625 0.6093751593750001 0.28125036875 0.6109375796875 0.28125036875 0.6140624203125 0.284374815625 0.615624840625 0.284374815625 0.6171872609375 0.2859374078125 0.6203127390625001 0.2859374078125 0.625 0.29062518437499996 0.634375159375 0.29062518437499996 0.6453127390625 0.2796877765625 0.6484375796874999 0.2796877765625 0.65 0.278125184375 0.6515624203125 0.278125184375 0.6546872609375 0.275 0.65625031875 0.275 0.6578127390625 0.27343740781250003 0.6609375796875 0.27343740781250003 0.6625 0.27187481562500004 0.6640624203125001 0.27187481562500004 0.66875031875 0.26718777656250003 0.6703127390625 0.26718777656250003 0.6718751593750001 0.265625184375 0.6718751593750001 0.2640625921875 0.6734375796875 0.2625 0.6734375796875 0.2515625921875 0.678124840625 0.24687481562500002 0.678124840625 0.24375036875 0.6796872609375 0.2421877765625 0.6796872609375 0.23906259218749998 0.68125031875 0.2375 0.68125031875 0.2359374078125 0.684375159375 0.2328122234375 0.684375159375 0.23125036875 0.6859375796875 0.2296877765625 0.6859375796875 0.2265625921875 0.6890624203125 0.22343740781250002 0.690624840625 0.22343740781250002 0.6921872609374999 0.22187481562500003 0.6921872609374999 0.165625184375 0.690624840625 0.1640625921875 0.6890624203125 0.1640625921875 0.6875 0.1625 0.68125031875 0.1625 0.6796872609375 0.16093740781250002 0.6765624203125 0.16093740781250002 0.6718751593750001 0.15625036875 0.6703127390625 0.15625036875 0.66875031875 0.1546877765625 0.6671872609375 0.1546877765625 0.6640624203125001 0.15156259218749998 0.6609375796875 0.15156259218749998 0.659375159375 0.15 0.65625031875 0.15 0.6515624203125 0.1453122234375 0.65 0.1453122234375 0.6468751593750001 0.14218777656249998 0.6453127390625 0.14218777656249998 0.64375031875 0.140625184375 0.64375031875 0.1390625921875 0.6421872609375 0.1390625921875 0.6406248406249999 0.1375 0.6125 0.1375 0.6109375796875 0.1390625921875 0.6093751593750001 0.1390625921875 0.6093751593750001 0.14218777656249998 0.6078127390625 0.14375036875
36 0.678124840625 0.28906259218749997 0.6765624203125 0.28906259218749997 0.6734375796875 0.2921877765625 0.6718751593750001 0.2921877765625 0.6703127390625 0.29375036875 0.6671872609375 0.29375036875 0.6656248406249999 0.29531222343749997 0.6640624203125001 0.29531222343749997 0.6609375796875 0.2984374078125 0.659375159375 0.2984374078125 0.6578127390625 0.3 0.6546872609375 0.3 0.653124840625 0.3015625921875 0.6515624203125 0.3015625921875 0.6468751593750001 0.30625036875 0.6453127390625 0.30625036875 0.6375 0.3140625921875 0.6375 0.371874815625 0.6390624203125 0.3734374078125 0.6406248406249999 0.3734374078125 0.64375031875 0.3765625921875 0.64375031875 0.38437481562500003 0.6453127390625 0.3859374078125 0.6453127390625 0.3875 0.6468751593750001 0.3890625921875 0.6468751593750001 0.390625184375 0.6484375796874999 0.39218777656250003 0.6484375796874999 0.39375036875 0.65 0.3953122234375 0.65 0.4078122234375 0.6515624203125 0.409374815625 0.6515624203125 0.4109374078125 0.6640624203125001 0.42343740781249994 0.6656248406249999 0.42343740781249994 0.6703127390625 0.42812518437499997 0.6718751593750001 0.42812518437499997 0.6734375796875 0.4296877765625 0.675 0.4296877765625 0.678124840625 0.4328122234375 0.6796872609375 0.4328122234375 0.6828127390625001 0.43593740781249996 0.7046872609375 0.43593740781249996 0.70625031875 0.434374815625 0.7078127390625 0.434374815625 0.7109375796874999 0.43125036874999995 0.7125 0.43125036874999995 0.7140624203125 0.4296877765625 0.715624840625 0.4296877765625 0.7171872609375 0.42812518437499997 0.71875031875 0.42812518437499997 0.721875159375 0.425 0.7234375796875 0.425 0.725 0.42343740781249994 0.7281248406249999 0.42343740781249994 0.7296872609375 0.421874815625 0.73125031875 0.421874815625 0.7343751593750001 0.41875036874999993 0.7359375796875 0.41875036874999993 0.7375 0.4171877765625 0.740624840625 0.4171877765625 0.746875159375 0.4109374078125 0.7484375796875 0.4109374078125 0.75 0.409374815625 0.7515624203125 0.409374815625 0.75625031875 0.4046877765625 0.75625031875 0.403125184375 0.759375159375 0.4 0.759375159375 0.39843740781250003 0.7609375796875 0.39687481562500004 0.7609375796875 0.3203122234375 0.759375159375 0.31875036875 0.759375159375 0.315625184375 0.75 0.30625036875 0.7484375796875 0.30625036875 0.74375031875 0.3015625921875 0.7421872609375 0.3015625921875 0.740624840625 0.3 0.7390624203125 0.3 0.7375 0.2984374078125 0.7359375796875 0.2984374078125 0.7328127390625 0.29531222343749997 0.73125031875 0.29531222343749997 0.7296872609375 0.29375036875 0.7281248406249999 0.29375036875 0.721875159375 0.2875 0.71875031875 0.2875 0.7171872609375 0.2859374078125 0.715624840625 0.2859374078125 0.7125 0.2828122234375 0.7109375796874999 0.2828122234375 0.7093751593750001 0.28125036875 0.6875 0.28125036875 0.6859375796875 0.2828122234375 0.6828127390625001 0.2828122234375 0.6828127390625001 0.284374815625 0.678124840625 0.28906259218749997
37 0.3203127390625 0.709374815625 0.315624840625 0.7140625921875 0.3140624203125 0.7140625921875 0.309375159375 0.71875036875 0.3078127390625 0.71875036875 0.30625031875 0.7203122234375 0.3046872609375 0.7203122234375 0.2953127390625 0.7296877765625001 0.2953127390625 0.7312503687499999 0.29375031875 0.7328122234375 0.29375031875 0.7375 0.29218726093749997 0.7390625921875 0.29218726093749997 0.740625184375 0.2875 0.7453122234375 0.2875 0.746874815625 0.284375159375 0.75 0.28281273906250004 0.75 0.28125031875 0.7515625921875 0.28125031875 0.753125184375 0.278124840625 0.75625036875 0.278124840625 0.8234374078125001 0.284375159375 0.8296877765625 0.2859375796875 0.8296877765625 0.290624840625 0.8343748156249999 0.29218726093749997 0.8343748156249999 0.29375031875 0.8359374078125 0.296875159375 0.8359374078125 0.303124840625 0.8421877765625 0.3109375796875 0.8421877765625 0.3125 0.84375036875 0.315624840625 0.84375036875 0.3171872609375 0.8453122234375 0.321875159375 0.8453122234375 0.32343757968750003 0.84375036875 0.32343757968750003 0.8421877765625 0.328124840625 0.8375 0.3296872609375 0.8390625921874999 0.334375159375 0.8390625921874999 0.33593757968750004 0.8406251843750001 0.340624840625 0.8406251843750001 0.34218726093749996 0.8421877765625 0.35156242031249996 0.8421877765625 0.353124840625 0.84375036875 0.35625031875 0.84375036875 0.3578127390625 0.8453122234375 0.365624840625 0.8453122234375 0.3703127390625 0.8406251843750001 0.384375159375 0.8406251843750001 0.3875 0.8375 0.3890624203125 0.8375 0.390624840625 0.8359374078125 0.39375031875 0.8359374078125 0.39531273906250003 0.8343748156249999 0.396875159375 0.8343748156249999 0.396875159375 0.8328122234374999 0.39843757968750004 0.8312503687499999 0.39843757968750004 0.8265625921875 0.4015624203125 0.8234374078125001 0.4015624203125 0.75625036875 0.4 0.7546877765625 0.4 0.753125184375 0.396875159375 0.75 0.39531273906250003 0.75 0.3921872609375 0.746874815625 0.3921872609375 0.7453122234375 0.390624840625 0.74375036875 0.390624840625 0.7421877765625 0.3875 0.7390625921875 0.3875 0.7375 0.38593757968750003 0.7359374078124999 0.38593757968750003 0.7296877765625001 0.384375159375 0.728125184375 0.384375159375 0.7265625921875001 0.3828127390625 0.725 0.38125031875 0.725 0.3796872609375 0.7234374078125 0.3796872609375 0.721874815625 0.378124840625 0.7203122234375 0.3765624203125 0.7203122234375 0.3734375796875 0.7171877765625 0.371875159375 0.7171877765625 0.3671872609375 0.7125 0.36406242031249997 0.7125 0.3625 0.7109374078124999 0.3609375796875 0.7109374078124999 0.3578127390625 0.7078122234374999 0.35625031875 0.7078122234374999 0.35468726093749997 0.7062503687499999 0.35156242031249996 0.7062503687499999 0.3484375796875 0.7031251843749999 0.3296872609375 0.7031251843749999 0.3265624203125 0.7062503687499999 0.325 0.7062503687499999 0.321875159375 0.709374815625 0.3203127390625 0.709374815625
25 0.34375031875 0.5921877765625 0.346875159375 0.5953122234375 0.353124840625 0.5953122234375 0.35468726093749997 0.59375036875 0.35625031875 0.59375036875 0.3578127390625 0.5921877765625 0.3625 0.5921877765625 0.36406242031249997 0.590625184375 0.365624840625 0.590625184375 0.3703127390625 0.5859374078124999 0.371875159375 0.5859374078124999 0.3734375796875 0.584374815625 0.3734375796875 0.5828122234374999 0.3765624203125 0.5796877765625 0.378124840625 0.5796877765625 0.384375159375 0.5734374078125 0.3875 0.5734374078125 0.3890624203125 0.571874815625 0.390624840625 0.571874815625 0.390624840625 0.5703122234375 0.396875159375 0.5640625921875 0.396875159375 0.55625036875 0.3703127390625 0.55625036875 0.3578127390625 0.56874963125 0.353124840625 0.56874963125 0.34375031875 0.5781251843749999 0.34375031875 0.5921877765625
36 0.253124840625 0.2828122234375 0.2515624203125 0.284374815625 0.25 0.284374815625 0.246875159375 0.2875 0.24375031875 0.2875 0.24218726093749998 0.28906259218749997 0.240624840625 0.28906259218749997 0.2375 0.2921877765625 0.2359375796875 0.2921877765625 0.234375159375 0.29375036875 0.23125031875 0.29375036875 0.22656242031249998 0.2984374078125 0.225 0.2984374078125 0.22343757968750003 0.3 0.221875159375 0.3 0.2203127390625 0.3015625921875 0.21875031875 0.3015625921875 0.21875031875 0.30312518437499997 0.215624840625 0.30625036875 0.21406242031249997 0.30625036875 0.20625031875 0.3140625921875 0.20625031875 0.315625184375 0.20468726093749998 0.3171877765625 0.20468726093749998 0.3546877765625 0.20625031875 0.35625036875 0.20625031875 0.3671877765625 0.20781273906250003 0.36875036875 0.20781273906250003 0.371874815625 0.209375159375 0.371874815625 0.21093757968750002 0.3734374078125 0.21093757968750002 0.375 0.21406242031249997 0.378125184375 0.21406242031249997 0.3796877765625 0.215624840625 0.3796877765625 0.21875031875 0.3828122234375 0.21875031875 0.39218777656250003 0.2203127390625 0.39375036875 0.2203127390625 0.39687481562500004 0.22343757968750003 0.4 0.22343757968750003 0.403125184375 0.225 0.4046877765625 0.225 0.409374815625 0.23281273906250002 0.4171877765625 0.2359375796875 0.4171877765625 0.2375 0.41875036874999993 0.240624840625 0.41875036874999993 0.2453127390625 0.42343740781249994 0.24843757968750002 0.42343740781249994 0.25 0.425 0.253124840625 0.425 0.25625031875 0.42812518437499997 0.2578127390625 0.42812518437499997 0.259375159375 0.4296877765625 0.26093757968750003 0.4296877765625 0.2640624203125 0.4328122234375 0.265624840625 0.4328122234375 0.2671872609375 0.434374815625 0.27343757968750004 0.434374815625 0.275 0.43593740781249996 0.2765624203125 0.43593740781249996 0.28281273906250004 0.4296877765625 0.2859375796875 0.4296877765625 0.2875 0.42812518437499997 0.28906242031249996 0.42812518437499997 0.29375031875 0.42343740781249994 0.2953127390625 0.42343740781249994 0.296875159375 0.421874815625 0.2984375796875 0.421874815625 0.2984375796875 0.42031222343749997 0.3 0.41875036874999993 0.30156242031249997 0.41875036874999993 0.303124840625 0.4171877765625 0.30625031875 0.4171877765625 0.309375159375 0.4140625921875 0.309375159375 0.4125 0.3109375796875 0.4109374078125 0.3109375796875 0.409374815625 0.3125 0.4078122234375 0.3125 0.40625036875 0.315624840625 0.403125184375 0.315624840625 0.4 0.3171872609375 0.39843740781250003 0.3171872609375 0.3875 0.31875031875 0.3859374078125 0.31875031875 0.38437481562500003 0.321875159375 0.38124963125 0.321875159375 0.3796877765625 0.32343757968750003 0.378125184375 0.32343757968750003 0.3765625921875 0.325 0.375 0.325 0.3734374078125 0.328124840625 0.3703122234375 0.328124840625 0.36875036875 0.3296872609375 0.3671877765625 0.3296872609375 0.3640625921875 0.334375159375 0.359374815625 0.334375159375 0.35781222343749997 0.33593757968750004 0.35625036875 0.33593757968750004 0.32187481562500003 0.33125031875 0.3171877765625 0.33125031875 0.315625184375 0.328124840625 0.3125 0.3265624203125 0.3125 0.321875159375 0.3078122234375 0.3203127390625 0.3078122234375 0.31875031875 0.30625036875 0.315624840625 0.30625036875 0.3140624203125 0.3046877765625 0.3125 0.3046877765625 0.3078127390625 0.3 0.3046872609375 0.3 0.3 0.29531222343749997 0.2984375796875 0.29531222343749997 0.296875159375 0.29375036875 0.2953127390625 0.29375036875 0.28906242031249996 0.2875 0.2875 0.2875 0.2859375796875 0.2859374078125 0.284375159375 0.2859374078125 0.27968726093749996 0.28125036875 0.278124840625 0.28125036875 0.2765624203125 0.2796877765625 0.2625 0.2796877765625 0.26093757968750003 0.28125036875 0.25625031875 0.28125036875 0.2546872609375 0.2828122234375 0.253124840625 0.2828122234375
25 0.4421872609375 0.29062518437499996 0.44375031875 0.29062518437499996 0.4453127390625 0.2921877765625 0.44687515937500005 0.2921877765625 0.45 0.29531222343749997 0.45 0.296874815625 0.45156242031250005 0.2984374078125 0.45312484062499997 0.2984374078125 0.4546872609375 0.3 0.45625031875 0.3 0.45781273906250003 0.3015625921875 0.45781273906250003 0.30312518437499997 0.4609375796875 0.30312518437499997 0.4625 0.3046877765625 0.465624840625 0.3046877765625 0.46875031875 0.3078122234375 0.47968726093749997 0.3078122234375 0.47968726093749997 0.3046877765625 0.48125031875 0.30312518437499997 0.48125031875 0.2984374078125 0.47968726093749997 0.296874815625 0.47968726093749997 0.29375036875 0.47812484062499994 0.2921877765625 0.47812484062499994 0.29062518437499996 0.4765624203125 0.28906259218749997 0.475 0.28906259218749997 0.4734375796875 0.2875 0.47031273906250004 0.2875 0.46718726093749996 0.284374815625 0.46718726093749996 0.2828122234375 0.465624840625 0.28125036875 0.4640624203125 0.28125036875 0.45781273906250003 0.275 0.45312484062499997 0.275 0.44687515937500005 0.26874963125 0.42812484062499995 0.26874963125 0.42812484062499995 0.2796877765625 0.43437515937500004 0.2859374078125 0.4375 0.2859374078125 0.4421872609375 0.29062518437499996
36 0.3296872609375 0.42812518437499997 0.328124840625 0.4296877765625 0.3265624203125 0.4296877765625 0.325 0.43125036874999995 0.3171872609375 0.43125036874999995 0.315624840625 0.4328122234375 0.3140624203125 0.4328122234375 0.3125 0.434374815625 0.3109375796875 0.434374815625 0.309375159375 0.43593740781249996 0.3078127390625 0.43593740781249996 0.30625031875 0.4375 0.3046872609375 0.4375 0.30156242031249997 0.440625184375 0.3 0.440625184375 0.296875159375 0.44374963125000005 0.2953127390625 0.44374963125000005 0.29375031875 0.4453122234375 0.29218726093749997 0.4453122234375 0.2859375796875 0.45156259218750006 0.284375159375 0.45156259218750006 0.284375159375 0.453125184375 0.2859375796875 0.45468777656250003 0.2875 0.45468777656250003 0.28906242031249996 0.45625036874999997 0.30156242031249997 0.45625036874999997 0.3109375796875 0.465625184375 0.3109375796875 0.4671877765625 0.3140624203125 0.4703122234375 0.3140624203125 0.471874815625 0.3171872609375 0.475 0.3171872609375 0.4765625921875 0.31875031875 0.47812518437499996 0.31875031875 0.484374815625 0.3203127390625 0.48593740781249994 0.3203127390625 0.4875 0.32343757968750003 0.49062518437499997 0.321875159375 0.4921877765625 0.321875159375 0.4953122234375 0.3171872609375 0.5 0.315624840625 0.5 0.3109375796875 0.5046877765625 0.309375159375 0.5046877765625 0.3078127390625 0.50624963125 0.30156242031249997 0.50624963125 0.3 0.5078122234375 0.2984375796875 0.5078122234375 0.296875159375 0.509374815625 0.2953127390625 0.509374815625 0.29375031875 0.5109374078125 0.29218726093749997 0.5109374078125 0.290624840625 0.5125 0.28906242031249996 0.5125 0.2875 0.5140625921875001 0.2875 0.5203122234374999 0.28906242031249996 0.521874815625 0.28906242031249996 0.528125184375 0.290624840625 0.5296877765625 0.290624840625 0.53125036875 0.29218726093749997 0.5328122234375 0.29218726093749997 0.5375 0.29375031875 0.5390625921875001 0.29375031875 0.5453122234375 0.2953127390625 0.5468748156250001 0.2953127390625 0.5484374078124999 0.3 0.553125184375 0.3 0.5546877765625 0.30156242031249997 0.5546877765625 0.30625031875 0.559374815625 0.3078127390625 0.559374815625 0.309375159375 0.5609374078125 0.31875031875 0.5609374078125 0.3203127390625 0.5625 0.325 0.5625 0.3265624203125 0.5640625921875 0.328124840625 0.5640625921875 0.3296872609375 0.565625184375 0.33125031875 0.565625184375 0.33281273906250003 0.5671877765625 0.33593757968750004 0.5671877765625 0.3375 0.56874963125 0.34375031875 0.56874963125 0.34531273906250004 0.5703122234375 0.346875159375 0.56874963125 0.35 0.56874963125 0.35156242031249996 0.5671877765625 0.3578127390625 0.5671877765625 0.359375159375 0.565625184375 0.3609375796875 0.565625184375 0.36406242031249997 0.5625 0.365624840625 0.5625 0.3671872609375 0.5609374078125 0.36875031875 0.5609374078125 0.3703127390625 0.559374815625 0.371875159375 0.559374815625 0.375 0.55625036875 0.3765624203125 0.55625036875 0.378124840625 0.5546877765625 0.3828127390625 0.5546877765625 0.384375159375 0.553125184375 0.384375159375 0.5515625921875 0.38593757968750003 0.55 0.38593757968750003 0.540625184375 0.3875 0.5390625921875001 0.3875 0.5375 0.3890624203125 0.5359374078125 0.3890624203125 0.534374815625 0.390624840625 0.5328122234375 0.390624840625 0.5296877765625 0.3921872609375 0.528125184375 0.3921872609375 0.5203122234374999 0.39375031875 0.5187503687499999 0.39375031875 0.5171877765625 0.39843757968750004 0.5125 0.39843757968750004 0.5109374078125 0.4 0.509374815625 0.4 0.5078122234375 0.403124840625 0.5046877765625 0.403124840625 0.4640625921875 0.4 0.4609374078125 0.4 0.453125184375 0.396875159375 0.45 0.39531273906250003 0.45 0.3921872609375 0.44687481562500003 0.3921872609375 0.4453122234375 0.390624840625 0.44374963125000005 0.3875 0.44374963125000005 0.38593757968750003 0.4421877765625 0.384375159375 0.4421877765625 0.3796872609375 0.4375 0.3765624203125 0.4375 0.3703127390625 0.43125036874999995 0.36406242031249997 0.43125036874999995 0.3578127390625 0.425 0.3375 0.425 0.33593757968750004 0.42656259218750003 0.33281273906250003 0.42656259218750003 0.33125031875 0.42812518437499997 0.3296872609375 0.42812518437499997
25 0.43437515937500004 0.41875036874999993 0.42812484062499995 0.425 0.4265624203125 0.425 0.425 0.42656259218750003 0.425 0.42812518437499997 0.42187515937500003 0.43125036874999995 0.4203127390625 0.43125036874999995 0.41875031875 0.4328122234375 0.41875031875 0.434374815625 0.41718726093749997 0.43593740781249996 0.41718726093749997 0.4375 0.41562484062499994 0.43906259218750004 0.41562484062499994 0.44843740781249997 0.41718726093749997 0.44843740781249997 0.4203127390625 0.45156259218750006 0.42343757968749995 0.45156259218750006 0.425 0.45 0.4265624203125 0.45 0.42812484062499995 0.44843740781249997 0.43437515937500004 0.44843740781249997 0.44062484062499996 0.4421877765625 0.4453127390625 0.4421877765625 0.45156242031250005 0.43593740781249996 0.45312484062499997 0.43593740781249996 0.4546872609375 0.434374815625 0.4546872609375 0.4328122234375 0.45781273906250003 0.4296877765625 0.45937515937500006 0.4296877765625 0.4609375796875 0.42812518437499997 0.4609375796875 0.42656259218750003 0.4640624203125 0.42343740781249994 0.46718726093749996 0.42343740781249994 0.46875031875 0.421874815625 0.46875031875 0.4109374078125 0.45 0.4109374078125 0.4484375796875 0.4125 0.4453127390625 0.4125 0.43906242031250003 0.41875036874999993 0.43437515937500004 0.41875036874999993
26 0.64375031875 0.1390625921875 0.64375031875 0.140625184375 0.6453127390625 0.14218777656249998 0.6468751593750001 0.14218777656249998 0.6515624203125 0.146874815625 0.653124840625 0.146874815625 0.6546872609375 0.1484374078125 0.659375159375 0.1484374078125 0.6625 0.15156259218749998 0.6625 0.153125184375 0.6640624203125001 0.1546877765625 0.6656248406249999 0.1546877765625 0.66875031875 0.1578122234375 0.66875031875 0.159374815625 0.6703127390625 0.16093740781250002 0.6765624203125 0.16093740781250002 0.6828127390625001 0.1671877765625 0.69375031875 0.1671877765625 0.69375031875 0.15156259218749998 0.6921872609374999 0.15 0.6921872609374999 0.1484374078125 0.6890624203125 0.1453122234375 0.6875 0.1453122234375 0.6859375796875 0.14375036875 0.6828127390625001 0.14375036875 0.6765624203125 0.1375 0.6734375796875 0.1375 0.6718751593750001 0.13593740781250002 0.6703127390625 0.13593740781250002 0.6609375796875 0.1265625921875 0.6406248406249999 0.1265625921875 0.6406248406249999 0.134374815625 0.6421872609375 0.13593740781250002 0.6421872609375 0.1375 0.64375031875 0.1390625921875
25 0.6375 0.7062503687499999 0.6390624203125 0.7062503687499999 0.64375031875 0.7109374078124999 0.6453127390625 0.7109374078124999 0.6578127390625 0.7234374078125 0.659375159375 0.7234374078125 0.6609375796875 0.725 0.6625 0.725 0.6656248406249999 0.728125184375 0.6718751593750001 0.728125184375 0.6718751593750001 0.7046877765625 0.6703127390625 0.7046877765625 0.6656248406249999 0.7 0.6640624203125001 0.7 0.6609375796875 0.696874815625 0.6609375796875 0.6953122234375 0.659375159375 0.69375036875 0.6578127390625 0.69375036875 0.65625031875 0.6921877765625 0.6546872609375 0.6921877765625 0.65 0.6875 0.63125031875 0.6875 0.63125031875 0.7015625921875001 0.634375159375 0.7046877765625 0.6359375796875 0.7046877765625 0.6375 0.7062503687499999
28 0.35625031875 0.7078122234374999 0.35625031875 0.709374815625 0.3578127390625 0.7109374078124999 0.3609375796875 0.7109374078124999 0.3625 0.7125 0.36406242031249997 0.7125 0.36875031875 0.7171877765625 0.371875159375 0.7171877765625 0.375 0.7203122234375 0.375 0.721874815625 0.3765624203125 0.7234374078125 0.38593757968750003 0.7234374078125 0.3875 0.721874815625 0.3875 0.709374815625 0.38593757968750003 0.7078122234374999 0.38593757968750003 0.7062503687499999 0.38125031875 0.7015625921875001 0.3796872609375 0.7015625921875001 0.378124840625 0.7 0.3765624203125 0.7 0.3734375796875 0.696874815625 0.3734375796875 0.6953122234375 0.371875159375 0.69375036875 0.36875031875 0.69375036875 0.36406242031249997 0.6890625921875 0.3625 0.6890625921875 0.3609375796875 0.6875 0.34375031875 0.6875 0.34375031875 0.696874815625 0.35156242031249996 0.7046877765625 0.353124840625 0.7046877765625 0.35625031875 0.7078122234374999
26 0.575 0.284374815625 0.5828127390625 0.2921877765625 0.5843751593750001 0.2921877765625 0.590624840625 0.2984374078125 0.5953127390625 0.2984374078125 0.6015624203125001 0.3046877765625 0.6031248406249999 0.3046877765625 0.6078127390625 0.309374815625 0.6171872609375 0.309374815625 0.61875031875 0.3078122234375 0.61875031875 0.30625036875 0.6203127390625001 0.3046877765625 0.6203127390625001 0.29531222343749997 0.61875031875 0.29375036875 0.61875031875 0.2921877765625 0.6171872609375 0.29062518437499996 0.6171872609375 0.2875 0.6125 0.2828122234375 0.6109375796875 0.2828122234375 0.6093751593750001 0.28125036875 0.6078127390625 0.28125036875 0.6046872609375 0.278125184375 0.6046872609375 0.2765625921875 0.6031248406249999 0.2765625921875 0.6015624203125001 0.275 0.6 0.275 0.5953127390625 0.2703122234375 0.5703127390625 0.2703122234375 0.5703127390625 0.2796877765625 0.571875159375 0.2796877765625 0.575 0.2828122234375 0.575 0.284374815625
6 0.390624840625 0.29062518437499996 0.3890624203125 0.2921877765625 0.3875 0.2921877765625 0.384375159375 0.29531222343749997 0.3828127390625 0.29531222343749997 0.3796872609375 0.2984374078125 0.378124840625 0.2984374078125 0.3765624203125 0.3 0.375 0.3 0.371875159375 0.30312518437499997 0.3703127390625 0.30312518437499997 0.36875031875 0.3046877765625 0.3671872609375 0.3046877765625 0.365624840625 0.30625036875 0.3625 0.30625036875 0.3609375796875 0.3078122234375 0.359375159375 0.3078122234375 0.353124840625 0.3140625921875 0.35156242031249996 0.3140625921875 0.35156242031249996 0.315625184375 0.35 0.3171877765625 0.35 0.3203122234375 0.3484375796875 0.32187481562500003 0.3484375796875 0.325 0.346875159375 0.3265625921875 0.346875159375 0.3625 0.3484375796875 0.3640625921875 0.3484375796875 0.36562518437499997 0.35 0.3671877765625 0.35 0.3703122234375 0.35625031875 0.3765625921875 0.35625031875 0.378125184375 0.3625 0.38437481562500003 0.3625 0.39218777656250003 0.36406242031249997 0.39375036875 0.36406242031249997 0.3953122234375 0.365624840625 0.39687481562500004 0.365624840625 0.4 0.3671872609375 0.4015625921875 0.3671872609375 0.4046877765625 0.36875031875 0.40625036875 0.36875031875 0.409374815625 0.3703127390625 0.4109374078125 0.371875159375 0.4109374078125 0.3765624203125 0.41562518437499996 0.378124840625 0.41562518437499996 0.3796872609375 0.4171877765625 0.38125031875 0.4171877765625 0.3828127390625 0.41875036874999993 0.384375159375 0.41875036874999993 0.3875 0.421874815625 0.3890624203125 0.421874815625 0.390624840625 0.42343740781249994 0.3921872609375 0.42343740781249994 0.39375031875 0.425 0.39531273906250003 0.425 0.39843757968750004 0.42812518437499997 0.4 0.42812518437499997 0.4015624203125 0.4296877765625 0.40625031875 0.4296877765625 0.40781273906250004 0.43125036874999995 0.4140624203125 0.43125036874999995 0.41562484062499994 0.4296877765625 0.4203127390625 0.4296877765625 0.42187515937500003 0.42812518437499997 0.42343757968749995 0.42812518437499997 0.4265624203125 0.425 0.42812484062499995 0.425 0.4296872609375 0.42343740781249994 0.43125031875 0.42343740781249994 0.4328127390625 0.421874815625 0.43437515937500004 0.421874815625 0.43906242031250003 0.4171877765625 0.4421872609375 0.4171877765625 0.44375031875 0.41562518437499996 0.4453127390625 0.41562518437499996 0.45 0.4109374078125 0.45156242031250005 0.4109374078125 0.4546872609375 0.4078122234375 0.4546872609375 0.4046877765625 0.45625031875 0.403125184375 0.45625031875 0.4015625921875 0.45937515937500006 0.39843740781250003 0.45937515937500006 0.39687481562500004 0.4609375796875 0.3953122234375 0.4609375796875 0.3890625921875 0.4625 0.3875 0.4625 0.3859374078125 0.465624840625 0.3828122234375 0.465624840625 0.38124963125 0.46718726093749996 0.3796877765625 0.46718726093749996 0.375 0.46875031875 0.3734374078125 0.46875031875 0.3703122234375 0.471875159375 0.3671877765625 0.471875159375 0.32187481562500003 0.46718726093749996 0.3171877765625 0.46718726093749996 0.309374815625 0.465624840625 0.3078122234375 0.465624840625 0.30625036875 0.4640624203125 0.30625036875 0.4609375796875 0.30312518437499997 0.4609375796875 0.3015625921875 0.45937515937500006 0.3015625921875 0.45781273906250003 0.3 0.45156242031250005 0.3 0.44687515937500005 0.29531222343749997 0.4453127390625 0.29531222343749997 0.44375031875 0.29375036875 0.43906242031250003 0.29375036875 0.4375 0.2921877765625 0.43593757968749997 0.2921877765625 0.43437515937500004 0.29062518437499996 0.42343757968749995 0.29062518437499996 0.4203127390625 0.2875 0.4203127390625 0.2859374078125 0.41875031875 0.284374815625 0.41875031875 0.2828122234375 0.41718726093749997 0.2828122234375 0.41562484062499994 0.28125036875 0.39843757968750004 0.28125036875 0.39531273906250003 0.284374815625 0.39531273906250003 0.2875 0.3921872609375 0.29062518437499996 0.390624840625 0.29062518437499996
25 0.36406242031249997 0.4296877765625 0.365624840625 0.4296877765625 0.36875031875 0.4328122234375 0.36875031875 0.434374815625 0.3703127390625 0.43593740781249996 0.378124840625 0.43593740781249996 0.38125031875 0.43906259218750004 0.38125031875 0.440625184375 0.3828127390625 0.4421877765625 0.384375159375 0.4421877765625 0.3875 0.4453122234375 0.3875 0.44687481562500003 0.3890624203125 0.44843740781249997 0.3921872609375 0.44843740781249997 0.39375031875 0.45 0.39531273906250003 0.45 0.396875159375 0.45156259218750006 0.40468726093749996 0.45156259218750006 0.40781273906250004 0.44843740781249997 0.409375159375 0.44843740781249997 0.409375159375 0.4375 0.403124840625 0.43125036874999995 0.39843757968750004 0.43125036874999995 0.396875159375 0.4296877765625 0.39531273906250003 0.4296877765625 0.390624840625 0.425 0.3890624203125 0.425 0.38593757968750003 0.421874815625 0.38593757968750003 0.42031222343749997 0.384375159375 0.41875036874999993 0.3828127390625 0.41875036874999993 0.3765624203125 0.4125 0.35625031875 0.4125 0.35625031875 0.41875036874999993 0.3625 0.425 0.3625 0.42812518437499997 0.36406242031249997 0.4296877765625
28 0.2765624203125 0.8468748156249999 0.278124840625 0.8468748156249999 0.27968726093749996 0.8484374078125001 0.28281273906250004 0.8484374078125001 0.28906242031249996 0.8546877765625001 0.290624840625 0.8546877765625001 0.29375031875 0.8578122234375 0.29375031875 0.859374815625 0.2953127390625 0.8609374078125 0.3 0.8609374078125 0.30156242031249997 0.8625 0.303124840625 0.8625 0.3078127390625 0.8671877765625 0.309375159375 0.8671877765625 0.3125 0.8703122234375 0.3171872609375 0.8703122234375 0.3171872609375 0.8515625921875 0.315624840625 0.85 0.315624840625 0.8484374078125001 0.3140624203125 0.8484374078125001 0.309375159375 0.84375036875 0.3078127390625 0.84375036875 0.3046872609375 0.8406251843750001 0.3046872609375 0.8390625921874999 0.303124840625 0.8375 0.30156242031249997 0.8375 0.2953127390625 0.8312503687499999 0.29218726093749997 0.8312503687499999 0.290624840625 0.8296877765625 0.271875159375 0.8296877765625 0.271875159375 0.84375036875 0.27343757968750004 0.8453122234375 0.275 0.8453122234375 0.2765624203125 0.8468748156249999
28 0.3765624203125 0.8375 0.375 0.8390625921874999 0.375 0.8406251843750001 0.371875159375 0.84375036875 0.3703127390625 0.84375036875 0.36875031875 0.8453122234375 0.36875031875 0.8468748156249999 0.365624840625 0.85 0.36406242031249997 0.85 0.36406242031249997 0.8734374078125 0.3703127390625 0.8734374078125 0.3765624203125 0.8671877765625 0.378124840625 0.8671877765625 0.390624840625 0.8546877765625001 0.396875159375 0.8546877765625001 0.39843757968750004 0.8531251843750001 0.39843757968750004 0.8515625921875 0.4015624203125 0.8484374078125001 0.403124840625 0.8484374078125001 0.40468726093749996 0.8468748156249999 0.40468726093749996 0.8453122234375 0.40781273906250004 0.8421877765625 0.40781273906250004 0.8296877765625 0.396875159375 0.8296877765625 0.39531273906250003 0.8312503687499999 0.3890624203125 0.8312503687499999 0.3828127390625 0.8375 0.3765624203125 0.8375
26 0.5765624203125 0.1375 0.5703127390625 0.1375 0.56875031875 0.1390625921875 0.56875031875 0.140625184375 0.565624840625 0.14375036875 0.5640624203125 0.14375036875 0.5625 0.1453122234375 0.5625 0.15156259218749998 0.559375159375 0.1546877765625 0.559375159375 0.165625184375 0.5609375796875 0.165625184375 0.5625 0.1671877765625 0.5703127390625 0.1671877765625 0.571875159375 0.165625184375 0.5734375796875 0.165625184375 0.5734375796875 0.1640625921875 0.575 0.1625 0.5765624203125 0.1625 0.5781248406249999 0.16093740781250002 0.5796872609375 0.16093740781250002 0.58125031875 0.159374815625 0.5828127390625 0.159374815625 0.5859375796874999 0.15625036875 0.5875 0.15625036875 0.5890624203125 0.1546877765625 0.590624840625 0.1546877765625 0.5921872609375 0.153125184375 0.5921872609375 0.15156259218749998 0.5953127390625 0.1484374078125 0.6 0.1484374078125 0.6015624203125001 0.146874815625 0.6031248406249999 0.146874815625 0.6046872609375 0.1453122234375 0.6046872609375 0.14375036875 0.60625031875 0.14218777656249998 0.6078127390625 0.14218777656249998 0.6109375796875 0.1390625921875 0.6109375796875 0.1265625921875 0.5875 0.1265625921875 0.5875 0.128125184375 0.5859375796874999 0.1296877765625 0.5843751593750001 0.1296877765625 0.5765624203125 0.1375
11 0.721875159375 0.4171877765625 0.7234375796875 0.41562518437499996 0.7234375796875 0.3765625921875 0.725 0.375 0.725 0.3625 0.7234375796875 0.3609374078125 0.7234375796875 0.35781222343749997 0.721875159375 0.35625036875 0.6718751593750001 0.35625036875 0.6718751593750001 0.41562518437499996 0.6734375796875 0.41562518437499996 0.675 0.4171877765625 0.721875159375 0.4171877765625
26 0.575 0.571874815625 0.5765624203125 0.5734374078125 0.5781248406249999 0.5734374078125 0.5796872609375 0.575 0.58125031875 0.575 0.5859375796874999 0.5796877765625 0.5890624203125 0.5796877765625 0.5953127390625 0.5859374078124999 0.596875159375 0.5859374078124999 0.6031248406249999 0.5921877765625 0.6171872609375 0.5921877765625 0.6171872609375 0.5703122234375 0.615624840625 0.56874963125 0.6140624203125 0.56874963125 0.6078127390625 0.5625 0.6031248406249999 0.5625 0.6015624203125001 0.5609374078125 0.6 0.5609374078125 0.5984375796875 0.559374815625 0.5984375796875 0.5578122234375 0.596875159375 0.55625036875 0.5703127390625 0.55625036875 0.5703127390625 0.5671877765625 0.571875159375 0.5671877765625 0.575 0.5703122234375 0.575 0.571874815625
27 0.225 0.4328122234375 0.225 0.434374815625 0.22656242031249998 0.43593740781249996 0.228124840625 0.43593740781249996 0.234375159375 0.4421877765625 0.240624840625 0.4421877765625 0.24375031875 0.4453122234375 0.24375031875 0.44687481562500003 0.2453127390625 0.44843740781249997 0.2515624203125 0.44843740781249997 0.25625031875 0.453125184375 0.2640624203125 0.453125184375 0.2640624203125 0.4375 0.26093757968750003 0.434374815625 0.26093757968750003 0.4328122234375 0.259375159375 0.43125036874999995 0.2578127390625 0.43125036874999995 0.25625031875 0.4296877765625 0.2546872609375 0.4296877765625 0.253124840625 0.42812518437499997 0.253124840625 0.42656259218750003 0.2515624203125 0.42656259218750003 0.25 0.425 0.246875159375 0.425 0.240624840625 0.41875036874999993 0.23906242031249997 0.41875036874999993 0.23281273906250002 0.4125 0.215624840625 0.4125 0.215624840625 0.425 0.221875159375 0.43125036874999995 0.22343757968750003 0.43125036874999995 0.225 0.4328122234375
27 0.29375031875 0.5703122234375 0.29375031875 0.571874815625 0.2953127390625 0.5734374078125 0.296875159375 0.5734374078125 0.303124840625 0.5796877765625 0.3046872609375 0.5796877765625 0.309375159375 0.584374815625 0.3109375796875 0.584374815625 0.3125 0.5859374078124999 0.315624840625 0.5859374078124999 0.31875031875 0.5890625921875 0.31875031875 0.590625184375 0.3203127390625 0.5921877765625 0.33281273906250003 0.5921877765625 0.33281273906250003 0.575 0.3296872609375 0.571874815625 0.3296872609375 0.5703122234375 0.328124840625 0.56874963125 0.3265624203125 0.56874963125 0.3203127390625 0.5625 0.315624840625 0.5625 0.3140624203125 0.5609374078125 0.3125 0.5609374078125 0.3109375796875 0.559374815625 0.3109375796875 0.5578122234375 0.309375159375 0.5578122234375 0.30625031875 0.5546877765625 0.284375159375 0.5546877765625 0.284375159375 0.5625 0.28906242031249996 0.5671877765625 0.290624840625 0.5671877765625 0.29375031875 0.5703122234375
27 0.29375031875 0.42031222343749997 0.29375031875 0.421874815625 0.290624840625 0.425 0.28906242031249996 0.425 0.28281273906250004 0.43125036874999995 0.278124840625 0.43125036874999995 0.275 0.434374815625 0.275 0.45156259218750006 0.28125031875 0.45156259218750006 0.28281273906250004 0.45 0.284375159375 0.45 0.2859375796875 0.44843740781249997 0.290624840625 0.44843740781249997 0.29218726093749997 0.44687481562500003 0.29218726093749997 0.4453122234375 0.2953127390625 0.4421877765625 0.296875159375 0.4421877765625 0.303124840625 0.43593740781249996 0.309375159375 0.43593740781249996 0.3109375796875 0.434374815625 0.3109375796875 0.4328122234375 0.3140624203125 0.4296877765625 0.315624840625 0.4296877765625 0.3171872609375 0.42812518437499997 0.3171872609375 0.42656259218750003 0.32343757968750003 0.42031222343749997 0.32343757968750003 0.4140625921875 0.3 0.4140625921875 0.296875159375 0.4171877765625 0.2953127390625 0.4171877765625 0.2953127390625 0.41875036874999993 0.29375031875 0.42031222343749997
10 0.682675159375 0.7 0.6858 0.7 0.6873624203124999 0.6984374078125 0.6904872609375 0.6984374078125 0.69204968125 0.696874815625 0.6982999999999999 0.696874815625 0.6998624203125 0.6984374078125 0.7029872609375001 0.6984374078125 0.707675159375 0.7031251843749999 0.7092375796875 0.7031251843749999 0.7108 0.7046877765625 0.7154872609375 0.7046877765625 0.71704968125 0.7031251843749999 0.7186127390625 0.7031251843749999 0.7217375796875001 0.7 0.7217375796875001 0.6984374078125 0.7232999999999999 0.696874815625 0.7232999999999999 0.6453122234374999 0.7186127390625 0.6406251843749999 0.6717375796875 0.6406251843749999 0.6717375796875 0.6984374078125 0.676424840625 0.7031251843749999 0.6795496812499999 0.7031251843749999 0.682675159375 0.7
28 0.30156242031249997 0.7 0.2953127390625 0.7062503687499999 0.29375031875 0.7062503687499999 0.29375031875 0.728125184375 0.2984375796875 0.728125184375 0.303124840625 0.7234374078125 0.3078127390625 0.7234374078125 0.3140624203125 0.7171877765625 0.315624840625 0.7171877765625 0.3171872609375 0.715625184375 0.31875031875 0.715625184375 0.31875031875 0.7140625921875 0.3203127390625 0.7125 0.321875159375 0.7125 0.32343757968750003 0.7109374078124999 0.3265624203125 0.7109374078124999 0.33281273906250003 0.7046877765625 0.334375159375 0.7046877765625 0.33593757968750004 0.7031251843749999 0.33593757968750004 0.690625184375 0.3171872609375 0.690625184375 0.3140624203125 0.69375036875 0.309375159375 0.69375036875 0.303124840625 0.7 0.30156242031249997 0.7
12 0.6515624203125 0.5546877765625 0.6515624203125 0.5 0.65 0.5 0.6468751593750001 0.496874815625 0.6015624203125001 0.496874815625 0.6015624203125001 0.559374815625 0.6484375796874999 0.559374815625 0.6484375796874999 0.5578122234375 0.6515624203125 0.5546877765625
27 0.6515624203125 0.275 0.65 0.2765625921875 0.65 0.278125184375 0.6468751593750001 0.28125036875 0.6453127390625 0.28125036875 0.6390624203125 0.2875 0.6375 0.2875 0.6328127390625 0.2921877765625 0.6328127390625 0.29375036875 0.63125031875 0.29531222343749997 0.63125031875 0.3078122234375 0.6390624203125 0.3078122234375 0.6406248406249999 0.30625036875 0.6421872609375 0.30625036875 0.64375031875 0.3046877765625 0.6468751593750001 0.3046877765625 0.6484375796874999 0.30312518437499997 0.65 0.30312518437499997 0.653124840625 0.3 0.6546872609375 0.3 0.65625031875 0.2984374078125 0.659375159375 0.2984374078125 0.6609375796875 0.296874815625 0.6609375796875 0.29531222343749997 0.6640624203125001 0.2921877765625 0.6656248406249999 0.2921877765625 0.6718751593750001 0.2859374078125 0.6765624203125 0.2859374078125 0.6796872609375 0.2828122234375 0.6796872609375 0.27187481562500004 0.6609375796875 0.27187481562500004 0.659375159375 0.27343740781250003 0.6578127390625 0.27343740781250003 0.65625031875 0.275 0.6515624203125 0.275
33 0.6796872609375 0.24687481562500002 0.678124840625 0.2484374078125 0.678124840625 0.25 0.6765624203125 0.2515625921875 0.6765624203125 0.27343740781250003 0.678124840625 0.27343740781250003 0.6828127390625001 0.278125184375 0.7078127390625 0.278125184375 0.7125 0.27343740781250003 0.7125 0.27187481562500004 0.715624840625 0.26874963125 0.715624840625 0.26718777656250003 0.7171872609375 0.265625184375 0.7171872609375 0.23906259218749998 0.7031248406249999 0.225 0.6890624203125 0.225 0.68125031875 0.2328122234375 0.68125031875 0.23906259218749998 0.6796872609375 0.24062518437499997 0.6796872609375 0.24687481562500002
25 0.47968726093749997 0.3109374078125 0.47968726093749997 0.36562518437499997 0.4890624203125 0.36562518437499997 0.4890624203125 0.3109374078125 0.47968726093749997 0.3109374078125
31 0.39531273906250003 0.5140625921875001 0.39531273906250003 0.5156251843749999 0.39375031875 0.5171877765625 0.39375031875 0.5328122234375 0.3921872609375 0.534374815625 0.3921872609375 0.5375 0.390624840625 0.5390625921875001 0.390624840625 0.5546877765625 0.396875159375 0.5609374078125 0.425 0.5609374078125 0.4265624203125 0.559374815625 0.42812484062499995 0.559374815625 0.42812484062499995 0.5578122234375 0.4296872609375 0.55625036875 0.4296872609375 0.5187503687499999 0.4203127390625 0.509374815625 0.403124840625 0.509374815625 0.4015624203125 0.5109374078125 0.4 0.5109374078125 0.396875159375 0.5140625921875001 0.39531273906250003 0.5140625921875001
26 0.5015624203125 0.14218777656249998 0.503124840625 0.14218777656249998 0.50625031875 0.1453122234375 0.50625031875 0.146874815625 0.5078127390625 0.1484374078125 0.5109375796875 0.1484374078125 0.5125 0.15 0.5140624203125 0.15 0.51875031875 0.1546877765625 0.5218751593750001 0.1546877765625 0.525 0.1578122234375 0.525 0.159374815625 0.5265624203125 0.16093740781250002 0.53125031875 0.16093740781250002 0.5328127390625 0.1625 0.534375159375 0.1625 0.5390624203125001 0.1671877765625 0.5468751593750001 0.1671877765625 0.5484375796875 0.165625184375 0.5484375796875 0.1625 0.55 0.16093740781250002 0.55 0.1578122234375 0.5484375796875 0.15625036875 0.5484375796875 0.146874815625 0.5453127390625 0.14375036875 0.5406248406249999 0.14375036875 0.534375159375 0.1375 0.5328127390625 0.1375 0.53125031875 0.13593740781250002 0.5296872609375 0.13593740781250002 0.528124840625 0.134374815625 0.528124840625 0.13281222343750002 0.5265624203125 0.13281222343750002 0.525 0.13125036875 0.5234375796874999 0.13125036875 0.51875031875 0.1265625921875 0.5171872609375 0.1265625921875 0.5156248406249999 0.125 0.5140624203125 0.125 0.5109375796875 0.121874815625 0.5109375796875 0.1203122234375 0.509375159375 0.11874963125 0.4890624203125 0.11874963125 0.4890624203125 0.13125036875 0.49375031875 0.13593740781250002 0.4953127390625 0.13593740781250002 0.5015624203125 0.14218777656249998
15 0.60625031875 0.275 0.6125 0.275 0.6140624203125 0.27343740781250003 0.6390624203125 0.27343740781250003 0.6406248406249999 0.275 0.6484375796874999 0.275 0.65 0.27343740781250003 0.6515624203125 0.27343740781250003 0.6515624203125 0.21718777656250002 0.65 0.21562518437499997 0.65 0.21406259218749998 0.6484375796874999 0.21406259218749998 0.6468751593750001 0.2125 0.6015624203125001 0.2125 0.6 0.21406259218749998 0.6 0.27343740781250003 0.6046872609375 0.27343740781250003 0.60625031875 0.275
26 0.5484375796875 0.16875036875 0.5484375796875 0.22343740781250002 0.559375159375 0.22343740781250002 0.559375159375 0.16875036875 0.5484375796875 0.16875036875
13 0.6109375796875 0.8421877765625 0.61875031875 0.8421877765625 0.6203127390625001 0.84375036875 0.6234375796875 0.84375036875 0.625 0.8421877765625 0.6515624203125 0.8421877765625 0.653124840625 0.8406251843750001 0.653124840625 0.7875 0.6515624203125 0.7875 0.6468751593750001 0.7828122234375 0.6015624203125001 0.7828122234375 0.6015624203125001 0.8421877765625 0.6078127390625 0.8421877765625 0.6093751593750001 0.84375036875 0.6109375796875 0.8421877765625
14 0.74375031875 0.559374815625 0.7453127390625001 0.5609374078125 0.7890624203125001 0.5609374078125 0.7921872609375 0.5578122234375 0.7921872609375 0.5296877765625 0.79375031875 0.528125184375 0.79375031875 0.5015625921875 0.7921872609375 0.5 0.7921872609375 0.496874815625 0.746875159375 0.496874815625 0.7421872609375 0.5015625921875 0.7421872609375 0.5515625921875 0.74375031875 0.553125184375 0.74375031875 0.559374815625
25 0.41718726093749997 0.165625184375 0.40781273906250004 0.165625184375 0.40781273906250004 0.22343740781250002 0.41562484062499994 0.22343740781250002 0.41718726093749997 0.22187481562500003 0.41718726093749997 0.165625184375
33 0.1828127390625 0.3734374078125 0.18125031875 0.375 0.18125031875 0.378125184375 0.1796872609375 0.3796877765625 0.1796872609375 0.4140625921875 0.1828127390625 0.4171877765625 0.19375031874999998 0.4171877765625 0.1953127390625 0.41875036874999993 0.2 0.41875036874999993 0.2015624203125 0.42031222343749997 0.209375159375 0.42031222343749997 0.21093757968750002 0.41875036874999993 0.2125 0.41875036874999993 0.21406242031249997 0.4171877765625 0.215624840625 0.4171877765625 0.2171872609375 0.41562518437499996 0.2171872609375 0.4125 0.21875031875 0.4109374078125 0.21875031875 0.39843740781250003 0.2171872609375 0.39687481562500004 0.2171872609375 0.3828122234375 0.20468726093749998 0.3703122234375 0.20468726093749998 0.36875036875 0.1875 0.36875036875 0.1859375796875 0.3703122234375 0.184375159375 0.3703122234375 0.1828127390625 0.371874815625 0.1828127390625 0.3734374078125
32 0.5359375796875 0.24062518437499997 0.5359375796875 0.27343740781250003 0.55625031875 0.27343740781250003 0.5578127390625001 0.275 0.5671872609374999 0.275 0.56875031875 0.27343740781250003 0.571875159375 0.27343740781250003 0.5734375796875 0.27187481562500004 0.5734375796875 0.23906259218749998 0.5640624203125 0.2296877765625 0.5625 0.2296877765625 0.5609375796875 0.22812518437499998 0.5609375796875 0.225 0.54375031875 0.225 0.54375031875 0.2265625921875 0.5375 0.2328122234375 0.5375 0.23906259218749998 0.5359375796875 0.24062518437499997
25 0.5921872609375 0.6953122234375 0.5921872609375 0.696874815625 0.590624840625 0.6984374078125 0.5890624203125 0.6984374078125 0.5875 0.7 0.5859375796874999 0.7 0.5843751593750001 0.7015625921875001 0.5828127390625 0.7015625921875001 0.5796872609375 0.7046877765625 0.5796872609375 0.7296877765625001 0.5859375796874999 0.7296877765625001 0.5859375796874999 0.728125184375 0.590624840625 0.7234374078125 0.5921872609375 0.7234374078125 0.59375031875 0.721874815625 0.5953127390625 0.721874815625 0.6 0.7171877765625 0.6015624203125001 0.7171877765625 0.6078127390625 0.7109374078124999 0.6093751593750001 0.7109374078124999 0.6140624203125 0.7062503687499999 0.615624840625 0.7062503687499999 0.6171872609375 0.7046877765625 0.6171872609375 0.7031251843749999 0.621875159375 0.6984374078125 0.621875159375 0.690625184375 0.6 0.690625184375 0.596875159375 0.69375036875 0.5953127390625 0.69375036875 0.59375031875 0.6953122234375 0.5921872609375 0.6953122234375
31 0.39843757968750004 0.22812518437499998 0.396875159375 0.2296877765625 0.39531273906250003 0.2296877765625 0.39531273906250003 0.23125036875 0.39375031875 0.2328122234375 0.39375031875 0.24531222343749998 0.3921872609375 0.24687481562500002 0.3921872609375 0.2484374078125 0.390624840625 0.25 0.390624840625 0.26874963125 0.39531273906250003 0.27343740781250003 0.42812484062499995 0.27343740781250003 0.4296872609375 0.27187481562500004 0.4296872609375 0.2328122234375 0.42187515937500003 0.225 0.4203127390625 0.225 0.41718726093749997 0.22187481562500003 0.40468726093749996 0.22187481562500003 0.4015624203125 0.225 0.4 0.225 0.39843757968750004 0.2265625921875 0.39843757968750004 0.22812518437499998
33 0.32343757968750003 0.378125184375 0.32343757968750003 0.3796877765625 0.3203127390625 0.3828122234375 0.3203127390625 0.4125 0.32343757968750003 0.41562518437499996 0.325 0.41562518437499996 0.3265624203125 0.4171877765625 0.34531273906250004 0.4171877765625 0.346875159375 0.41875036874999993 0.353124840625 0.41875036874999993 0.35468726093749997 0.4171877765625 0.35625031875 0.4171877765625 0.359375159375 0.4140625921875 0.359375159375 0.4125 0.3609375796875 0.4109374078125 0.3609375796875 0.3828122234375 0.359375159375 0.38124963125 0.3578127390625 0.38124963125 0.35468726093749997 0.378125184375 0.35468726093749997 0.3765625921875 0.35 0.371874815625 0.35 0.3703122234375 0.346875159375 0.3671877765625 0.33125031875 0.3671877765625 0.33125031875 0.36875036875 0.325 0.375 0.325 0.3765625921875 0.32343757968750003 0.378125184375
9 0.29375031875 0.415460971875 0.29375031875 0.41389837968750004 0.2953127390625 0.4123357875 0.296875159375 0.4123357875 0.296875159375 0.3607731953125 0.29218726093749997 0.35608615625 0.2453127390625 0.35608615625 0.2453127390625 0.4170235640625 0.290624840625 0.4170235640625 0.29218726093749997 0.415460971875 0.29375031875 0.415460971875
28 0.7 0.5046877765625 0.7015624203125 0.503125184375 0.7015624203125 0.453125184375 0.690624840625 0.453125184375 0.690624840625 0.50624963125 0.696875159375 0.50624963125 0.6984375796875 0.5046877765625 0.7 0.5046877765625
14 0.31875031875 0.5609374078125 0.359375159375 0.5609374078125 0.3671872609375 0.553125184375 0.3671872609375 0.5015625921875 0.36406242031249997 0.49843740781249996 0.3171872609375 0.49843740781249996 0.315624840625 0.5 0.315624840625 0.559374815625 0.3171872609375 0.559374815625 0.31875031875 0.5609374078125
15 0.31875031875 0.84375036875 0.31875031875 0.8453122234375 0.321875159375 0.8484374078125001 0.3296872609375 0.8484374078125001 0.33125031875 0.8468748156249999 0.33593757968750004 0.8468748156249999 0.3375 0.8453122234375 0.34218726093749996 0.8453122234375 0.34375031875 0.84375036875 0.3484375796875 0.84375036875 0.35 0.8453122234375 0.353124840625 0.8453122234375 0.35468726093749997 0.8468748156249999 0.359375159375 0.8468748156249999 0.359375159375 0.8453122234375 0.365624840625 0.8390625921874999 0.365624840625 0.8328122234374999 0.3671872609375 0.8312503687499999 0.3671872609375 0.784374815625 0.365624840625 0.7828122234375 0.315624840625 0.7828122234375 0.315624840625 0.8375 0.3171872609375 0.8390625921874999 0.3171872609375 0.8421877765625 0.31875031875 0.84375036875
33 0.6078127390625 0.378125184375 0.60625031875 0.3796877765625 0.60625031875 0.4140625921875 0.6093751593750001 0.4171877765625 0.6406248406249999 0.4171877765625 0.6421872609375 0.41562518437499996 0.6421872609375 0.4140625921875 0.6453127390625 0.4109374078125 0.6453127390625 0.39843740781250003 0.64375031875 0.39687481562500004 0.64375031875 0.39375036875 0.6421872609375 0.39218777656250003 0.6421872609375 0.378125184375 0.6359375796875 0.371874815625 0.6359375796875 0.3703122234375 0.634375159375 0.3703122234375 0.6328127390625 0.36875036875 0.6140624203125 0.36875036875 0.6125 0.3703122234375 0.6125 0.371874815625 0.6078127390625 0.3765625921875 0.6078127390625 0.378125184375
16 0.3671872609375 0.27187481562500004 0.3671872609375 0.21406259218749998 0.365624840625 0.2125 0.3171872609375 0.2125 0.315624840625 0.21406259218749998 0.315624840625 0.27343740781250003 0.365624840625 0.27343740781250003 0.3671872609375 0.27187481562500004
25 0.41718726093749997 0.45156259218750006 0.40781273906250004 0.45156259218750006 0.40781273906250004 0.5046877765625 0.41562484062499994 0.5046877765625 0.41718726093749997 0.503125184375 0.41718726093749997 0.45156259218750006
28 0.27343757968750004 0.7546877765625 0.271875159375 0.753125184375 0.27343757968750004 0.7515625921875 0.2640624203125 0.7515625921875 0.2640624203125 0.8265625921875 0.27031273906250003 0.8265625921875 0.27343757968750004 0.8234374078125001 0.27343757968750004 0.7546877765625
32 0.5375 0.5187503687499999 0.5359375796875 0.5203122234374999 0.5359375796875 0.55625036875 0.5375 0.5578122234375 0.5375 0.559374815625 0.5390624203125001 0.5609374078125 0.565624840625 0.5609374078125 0.5734375796875 0.553125184375 0.5734375796875 0.5203122234374999 0.5671872609374999 0.5140625921875001 0.5671872609374999 0.5125 0.5640624203125 0.509374815625 0.54375031875 0.509374815625 0.5406248406249999 0.5125 0.5390624203125001 0.5125 0.5375 0.5140625921875001 0.5375 0.5187503687499999
8 0.45937515937500006 0.55625036875 0.4625 0.559374815625 0.5046872609374999 0.559374815625 0.509375159375 0.5546877765625 0.509375159375 0.5 0.5078127390625 0.49843740781249996 0.50625031875 0.49843740781249996 0.5046872609374999 0.496874815625 0.45781273906250003 0.496874815625 0.45625031875 0.49843740781249996 0.45625031875 0.5546877765625 0.45781273906250003 0.55625036875 0.45937515937500006 0.55625036875
7 0.4640624203125 0.275 0.465624840625 0.27343740781250003 0.509375159375 0.27343740781250003 0.5109375796875 0.27187481562500004 0.5109375796875 0.21562518437499997 0.5078127390625 0.2125 0.45781273906250003 0.2125 0.45625031875 0.21406259218749998 0.45625031875 0.27343740781250003 0.45781273906250003 0.275 0.4640624203125 0.275
12 0.2625 0.7 0.2640624203125 0.6984374078125 0.271875159375 0.6984374078125 0.27343757968750004 0.7 0.275 0.7 0.2765624203125 0.7015625921875001 0.278124840625 0.7015625921875001 0.27968726093749996 0.7031251843749999 0.290624840625 0.7031251843749999 0.29218726093749997 0.7015625921875001 0.29218726093749997 0.7 0.2953127390625 0.696874815625 0.296875159375 0.696874815625 0.296875159375 0.6453122234374999 0.29218726093749997 0.6406251843749999 0.2453127390625 0.6406251843749999 0.2453127390625 0.7031251843749999 0.2578127390625 0.7031251843749999 0.26093757968750003 0.7 0.2625 0.7
7 0.509375159375 0.784374815625 0.5078127390625 0.7828122234375 0.45937515937500006 0.7828122234375 0.45937515937500006 0.8421877765625 0.5078127390625 0.8421877765625 0.509375159375 0.8406251843750001 0.509375159375 0.784374815625
16 0.5348426749999999 0.7016016203125 0.5426554140625 0.7016016203125 0.544217834375 0.7000397640625 0.559842675 0.7000397640625 0.5645305734375 0.7047268046874999 0.5770305734375001 0.7047268046874999 0.57859299375 0.7031642125 0.57859299375 0.7016016203125 0.5801554140625 0.7000397640625 0.5801554140625 0.643789396875 0.57859299375 0.6422268046874999 0.531717834375 0.6422268046874999 0.52859299375 0.6453519875 0.52859299375 0.7000397640625 0.5332802546875001 0.7000397640625 0.5348426749999999 0.7016016203125
11 0.3876420375 0.68125036875 0.3860796171875 0.6828122234375 0.3860796171875 0.69375036875 0.3876420375 0.6953122234375 0.3876420375 0.7015625921875001 0.38920445937500003 0.7031251843749999 0.3985796171875 0.7031251843749999 0.401704459375 0.7 0.40326751562499996 0.7 0.4048299359375 0.6984374078125 0.422017196875 0.6984374078125 0.42670445937499996 0.7031251843749999 0.4329547765625 0.7031251843749999 0.434517196875 0.7015625921875001 0.434517196875 0.7 0.4360796171875 0.6984374078125 0.4360796171875 0.6828122234375 0.4376420375 0.68125036875 0.4376420375 0.6546877765625 0.43920445937499997 0.653125184375 0.43920445937499997 0.6515625921875 0.4376420375 0.65 0.4376420375 0.6453122234374999 0.4360796171875 0.6437503687499999 0.4360796171875 0.6421877765625 0.434517196875 0.6406251843749999 0.38920445937500003 0.6406251843749999 0.3860796171875 0.6437503687499999 0.3860796171875 0.6765625921875 0.3876420375 0.678125184375 0.3876420375 0.68125036875
8 0.178124840625 0.559374815625 0.1859375796875 0.559374815625 0.1875 0.5578122234375 0.190624840625 0.5578122234375 0.1921872609375 0.55625036875 0.20468726093749998 0.55625036875 0.20625031875 0.5578122234375 0.21093757968750002 0.5578122234375 0.2125 0.559374815625 0.215624840625 0.559374815625 0.21875031875 0.55625036875 0.2203127390625 0.55625036875 0.22343757968750003 0.553125184375 0.22343757968750003 0.5015625921875 0.2203127390625 0.49843740781249996 0.1734375796875 0.49843740781249996 0.1734375796875 0.553125184375 0.1765624203125 0.55625036875 0.1765624203125 0.5578122234375 0.178124840625 0.559374815625
27 0.627388534375 0.3107511046875 0.6191082796875 0.3173784984375 0.6191082796875 0.36597938124999996 0.6337579625 0.3667157578125 0.6343949046875 0.3173784984375 0.627388534375 0.3107511046875
27 0.2764331203125 0.5014727546875 0.27006369375 0.4904270984375 0.2770700640625 0.47938144375 0.27770700625 0.45802650937499995 0.26878980937499997 0.4528718703125 0.2624203828125 0.45949926406249997 0.2636942671875 0.50220913125 0.2662420375 0.50662739375 0.275796178125 0.508836525 0.2764331203125 0.5014727546875
29 0.291082803125 0.5139911640625 0.30063694218750003 0.5154639171875 0.310828025 0.508836525 0.31019108281249996 0.5014727546875 0.32229299375 0.496318115625 0.32420382187499996 0.49263622968750004 0.3210191078125 0.48527245937499996 0.31146496875 0.4779086890625 0.31019108281249996 0.46686303437500004 0.30382165625 0.45949926406249997 0.2968152859375 0.45729013281249997 0.28853503125 0.464653903125 0.272611465625 0.49263622968750004 0.2783439484375 0.4985272453125 0.28662420312500003 0.4992636234375 0.291082803125 0.5139911640625
13 0.5815286625 0.414580265625 0.5828025484375 0.3630338734375 0.5802547765625 0.3571428578125 0.5356687890625 0.3549337265625 0.5292993625 0.36156111874999997 0.5286624203125 0.40868924843750004 0.5324840765625 0.4175257734375 0.575796178125 0.4175257734375 0.5815286625 0.414580265625
31 0.505732484375 0.4108983796875 0.5025477703125001 0.3836524296875 0.486624203125 0.36597938124999996 0.48089172031249994 0.36524300468750004 0.47643312031249996 0.3689248890625 0.4656050953125 0.380706921875 0.463057325 0.3880706921875 0.4605095546875 0.4108983796875 0.47006369374999996 0.42047128125000005 0.494267515625 0.42047128125000005 0.505732484375 0.4108983796875
33 0.29299363125 0.5537555234375 0.28726114687500004 0.5228276875 0.2694267515625 0.508836525 0.264968153125 0.510309278125 0.2509554140625 0.5250368187500001 0.2477707 0.5427098671875 0.2477707 0.5552282765625 0.2579617828125 0.5640648015624999 0.28280254843749997 0.5640648015624999 0.29299363125 0.5537555234375
21 0.5234375796874999 0.8640625921874999 0.5234375796874999 0.9406251843750001 0.5734375796875 0.9406251843750001 0.5734375796875 0.8640625921874999 0.5234375796874999 0.8640625921874999
18 0.575 0.084374815625 0.575 0.0078122234375 0.5203127390625 0.0078122234375 0.5203127390625 0.0859374078125 0.571875159375 0.0859374078125 0.5734375796875 0.084374815625 0.575 0.084374815625
18 0.0921872609375 0.2921877765625 0.0921872609375 0.3703122234375 0.1484375796875 0.3703122234375 0.1484375796875 0.2921877765625 0.0921872609375 0.2921877765625
18 0.8765624203125 0.434374815625 0.8765624203125 0.5156251843749999 0.9343751593749999 0.5156251843749999 0.9343751593749999 0.434374815625 0.8765624203125 0.434374815625
19 0.2359375796875 0.0078122234375 0.2359375796875 0.0875 0.290624840625 0.0875 0.290624840625 0.0078122234375 0.2359375796875 0.0078122234375
23 0.7343751593750001 0.1484374078125 0.7343751593750001 0.2296877765625 0.7906248406249999 0.2296877765625 0.7906248406249999 0.1484374078125 0.7343751593750001 0.1484374078125
22 0.7343751593750001 0.7203122234375 0.7343751593750001 0.7968748156250001 0.7906248406249999 0.7968748156250001 0.7906248406249999 0.7203122234375 0.7343751593750001 0.7203122234375
18 0.2375 0.8640625921874999 0.2375 0.9484374078125001 0.290624840625 0.9484374078125001 0.290624840625 0.8640625921874999 0.2375 0.8640625921874999
20 0.14847452187500002 0.5743777609375 0.090761146875 0.5743777609375 0.090761146875 0.66304491875 0.14847452187500002 0.66304491875 0.14847452187500002 0.5743777609375