0 0.15312483906250002 0.41718768749999996 0.1515624203125 0.41875 0.1484375796875 0.41875 0.1468751609375 0.4203123125 0.145312740625 0.4203123125 0.1406248390625 0.425 0.1390624203125 0.425 0.1375 0.42656231250000004 0.1359375796875 0.42656231250000004 0.13281274062499998 0.42968768749999997 0.131249678125 0.42968768749999997 0.129687259375 0.43125 0.1281248390625 0.43125 0.12187516093749999 0.4375 0.120312740625 0.4375 0.1140624203125 0.44375 0.1125 0.44375 0.1109375796875 0.44531231250000003 0.1093751609375 0.44531231250000003 0.1093751609375 0.5453123125 0.1109375796875 0.546875375 0.1125 0.546875375 0.1140624203125 0.5484376875 0.11562483906250001 0.5484376875 0.12187516093749999 0.5546876875 0.1265624203125 0.5546876875 0.13281274062499998 0.5609376875 0.1343751609375 0.5609376875 0.1390624203125 0.565624625 0.1406248390625 0.565624625 0.142187259375 0.5671876874999999 0.145312740625 0.5671876874999999 0.1468751609375 0.56875 0.1484375796875 0.56875 0.15 0.5703123125 0.15 0.571874625 0.1515624203125 0.571874625 0.15312483906250002 0.5734376875 0.157812740625 0.5734376875 0.15937516093749998 0.575 0.1609375796875 0.575 0.1625 0.5765623125 0.170312740625 0.5765623125 0.1718751609375 0.575 0.1734375796875 0.575 0.175 0.5734376875 0.1765624203125 0.5734376875 0.1781248390625 0.571874625 0.17968725937500002 0.571874625 0.17968725937500002 0.5703123125 0.182812740625 0.5671876874999999 0.1843751609375 0.5671876874999999 0.1859375796875 0.565624625 0.1875 0.565624625 0.1890624203125 0.5640623125 0.1906248390625 0.5640623125 0.193749678125 0.5609376875 0.1968751609375 0.5609376875 0.1984375796875 0.559374625 0.2 0.559374625 0.2031248390625 0.55625 0.20468725937499999 0.55625 0.206249678125 0.5546876875 0.21406242031249997 0.5546876875 0.220312740625 0.5484376875 0.22343757968750003 0.5484376875 0.2281248390625 0.54375 0.22968725937499998 0.54375 0.23124967812500002 0.5421876875 0.23281274062500001 0.5421876875 0.2343751609375 0.540624625 0.2343751609375 0.5390623125 0.2359375796875 0.5375 0.2359375796875 0.4828123125 0.2343751609375 0.48125 0.2343751609375 0.47812462499999997 0.23124967812500002 0.475 0.23124967812500002 0.4734376875 0.22968725937499998 0.471874625 0.22968725937499998 0.47031231250000005 0.2281248390625 0.46875 0.22656242031249998 0.46875 0.217187259375 0.45937537500000003 0.217187259375 0.45625 0.21562483906250002 0.4546876875 0.21562483906250002 0.45312537500000005 0.2125 0.45 0.2125 0.44843768749999996 0.21093757968750002 0.44687462499999997 0.21093757968750002 0.43906231250000005 0.2093751609375 0.4375 0.2093751609375 0.43593768749999995 0.2031248390625 0.42968768749999997 0.2015624203125 0.42968768749999997 0.1968751609375 0.425 0.19531274062499998 0.425 0.1906248390625 0.4203123125 0.1890624203125 0.4203123125 0.1875 0.41875 0.1859375796875 0.41875 0.1843751609375 0.41718768749999996 0.182812740625 0.41718768749999996 0.18124967812499998 0.41562462499999997 0.18124967812499998 0.41406231250000003 0.1781248390625 0.4109376875 0.1625 0.4109376875 0.1609375796875 0.4125 0.15937516093749998 0.4125 0.154687259375 0.41718768749999996 0.15312483906250002 0.41718768749999996
0 0.4281248390625 0.71875 0.42187516093750005 0.725 0.418749678125 0.725 0.417187259375 0.7265623125 0.4156248390625 0.7265623125 0.4125 0.7296876875 0.4109375796875 0.7296876875 0.40937516093750004 0.73125 0.407812740625 0.73125 0.406250321875 0.7328123125 0.406250321875 0.734375375 0.40312483906249996 0.7375 0.4015624203125 0.7375 0.4 0.7390623125 0.39843757968750004 0.7390623125 0.39843757968750004 0.8 0.4 0.8015623125 0.4 0.803124625 0.404687259375 0.8078123125 0.404687259375 0.8093753749999999 0.406250321875 0.8109376875000001 0.406250321875 0.81875 0.407812740625 0.8203123124999999 0.407812740625 0.825 0.40937516093750004 0.8265623124999999 0.40937516093750004 0.8281253749999999 0.4109375796875 0.8296876875000001 0.4109375796875 0.834374625 0.4125 0.8359376875000001 0.4125 0.8406253749999999 0.418749678125 0.8468746250000001 0.420312740625 0.8468746250000001 0.42187516093750005 0.8484376875 0.42968725937499996 0.8484376875 0.43124967812500004 0.85 0.432812740625 0.85 0.43593757968749997 0.8531246250000001 0.4375 0.8531246250000001 0.43906242031250003 0.8546876875 0.44062483906249994 0.8546876875 0.4468751609375 0.8609376875000001 0.4484375796875 0.8609376875000001 0.45312483906249995 0.865624625 0.454687259375 0.865624625 0.456249678125 0.8671876875000001 0.4625 0.8671876875000001 0.4640624203125 0.865624625 0.46562483906249996 0.865624625 0.470312740625 0.8609376875000001 0.47187516093750004 0.8609376875000001 0.475 0.8578123124999999 0.4765624203125 0.8578123124999999 0.4781248390625 0.85625 0.479687259375 0.85625 0.481249678125 0.8546876875 0.482812740625 0.8546876875 0.48437516093750005 0.8531246250000001 0.48593757968749995 0.8531246250000001 0.48593757968749995 0.8515623124999999 0.4875 0.85 0.4890624203125 0.85 0.4906248390625 0.8484376875 0.495312740625 0.8484376875 0.49687516093750006 0.8468746250000001 0.49843757968749997 0.8468746250000001 0.49843757968749997 0.8453123124999999 0.5015624203125 0.8421876875000001 0.5031248390624999 0.8421876875000001 0.506249678125 0.8390623125 0.506249678125 0.8359376875000001 0.507812740625 0.834374625 0.507812740625 0.8328123125 0.5093751609375 0.83125 0.5093751609375 0.8281253749999999 0.5109375796875 0.8265623124999999 0.5109375796875 0.8140623124999999 0.5156248390625 0.8093753749999999 0.5156248390625 0.8078123125 0.517187259375 0.80625 0.517187259375 0.803124625 0.520312740625 0.8 0.520312740625 0.74375 0.5187496781250001 0.7421876875 0.5187496781250001 0.7406246249999999 0.5093751609375 0.73125 0.507812740625 0.73125 0.506249678125 0.7296876875 0.504687259375 0.7296876875 0.5015624203125 0.7265623125 0.5 0.7265623125 0.49843757968749997 0.725 0.495312740625 0.725 0.49374967812500004 0.7234376874999999 0.49218725937499996 0.7234376874999999 0.4890624203125 0.7203123125 0.4875 0.7203123125 0.48593757968749995 0.71875 0.48437516093750005 0.71875 0.479687259375 0.7140623125000001 0.4781248390625 0.7140623125000001 0.4765624203125 0.7125 0.43906242031250003 0.7125 0.43437516093750006 0.7171876875 0.432812740625 0.7171876875 0.43124967812500004 0.71875 0.4281248390625 0.71875
0 0.5734375796875 0.7203123125 0.570312740625 0.7234376874999999 0.568749678125 0.7234376874999999 0.567187259375 0.725 0.5656248390624999 0.725 0.5593751609375001 0.73125 0.556249678125 0.73125 0.554687259375 0.7328123125 0.5531248390625 0.7328123125 0.5484375796875 0.7375 0.5468751609375 0.7375 0.543749678125 0.7406246249999999 0.543749678125 0.7453123125000001 0.542187259375 0.746874625 0.542187259375 0.8 0.543749678125 0.8015623125 0.543749678125 0.803124625 0.55 0.8093753749999999 0.55 0.8125 0.5515624203125 0.8140623124999999 0.5515624203125 0.8218746250000001 0.5531248390625 0.8234376875 0.5531248390625 0.8265623124999999 0.554687259375 0.8281253749999999 0.554687259375 0.83125 0.556249678125 0.8328123125 0.556249678125 0.8406253749999999 0.557812740625 0.8421876875000001 0.557812740625 0.84375 0.5593751609375001 0.84375 0.5609375796875 0.8453123124999999 0.5609375796875 0.8468746250000001 0.5640624203125 0.85 0.5656248390624999 0.85 0.567187259375 0.8515623124999999 0.567187259375 0.8531246250000001 0.568749678125 0.8531246250000001 0.570312740625 0.8546876875 0.5718751609375 0.8546876875 0.5781248390625 0.8609376875000001 0.5812496781250001 0.8609376875000001 0.582812740625 0.8625 0.5843751609375001 0.8625 0.5890624203125 0.8671876875000001 0.5906248390625 0.8671876875000001 0.5953127406250001 0.8718753749999999 0.5968751609375 0.8718753749999999 0.5984375796875 0.8734376875000001 0.607812740625 0.8734376875000001 0.6093751609375 0.8718753749999999 0.6109375796875 0.8718753749999999 0.6109375796875 0.8703123125 0.6125 0.86875 0.6140624203125 0.86875 0.6156248390625 0.8671876875000001 0.617187259375 0.8671876875000001 0.6218751609375001 0.8625 0.6234375796875 0.8625 0.625 0.8609376875000001 0.6265624203125 0.8609376875000001 0.632812740625 0.8546876875 0.6390624203125 0.8546876875 0.645312740625 0.8484376875 0.6468751609375001 0.8484376875 0.6484375796874999 0.8468746250000001 0.65 0.8468746250000001 0.65 0.8453123124999999 0.6515624203125 0.84375 0.6546872593749999 0.84375 0.656249678125 0.8421876875000001 0.6593751609375 0.8421876875000001 0.6609375796875 0.8406253749999999 0.6609375796875 0.8390623125 0.6625 0.8375 0.6640624203125001 0.8375 0.6656248390624999 0.8359376875000001 0.667187259375 0.8359376875000001 0.668749678125 0.834374625 0.668749678125 0.7828123125 0.667187259375 0.78125 0.667187259375 0.74375 0.6656248390624999 0.7421876875 0.6656248390624999 0.7406246249999999 0.6640624203125001 0.7390623125 0.6625 0.7390623125 0.6609375796875 0.7375 0.6578127406250001 0.7375 0.6531248390625 0.7328123125 0.65 0.7328123125 0.6484375796874999 0.73125 0.6437496781250001 0.73125 0.6390624203125 0.7265623125 0.6359375796875 0.7265623125 0.6343751609375 0.725 0.631249678125 0.725 0.6265624203125 0.7203123125 0.625 0.7203123125 0.617187259375 0.7125 0.5843751609375001 0.7125 0.5781248390625 0.71875 0.5765624203125 0.71875 0.575 0.7203123125 0.5734375796875 0.7203123125
36 0.5093751609375 0.5703123125 0.504687259375 0.575 0.5031248390624999 0.575 0.5015624203125 0.5765623125 0.5 0.5765623125 0.495312740625 0.58125 0.4906248390625 0.58125 0.48437516093750005 0.5875 0.479687259375 0.5875 0.4781248390625 0.5890623125000001 0.4765624203125 0.5890623125000001 0.468750321875 0.596874625 0.468750321875 0.653124625 0.475 0.659374625 0.475 0.6609376874999999 0.4765624203125 0.6625 0.4765624203125 0.6640623125 0.479687259375 0.6671876875 0.479687259375 0.66875 0.481249678125 0.6703123125 0.481249678125 0.690624625 0.48593757968749995 0.6953123125 0.48593757968749995 0.696874625 0.4890624203125 0.7 0.4890624203125 0.7015623125 0.4906248390625 0.703125375 0.49218725937499996 0.703125375 0.49374967812500004 0.7046876875 0.495312740625 0.7046876875 0.5015624203125 0.7109376875 0.5031248390624999 0.7109376875 0.504687259375 0.7125 0.506249678125 0.7125 0.507812740625 0.7140623125000001 0.507812740625 0.715624625 0.5109375796875 0.715624625 0.5125 0.7171876875 0.5156248390625 0.7171876875 0.517187259375 0.71875 0.5187496781250001 0.71875 0.5218751609375001 0.721874625 0.525 0.721874625 0.5265624203125 0.7234376874999999 0.5328127406250001 0.7234376874999999 0.5390624203125001 0.7171876875 0.5406248390624999 0.7171876875 0.545312740625 0.7125 0.5468751609375 0.7125 0.5484375796875 0.7109376875 0.5515624203125 0.7109376875 0.5531248390625 0.7093746249999999 0.554687259375 0.7093746249999999 0.554687259375 0.7078123125 0.556249678125 0.70625 0.557812740625 0.70625 0.5593751609375001 0.7046876875 0.5640624203125 0.7046876875 0.570312740625 0.6984376875 0.5734375796875 0.6984376875 0.575 0.696874625 0.5765624203125 0.696874625 0.5781248390625 0.6953123125 0.5781248390625 0.69375 0.579687259375 0.6921876874999999 0.579687259375 0.68125 0.5812496781250001 0.6796876875 0.5812496781250001 0.6765623125 0.582812740625 0.675 0.582812740625 0.6734376875 0.5843751609375001 0.671875375 0.5843751609375001 0.66875 0.5859375796874999 0.6671876875 0.5859375796874999 0.6640623125 0.5875 0.6625 0.5875 0.6609376874999999 0.5906248390625 0.6578123125 0.5906248390625 0.65625 0.5921872593749999 0.6546876875 0.5921872593749999 0.596874625 0.582812740625 0.5875 0.5781248390625 0.5875 0.5765624203125 0.5859376875 0.575 0.5859376875 0.5734375796875 0.584375375 0.5734375796875 0.5828123125 0.5718751609375 0.5828123125 0.570312740625 0.58125 0.568749678125 0.58125 0.567187259375 0.5796876875 0.5656248390624999 0.5796876875 0.5625 0.5765623125 0.5609375796875 0.5765623125 0.5593751609375001 0.575 0.557812740625 0.575 0.5531248390625 0.5703123125 0.5515624203125 0.5703123125 0.5484375796875 0.5671876874999999 0.517187259375 0.5671876874999999 0.5156248390625 0.56875 0.5125 0.56875 0.5109375796875 0.5703123125 0.5093751609375 0.5703123125
6 0.656249678125 0.565624625 0.6546872593749999 0.5671876874999999 0.6531248390625 0.5671876874999999 0.6515624203125 0.56875 0.65 0.56875 0.6484375796874999 0.5703123125 0.6468751609375001 0.5703123125 0.642187259375 0.575 0.6390624203125 0.575 0.632812740625 0.58125 0.629687259375 0.58125 0.6281248390624999 0.5828123125 0.6265624203125 0.5828123125 0.6218751609375001 0.5875 0.620312740625 0.5875 0.6140624203125 0.59375 0.6140624203125 0.6546876875 0.618749678125 0.659374625 0.618749678125 0.6609376874999999 0.620312740625 0.6625 0.620312740625 0.6640623125 0.6218751609375001 0.665624625 0.6218751609375001 0.6671876875 0.6234375796875 0.66875 0.6234375796875 0.6703123125 0.625 0.671875375 0.625 0.690624625 0.6265624203125 0.6921876874999999 0.6265624203125 0.69375 0.629687259375 0.696874625 0.631249678125 0.696874625 0.632812740625 0.6984376875 0.6359375796875 0.6984376875 0.6375 0.7 0.6390624203125 0.7 0.642187259375 0.703125375 0.6437496781250001 0.703125375 0.645312740625 0.7046876875 0.6468751609375001 0.7046876875 0.6484375796874999 0.70625 0.65 0.70625 0.6531248390625 0.7093746249999999 0.6546872593749999 0.7093746249999999 0.656249678125 0.7109376875 0.6593751609375 0.7109376875 0.6640624203125001 0.715624625 0.6656248390624999 0.715624625 0.667187259375 0.7171876875 0.668749678125 0.7171876875 0.6734375796875 0.721874625 0.6765624203125 0.721874625 0.6781248390625 0.7234376874999999 0.679687259375 0.7234376874999999 0.681249678125 0.721874625 0.6859375796875 0.721874625 0.6875 0.7203123125 0.6890624203125 0.7203123125 0.6906248390624999 0.71875 0.692187259375 0.71875 0.693749678125 0.7171876875 0.695312740625 0.7171876875 0.6968751609375 0.715624625 0.6984375796875 0.715624625 0.6984375796875 0.7140623125000001 0.7 0.7125 0.7015624203125 0.7125 0.7031248390625 0.7109376875 0.704687259375 0.7109376875 0.7062496781250001 0.7093746249999999 0.707812740625 0.7093746249999999 0.7109375796874999 0.70625 0.7125 0.70625 0.7140624203125 0.7046876875 0.7156248390625 0.7046876875 0.7218751609375 0.6984376875 0.725 0.6984376875 0.7265624203125001 0.696874625 0.7281248390624999 0.696874625 0.7281248390624999 0.6953123125 0.729687259375 0.69375 0.731249678125 0.69375 0.732812740625 0.6921876874999999 0.7343751609375 0.6921876874999999 0.7359375796875 0.690624625 0.7359375796875 0.6890623125 0.7390624203125 0.6859376875 0.7406248390625 0.6859376875 0.7406248390625 0.6265623125 0.7359375796875 0.621874625 0.7359375796875 0.6203123125000001 0.729687259375 0.6140623125 0.7281248390624999 0.6140623125 0.7234375796875 0.609375375 0.7234375796875 0.60625 0.7218751609375 0.6046876875 0.7218751609375 0.6015623125 0.7171872593749999 0.596874625 0.7171872593749999 0.5859376875 0.7156248390625 0.584375375 0.7156248390625 0.5828123125 0.7140624203125 0.58125 0.7125 0.58125 0.707812740625 0.5765623125 0.704687259375 0.5765623125 0.7031248390625 0.575 0.7 0.575 0.695312740625 0.5703123125 0.693749678125 0.5703123125 0.692187259375 0.56875 0.6906248390624999 0.56875 0.6890624203125 0.5671876874999999 0.6875 0.5671876874999999 0.682812740625 0.5625 0.681249678125 0.5625 0.679687259375 0.5609376875 0.6609375796875 0.5609376875 0.6593751609375 0.5625 0.6578127406250001 0.5625 0.656249678125 0.5640623125 0.656249678125 0.565624625
36 0.3031248390625 0.41718768749999996 0.3 0.4203123125 0.2984375796875 0.4203123125 0.295312740625 0.4234376875 0.293749678125 0.4234376875 0.292187259375 0.425 0.28906242031249996 0.425 0.2875 0.42656231250000004 0.2859375796875 0.42656231250000004 0.2843751609375 0.42812537500000003 0.282812740625 0.42812537500000003 0.279687259375 0.43125 0.2781248390625 0.43125 0.275 0.43437462499999996 0.275 0.4515623125 0.27343757968750004 0.45312537500000005 0.27343757968750004 0.4546876875 0.270312740625 0.45781231250000004 0.270312740625 0.45937537500000003 0.267187259375 0.4625 0.2656248390625 0.4625 0.2593751609375 0.46875 0.256249678125 0.46875 0.254687259375 0.47031231250000005 0.254687259375 0.54375 0.256249678125 0.5453123125 0.256249678125 0.546875375 0.25781274062500004 0.5484376875 0.26093757968750003 0.5484376875 0.2656248390625 0.553125375 0.267187259375 0.553125375 0.268749678125 0.5546876875 0.27187516093749997 0.5546876875 0.275 0.5578123125000001 0.275 0.559374625 0.2765624203125 0.5609376875 0.2781248390625 0.5609376875 0.282812740625 0.565624625 0.2843751609375 0.565624625 0.2859375796875 0.5671876874999999 0.29062483906250003 0.5671876874999999 0.293749678125 0.5703123125 0.293749678125 0.571874625 0.295312740625 0.5734376875 0.3 0.5734376875 0.30156242031249997 0.575 0.3031248390625 0.575 0.307812740625 0.5796876875 0.3218751609375 0.5796876875 0.3281248390625 0.5734376875 0.331249678125 0.5734376875 0.332812740625 0.571874625 0.33437516093749997 0.571874625 0.3390624203125 0.5671876874999999 0.342187259375 0.5671876874999999 0.345312740625 0.5640623125 0.3468751609375 0.5640623125 0.35 0.5609376875 0.35312483906250003 0.5609376875 0.354687259375 0.559374625 0.354687259375 0.5578123125000001 0.357812740625 0.5546876875 0.3593751609375 0.5546876875 0.3609375796875 0.553125375 0.3609375796875 0.5515623125 0.3625 0.55 0.3625 0.546875375 0.3656248390625 0.54375 0.3656248390625 0.540624625 0.36718725937499996 0.5390623125 0.36718725937499996 0.5234376875 0.36874967812500004 0.521875375 0.36874967812500004 0.5203123125 0.3734375796875 0.515625375 0.3734375796875 0.5140623125 0.379687259375 0.5078123125 0.379687259375 0.5046876874999999 0.381249678125 0.503124625 0.381249678125 0.5 0.38281274062500004 0.49843768749999995 0.38281274062500004 0.45937537500000003 0.381249678125 0.45781231250000004 0.381249678125 0.45312537500000005 0.3781248390625 0.45 0.3765624203125 0.45 0.370312740625 0.44375 0.36406242031249997 0.44375 0.3625 0.4421876875 0.3609375796875 0.4421876875 0.3593751609375 0.440624625 0.356249678125 0.440624625 0.354687259375 0.43906231250000005 0.35156242031249996 0.43906231250000005 0.35 0.4375 0.3406248390625 0.4375 0.3390624203125 0.43593768749999995 0.33437516093749997 0.43593768749999995 0.332812740625 0.43437462499999996 0.331249678125 0.43437462499999996 0.329687259375 0.4328123125 0.3281248390625 0.4328123125 0.325 0.42968768749999997 0.325 0.42812537500000003 0.32343757968750003 0.42656231250000004 0.32343757968750003 0.41875 0.3218751609375 0.41718768749999996 0.3218751609375 0.41406231250000003 0.32031274062500004 0.41406231250000003 0.318749678125 0.4125 0.3109375796875 0.4125 0.3093751609375 0.41406231250000003 0.307812740625 0.41406231250000003 0.30468725937499996 0.41718768749999996 0.3031248390625 0.41718768749999996
32 0.36874967812500004 0.165624625 0.375 0.171875375 0.4015624203125 0.171875375 0.404687259375 0.16875 0.404687259375 0.1671876875 0.407812740625 0.1640623125 0.407812740625 0.1359376875 0.406250321875 0.13437537500000002 0.406250321875 0.1328123125 0.404687259375 0.13125 0.404687259375 0.1265623125 0.40312483906249996 0.125 0.4015624203125 0.125 0.39843757968750004 0.12187462499999999 0.39843757968750004 0.1203123125 0.3765624203125 0.1203123125 0.3718751609375 0.125 0.370312740625 0.125 0.36874967812500004 0.1265623125 0.36874967812500004 0.165624625
36 0.7265624203125001 0.4203123125 0.7218751609375 0.425 0.718750321875 0.425 0.7156248390625 0.42812537500000003 0.7140624203125 0.42812537500000003 0.707812740625 0.43437462499999996 0.707812740625 0.43593768749999995 0.7062496781250001 0.4375 0.7062496781250001 0.45312537500000005 0.704687259375 0.4546876875 0.704687259375 0.45625 0.7015624203125 0.45937537500000003 0.7015624203125 0.46093768749999997 0.695312740625 0.46718768749999995 0.693749678125 0.46718768749999995 0.692187259375 0.46875 0.6906248390624999 0.46875 0.6875 0.471874625 0.6875 0.540624625 0.6890624203125 0.5421876875 0.6906248390624999 0.5421876875 0.6968751609375 0.5484376875 0.7015624203125 0.5484376875 0.707812740625 0.5546876875 0.7156248390625 0.5546876875 0.7171872593749999 0.55625 0.718750321875 0.55625 0.7203127406250001 0.5578123125000001 0.7218751609375 0.5578123125000001 0.7234375796875 0.55625 0.725 0.55625 0.7265624203125001 0.5546876875 0.7468751609375001 0.5546876875 0.7531248390624999 0.5609376875 0.754687259375 0.5609376875 0.757812740625 0.5640623125 0.7718751609375001 0.5640623125 0.775 0.5609376875 0.7781248390625 0.5609376875 0.7828127406250001 0.55625 0.7843751609375 0.55625 0.7859375796875 0.5546876875 0.7906248390624999 0.5546876875 0.7968751609375 0.5484376875 0.8015624203125 0.5484376875 0.807812740625 0.5421876875 0.8093751609375 0.5421876875 0.8109375796875 0.540624625 0.8109375796875 0.47656231250000003 0.8093751609375 0.475 0.8093751609375 0.471874625 0.807812740625 0.47031231250000005 0.8062496781249999 0.47031231250000005 0.8046872593750001 0.46875 0.8031248390625001 0.46875 0.7984375796875 0.4640623125 0.7984375796875 0.4625 0.795312740625 0.45937537500000003 0.795312740625 0.45781231250000004 0.792187259375 0.4546876875 0.792187259375 0.44687462499999997 0.7906248390624999 0.44531231250000003 0.7906248390624999 0.44375 0.7875 0.440624625 0.7875 0.43906231250000005 0.7859375796875 0.4375 0.7859375796875 0.43593768749999995 0.7843751609375 0.43437462499999996 0.7843751609375 0.4328123125 0.7828127406250001 0.4328123125 0.7765624203125 0.42656231250000004 0.7734375796874999 0.42656231250000004 0.7718751609375001 0.425 0.7687496781250001 0.425 0.767187259375 0.4234376875 0.7656248390625 0.4234376875 0.7625 0.4203123125 0.7609375796875 0.4203123125 0.7593751609375 0.41875 0.757812740625 0.41875 0.754687259375 0.41562462499999997 0.7375 0.41562462499999997 0.7343751609375 0.41875 0.729687259375 0.41875 0.7281248390624999 0.4203123125 0.7265624203125001 0.4203123125
17 0.5140624203125 0.27656231249999996 0.5140624203125 0.278124625 0.5125 0.2796876875 0.5109375796875 0.2796876875 0.5093751609375 0.28125 0.507812740625 0.28125 0.5031248390624999 0.28593768750000004 0.5015624203125 0.28593768750000004 0.5 0.2875 0.49687516093750006 0.2875 0.4906248390625 0.29375 0.4890624203125 0.29375 0.48437516093750005 0.2984376875 0.482812740625 0.2984376875 0.481249678125 0.3 0.4781248390625 0.3 0.468750321875 0.309374625 0.468750321875 0.378124625 0.470312740625 0.37968768750000004 0.47187516093750004 0.37968768750000004 0.475 0.3828123125 0.475 0.384374625 0.4765624203125 0.384374625 0.4781248390625 0.3859376875 0.482812740625 0.3859376875 0.48437516093750005 0.3875 0.48593757968749995 0.3875 0.4875 0.3890623125 0.4875 0.3953123125 0.4890624203125 0.396875375 0.4890624203125 0.40312462499999996 0.4906248390625 0.40468768749999995 0.4906248390625 0.40625 0.49218725937499996 0.40781231250000005 0.49218725937499996 0.4109376875 0.49374967812500004 0.4125 0.49374967812500004 0.41562462499999997 0.495312740625 0.41718768749999996 0.49687516093750006 0.41718768749999996 0.5 0.4203123125 0.5 0.42187537500000005 0.5015624203125 0.4234376875 0.504687259375 0.4234376875 0.506249678125 0.425 0.5093751609375 0.425 0.5109375796875 0.42656231250000004 0.5109375796875 0.42812537500000003 0.5125 0.42812537500000003 0.5140624203125 0.42968768749999997 0.5156248390625 0.42968768749999997 0.517187259375 0.43125 0.5187496781250001 0.43125 0.5218751609375001 0.43437462499999996 0.5406248390624999 0.43437462499999996 0.5468751609375 0.42812537500000003 0.5484375796875 0.42812537500000003 0.5531248390625 0.4234376875 0.556249678125 0.4234376875 0.557812740625 0.42187537500000005 0.5593751609375001 0.42187537500000005 0.5640624203125 0.41718768749999996 0.567187259375 0.41718768749999996 0.568749678125 0.41562462499999997 0.570312740625 0.41562462499999997 0.5734375796875 0.4125 0.575 0.4125 0.5765624203125 0.4109376875 0.579687259375 0.4109376875 0.5812496781250001 0.409374625 0.582812740625 0.409374625 0.5875 0.40468768749999995 0.5906248390625 0.40468768749999995 0.5921872593749999 0.40312462499999996 0.5921872593749999 0.4015623125 0.593749678125 0.4 0.593749678125 0.328125375 0.5921872593749999 0.3265623125 0.5921872593749999 0.321874625 0.579687259375 0.309374625 0.579687259375 0.2953123125 0.5718751609375 0.2875 0.570312740625 0.2875 0.567187259375 0.284375375 0.5656248390624999 0.284375375 0.5640624203125 0.2828123125 0.5625 0.2828123125 0.5609375796875 0.28125 0.5593751609375001 0.28125 0.557812740625 0.2796876875 0.556249678125 0.2796876875 0.554687259375 0.278124625 0.554687259375 0.27656231249999996 0.5531248390625 0.275 0.5515624203125 0.275 0.55 0.2734376875 0.5484375796875 0.2734376875 0.545312740625 0.2703123125 0.543749678125 0.2703123125 0.542187259375 0.26875 0.5218751609375001 0.26875 0.5187496781250001 0.27187462500000004 0.5187496781250001 0.2734376875 0.5156248390625 0.27656231249999996 0.5140624203125 0.27656231249999996
37 0.5843751609375001 0.41875 0.582812740625 0.41875 0.5812496781250001 0.4203123125 0.5812496781250001 0.42187537500000005 0.579687259375 0.4234376875 0.5781248390625 0.4234376875 0.5765624203125 0.425 0.575 0.425 0.5734375796875 0.42656231250000004 0.5718751609375 0.42656231250000004 0.567187259375 0.43125 0.5656248390624999 0.43125 0.5640624203125 0.4328123125 0.5625 0.4328123125 0.5625 0.43437462499999996 0.5593751609375001 0.4375 0.556249678125 0.4375 0.5515624203125 0.4421876875 0.55 0.4421876875 0.5484375796875 0.44375 0.545312740625 0.44375 0.543749678125 0.44531231250000003 0.543749678125 0.44687462499999997 0.5406248390624999 0.45 0.5390624203125001 0.45 0.5390624203125001 0.5078123125 0.545312740625 0.5140623125 0.545312740625 0.515625375 0.5468751609375 0.515625375 0.5484375796875 0.5171876875 0.5484375796875 0.51875 0.55 0.5203123125 0.55 0.528124625 0.5515624203125 0.5296876875 0.5515624203125 0.5359376874999999 0.5531248390625 0.5375 0.5531248390625 0.5390623125 0.554687259375 0.540624625 0.554687259375 0.5421876875 0.556249678125 0.54375 0.556249678125 0.546875375 0.5640624203125 0.5546876875 0.5656248390624999 0.5546876875 0.567187259375 0.55625 0.568749678125 0.55625 0.570312740625 0.5578123125000001 0.570312740625 0.559374625 0.5734375796875 0.559374625 0.575 0.5609376875 0.579687259375 0.5609376875 0.5812496781250001 0.5625 0.582812740625 0.5625 0.5859375796874999 0.565624625 0.5875 0.565624625 0.5890624203125 0.5671876874999999 0.5921872593749999 0.5671876874999999 0.5968751609375 0.571874625 0.5984375796875 0.571874625 0.6015624203125001 0.575 0.604687259375 0.575 0.606249678125 0.5765623125 0.6093751609375 0.5765623125 0.6109375796875 0.575 0.6125 0.575 0.6140624203125 0.5734376875 0.617187259375 0.5734376875 0.618749678125 0.571874625 0.620312740625 0.571874625 0.6234375796875 0.56875 0.625 0.56875 0.6265624203125 0.5671876874999999 0.631249678125 0.5671876874999999 0.632812740625 0.565624625 0.6343751609375 0.565624625 0.6390624203125 0.5609376875 0.642187259375 0.5609376875 0.6437496781250001 0.559374625 0.645312740625 0.559374625 0.6484375796874999 0.55625 0.65 0.55625 0.6515624203125 0.5546876875 0.6531248390625 0.5546876875 0.6546872593749999 0.553125375 0.656249678125 0.553125375 0.6609375796875 0.5484376875 0.6640624203125001 0.5484376875 0.667187259375 0.5453123125 0.667187259375 0.47656231250000003 0.65 0.45937537500000003 0.65 0.45781231250000004 0.6484375796874999 0.45625 0.6484375796874999 0.45 0.6468751609375001 0.44843768749999996 0.6468751609375001 0.44687462499999997 0.6437496781250001 0.44375 0.6437496781250001 0.4421876875 0.642187259375 0.440624625 0.642187259375 0.43593768749999995 0.6406248390625 0.43437462499999996 0.6406248390625 0.4328123125 0.6390624203125 0.4328123125 0.6343751609375 0.42812537500000003 0.632812740625 0.42812537500000003 0.631249678125 0.42656231250000004 0.629687259375 0.42656231250000004 0.6281248390624999 0.425 0.625 0.425 0.6234375796875 0.4234376875 0.6218751609375001 0.4234376875 0.6125 0.41406231250000003 0.5890624203125 0.41406231250000003 0.5890624203125 0.41562462499999997 0.5875 0.41718768749999996 0.5859375796874999 0.41718768749999996 0.5843751609375001 0.41875
36 0.2843751609375 0.71875 0.2781248390625 0.725 0.2765624203125 0.725 0.275 0.7265623125 0.27343757968750004 0.7265623125 0.270312740625 0.7296876875 0.268749678125 0.7296876875 0.267187259375 0.73125 0.2656248390625 0.73125 0.2640624203125 0.7328123125 0.2625 0.7328123125 0.2625 0.734375375 0.2593751609375 0.7375 0.25781274062500004 0.7375 0.254687259375 0.7406246249999999 0.254687259375 0.74375 0.2531248390625 0.7453123125000001 0.2531248390625 0.8281253749999999 0.254687259375 0.8296876875000001 0.254687259375 0.83125 0.25781274062500004 0.834374625 0.2593751609375 0.834374625 0.26093757968750003 0.8359376875000001 0.2640624203125 0.8359376875000001 0.2656248390625 0.8375 0.267187259375 0.8375 0.268749678125 0.8390623125 0.268749678125 0.8406253749999999 0.270312740625 0.8421876875000001 0.275 0.8421876875000001 0.2765624203125 0.84375 0.2781248390625 0.84375 0.282812740625 0.8484376875 0.2843751609375 0.8484376875 0.2859375796875 0.85 0.2875 0.85 0.29062483906250003 0.8531246250000001 0.292187259375 0.8531246250000001 0.293749678125 0.8546876875 0.2968751609375 0.8546876875 0.3031248390625 0.8609376875000001 0.30468725937499996 0.8609376875000001 0.3093751609375 0.865624625 0.32343757968750003 0.865624625 0.3281248390625 0.8609376875000001 0.329687259375 0.8609376875000001 0.331249678125 0.8593753749999999 0.332812740625 0.8593753749999999 0.3375 0.8546876875 0.3406248390625 0.8546876875 0.345312740625 0.85 0.3468751609375 0.85 0.3484375796875 0.8484376875 0.35312483906250003 0.8484376875 0.3593751609375 0.8421876875000001 0.3609375796875 0.8421876875000001 0.3656248390625 0.8375 0.3656248390625 0.834374625 0.36718725937499996 0.8328123125 0.36718725937499996 0.8156246250000001 0.36874967812500004 0.8140623124999999 0.36874967812500004 0.8125 0.3718751609375 0.8093753749999999 0.3718751609375 0.8078123125 0.3734375796875 0.80625 0.3734375796875 0.803124625 0.3781248390625 0.7984376875 0.3781248390625 0.7406246249999999 0.3765624203125 0.7390623125 0.375 0.7390623125 0.3734375796875 0.7375 0.370312740625 0.7375 0.36718725937499996 0.734375375 0.36718725937499996 0.7328123125 0.3656248390625 0.73125 0.3625 0.73125 0.3609375796875 0.7296876875 0.3593751609375 0.7296876875 0.356249678125 0.7265623125 0.354687259375 0.7265623125 0.35312483906250003 0.725 0.35156242031249996 0.725 0.3468751609375 0.7203123125 0.345312740625 0.7203123125 0.343750321875 0.71875 0.342187259375 0.71875 0.3406248390625 0.7171876875 0.3390624203125 0.7171876875 0.33437516093749997 0.7125 0.2968751609375 0.7125 0.293749678125 0.715624625 0.292187259375 0.715624625 0.28906242031249996 0.71875 0.2843751609375 0.71875
37 0.23124967812500002 0.2671876875 0.22968725937499998 0.26875 0.2281248390625 0.26875 0.22656242031249998 0.2703123125 0.225 0.2703123125 0.220312740625 0.275 0.21562483906250002 0.275 0.21093757968750002 0.2796876875 0.2093751609375 0.2796876875 0.20781274062500002 0.28125 0.206249678125 0.28125 0.20468725937499999 0.2828123125 0.2031248390625 0.2828123125 0.1984375796875 0.2875 0.1968751609375 0.2875 0.19531274062499998 0.2890623125 0.193749678125 0.2890623125 0.193749678125 0.290624625 0.1906248390625 0.29375 0.1875 0.29375 0.1781248390625 0.30312462500000004 0.1781248390625 0.3984376875 0.1843751609375 0.40468768749999995 0.1890624203125 0.40468768749999995 0.1906248390625 0.40625 0.192187259375 0.40625 0.193749678125 0.40781231250000005 0.193749678125 0.409374625 0.19531274062499998 0.4109376875 0.2015624203125 0.4109376875 0.2031248390625 0.4125 0.206249678125 0.4125 0.20781274062500002 0.41406231250000003 0.21406242031249997 0.41406231250000003 0.21562483906250002 0.4125 0.217187259375 0.4125 0.218750321875 0.4109376875 0.22343757968750003 0.4109376875 0.225 0.409374625 0.2281248390625 0.409374625 0.22968725937499998 0.40781231250000005 0.23124967812500002 0.40781231250000005 0.23281274062500001 0.40625 0.2343751609375 0.40625 0.2359375796875 0.40781231250000005 0.2375 0.40781231250000005 0.23906242031249997 0.409374625 0.242187259375 0.409374625 0.243749678125 0.4109376875 0.2468751609375 0.4109376875 0.24843757968750002 0.4125 0.25 0.4125 0.2515624203125 0.41406231250000003 0.2531248390625 0.41406231250000003 0.254687259375 0.41562462499999997 0.27187516093749997 0.41562462499999997 0.27343757968750004 0.41406231250000003 0.275 0.41406231250000003 0.2765624203125 0.4125 0.2781248390625 0.4125 0.279687259375 0.4109376875 0.28906242031249996 0.4109376875 0.295312740625 0.40468768749999995 0.2984375796875 0.40468768749999995 0.3 0.40312462499999996 0.30156242031249997 0.40312462499999996 0.30468725937499996 0.4 0.30468725937499996 0.3984376875 0.30624967812500004 0.396875375 0.30624967812500004 0.328125375 0.30156242031249997 0.3234376875 0.3 0.3234376875 0.2968751609375 0.3203123125 0.295312740625 0.3203123125 0.293749678125 0.31875 0.293749678125 0.31718768750000004 0.292187259375 0.315624625 0.292187259375 0.3140623125 0.29062483906250003 0.3125 0.29062483906250003 0.309374625 0.2875 0.30625 0.2875 0.3046876875 0.2859375796875 0.30312462500000004 0.2859375796875 0.2953123125 0.2843751609375 0.29375 0.2843751609375 0.2921876875 0.2781248390625 0.28593768750000004 0.2781248390625 0.284375375 0.2765624203125 0.284375375 0.275 0.2828123125 0.27343757968750004 0.2828123125 0.27187516093749997 0.28125 0.2656248390625 0.28125 0.2640624203125 0.2828123125 0.25781274062500004 0.2828123125 0.256249678125 0.28125 0.2515624203125 0.28125 0.25 0.2796876875 0.24843757968750002 0.2796876875 0.2468751609375 0.278124625 0.2468751609375 0.2703123125 0.24531274062500003 0.26875 0.24531274062500003 0.2671876875 0.242187259375 0.2640623125 0.2375 0.2640623125 0.2359375796875 0.265625375 0.2343751609375 0.265625375 0.23281274062500001 0.2671876875 0.23124967812500002 0.2671876875
35 0.22656242031249998 0.56875 0.22187516093749998 0.5734376875 0.220312740625 0.5734376875 0.218750321875 0.575 0.217187259375 0.575 0.21562483906250002 0.5765623125 0.21406242031249997 0.5765623125 0.21093757968750002 0.5796876875 0.2093751609375 0.5796876875 0.20781274062500002 0.58125 0.2031248390625 0.58125 0.2015624203125 0.5828123125 0.2 0.5828123125 0.19531274062499998 0.5875 0.1906248390625 0.5875 0.182812740625 0.5953123125 0.182812740625 0.6921876874999999 0.1843751609375 0.6921876874999999 0.1890624203125 0.696874625 0.1906248390625 0.696874625 0.192187259375 0.6984376875 0.1968751609375 0.6984376875 0.2 0.7015623125 0.2 0.703125375 0.2015624203125 0.7046876875 0.20468725937499999 0.7046876875 0.206249678125 0.70625 0.20781274062500002 0.70625 0.2125 0.7109376875 0.21562483906250002 0.7109376875 0.22187516093749998 0.7171876875 0.22343757968750003 0.7171876875 0.225 0.71875 0.22656242031249998 0.71875 0.22968725937499998 0.721874625 0.23124967812500002 0.721874625 0.23281274062500001 0.7234376874999999 0.2359375796875 0.7234376874999999 0.2375 0.725 0.242187259375 0.725 0.243749678125 0.7234376874999999 0.2468751609375 0.7234376874999999 0.24843757968750002 0.721874625 0.24843757968750002 0.7203123125 0.2515624203125 0.7171876875 0.2531248390625 0.7171876875 0.254687259375 0.715624625 0.256249678125 0.715624625 0.2593751609375 0.7125 0.26093757968750003 0.7125 0.2625 0.7109376875 0.2656248390625 0.7109376875 0.27187516093749997 0.7046876875 0.275 0.7046876875 0.2765624203125 0.703125375 0.2781248390625 0.703125375 0.279687259375 0.7015623125 0.279687259375 0.7 0.2843751609375 0.6953123125 0.2843751609375 0.69375 0.2859375796875 0.6921876874999999 0.2859375796875 0.6671876875 0.2875 0.665624625 0.2875 0.6640623125 0.292187259375 0.659374625 0.292187259375 0.6578123125 0.295312740625 0.6546876875 0.2968751609375 0.6546876875 0.2984375796875 0.653124625 0.3 0.653124625 0.3 0.6515623125000001 0.30156242031249997 0.65 0.3031248390625 0.65 0.30624967812500004 0.6468746249999999 0.307812740625 0.6468746249999999 0.307812740625 0.6453123125 0.3093751609375 0.64375 0.3093751609375 0.5984376874999999 0.30468725937499996 0.59375 0.3031248390625 0.59375 0.2968751609375 0.5875 0.293749678125 0.5875 0.28906242031249996 0.5828123125 0.2875 0.5828123125 0.2859375796875 0.58125 0.282812740625 0.58125 0.2781248390625 0.5765623125 0.2765624203125 0.5765623125 0.275 0.575 0.27187516093749997 0.575 0.267187259375 0.5703123125 0.2656248390625 0.5703123125 0.2593751609375 0.5640623125 0.25781274062500004 0.5640623125 0.256249678125 0.5625 0.2359375796875 0.5625 0.2343751609375 0.5640623125 0.23281274062500001 0.5640623125 0.2281248390625 0.56875 0.22656242031249998 0.56875
37 0.292187259375 0.1328123125 0.28906242031249996 0.1359376875 0.2875 0.1359376875 0.2859375796875 0.1375 0.282812740625 0.1375 0.281249678125 0.1390623125 0.281249678125 0.140625375 0.2781248390625 0.14375 0.275 0.14375 0.27343757968750004 0.1453123125 0.27187516093749997 0.1453123125 0.270312740625 0.14687462499999998 0.270312740625 0.1484376875 0.268749678125 0.15 0.268749678125 0.153124625 0.267187259375 0.1546876875 0.267187259375 0.15625 0.2640624203125 0.159374625 0.2640624203125 0.16093768749999998 0.2625 0.1625 0.2625 0.165624625 0.254687259375 0.1734376875 0.254687259375 0.253125375 0.25781274062500004 0.25625 0.2593751609375 0.25625 0.26093757968750003 0.2578123125 0.26093757968750003 0.259374625 0.2625 0.259374625 0.2640624203125 0.2609376875 0.2656248390625 0.2609376875 0.267187259375 0.2625 0.268749678125 0.2625 0.27187516093749997 0.265625375 0.27343757968750004 0.265625375 0.275 0.2671876875 0.29062483906250003 0.2671876875 0.292187259375 0.265625375 0.293749678125 0.265625375 0.2968751609375 0.2625 0.2984375796875 0.2625 0.3 0.2609376875 0.3093751609375 0.2609376875 0.3140624203125 0.265625375 0.3156248390625 0.265625375 0.317187259375 0.2671876875 0.32031274062500004 0.2671876875 0.3218751609375 0.26875 0.329687259375 0.26875 0.331249678125 0.2703123125 0.33437516093749997 0.2703123125 0.33593757968750004 0.26875 0.3406248390625 0.26875 0.342187259375 0.2671876875 0.345312740625 0.2671876875 0.3468751609375 0.265625375 0.3484375796875 0.265625375 0.35312483906250003 0.2609376875 0.3593751609375 0.2609376875 0.3609375796875 0.259374625 0.3625 0.259374625 0.3656248390625 0.25625 0.36718725937499996 0.25625 0.36874967812500004 0.25468768750000004 0.3718751609375 0.25468768750000004 0.3734375796875 0.253125375 0.3734375796875 0.2515623125 0.3765624203125 0.2484376875 0.3781248390625 0.2484376875 0.379687259375 0.24687462500000001 0.379687259375 0.1765623125 0.3781248390625 0.175 0.3765624203125 0.175 0.3718751609375 0.1703123125 0.3718751609375 0.16875 0.370312740625 0.16875 0.36718725937499996 0.165624625 0.36718725937499996 0.1578123125 0.3656248390625 0.15625 0.3656248390625 0.1546876875 0.36406242031249997 0.153124625 0.36406242031249997 0.15156231250000002 0.3609375796875 0.1484376875 0.3609375796875 0.14687462499999998 0.357812740625 0.14375 0.356249678125 0.14375 0.35156242031249996 0.1390623125 0.35 0.1390623125 0.3484375796875 0.1375 0.345312740625 0.1375 0.343750321875 0.1359376875 0.342187259375 0.1359376875 0.3390624203125 0.1328123125 0.3375 0.1328123125 0.33593757968750004 0.13125 0.33437516093749997 0.13125 0.332812740625 0.12968768749999998 0.331249678125 0.12968768749999998 0.3265624203125 0.125 0.3031248390625 0.125 0.2968751609375 0.13125 0.295312740625 0.13125 0.293749678125 0.1328123125 0.292187259375 0.1328123125
17 0.442187259375 0.42656231250000004 0.44062483906249994 0.42812537500000003 0.4375 0.42812537500000003 0.43593757968749997 0.42968768749999997 0.43437516093750006 0.42968768749999997 0.432812740625 0.43125 0.42968725937499996 0.43125 0.4281248390625 0.4328123125 0.4265624203125 0.4328123125 0.425 0.43437462499999996 0.42343757968749995 0.43437462499999996 0.420312740625 0.4375 0.417187259375 0.4375 0.4156248390625 0.43906231250000005 0.4140624203125 0.43906231250000005 0.4125 0.440624625 0.4109375796875 0.440624625 0.40937516093750004 0.4421876875 0.407812740625 0.4421876875 0.406250321875 0.44375 0.40312483906249996 0.44375 0.39687516093749997 0.45 0.395312740625 0.45 0.393749678125 0.4515623125 0.393749678125 0.5078123125 0.4015624203125 0.515625375 0.4015624203125 0.5171876875 0.40312483906249996 0.5171876875 0.406250321875 0.5203123125 0.406250321875 0.53125 0.407812740625 0.5328123125 0.407812740625 0.5359376874999999 0.40937516093750004 0.5375 0.40937516093750004 0.5390623125 0.4109375796875 0.540624625 0.4109375796875 0.54375 0.4125 0.5453123125 0.4125 0.5484376875 0.4140624203125 0.55 0.4140624203125 0.5515623125 0.4156248390625 0.553125375 0.417187259375 0.553125375 0.418749678125 0.5546876875 0.420312740625 0.5546876875 0.42187516093750005 0.55625 0.42343757968749995 0.55625 0.425 0.5578123125000001 0.425 0.559374625 0.4265624203125 0.5609376875 0.432812740625 0.5609376875 0.43437516093750006 0.5625 0.43593757968749997 0.5625 0.44062483906249994 0.5671876874999999 0.44531274062500004 0.5671876874999999 0.45 0.571874625 0.45156242031250005 0.571874625 0.45312483906249995 0.5734376875 0.46562483906249996 0.5734376875 0.470312740625 0.56875 0.47187516093750004 0.56875 0.4734375796875 0.5671876874999999 0.4765624203125 0.5671876874999999 0.4781248390625 0.565624625 0.479687259375 0.565624625 0.482812740625 0.5625 0.48437516093750005 0.5625 0.48593757968749995 0.5609376875 0.4906248390625 0.5609376875 0.49687516093750006 0.5546876875 0.5015624203125 0.5546876875 0.504687259375 0.5515623125 0.504687259375 0.55 0.506249678125 0.5484376875 0.506249678125 0.546875375 0.5093751609375 0.54375 0.5093751609375 0.540624625 0.5109375796875 0.5390623125 0.5109375796875 0.525 0.5125 0.5234376875 0.5125 0.521875375 0.5156248390625 0.51875 0.5156248390625 0.5171876875 0.517187259375 0.515625375 0.517187259375 0.5140623125 0.520312740625 0.5109376875 0.5218751609375001 0.5109376875 0.5234375796874999 0.509374625 0.5234375796874999 0.50625 0.525 0.5046876874999999 0.525 0.45625 0.5234375796874999 0.4546876875 0.5234375796874999 0.4515623125 0.520312740625 0.44843768749999996 0.5187496781250001 0.44843768749999996 0.517187259375 0.44687462499999997 0.517187259375 0.44531231250000003 0.5156248390625 0.44375 0.5125 0.44375 0.5109375796875 0.4421876875 0.5093751609375 0.4421876875 0.507812740625 0.440624625 0.506249678125 0.440624625 0.504687259375 0.43906231250000005 0.5031248390624999 0.43906231250000005 0.5015624203125 0.4375 0.5 0.4375 0.49843757968749997 0.43593768749999995 0.49687516093750006 0.43593768749999995 0.495312740625 0.43437462499999996 0.49374967812500004 0.43437462499999996 0.49218725937499996 0.4328123125 0.4875 0.4328123125 0.48593757968749995 0.43125 0.475 0.43125 0.4734375796875 0.42968768749999997 0.47187516093750004 0.42968768749999997 0.467187259375 0.425 0.46562483906249996 0.425 0.4640624203125 0.4234376875 0.45 0.4234376875 0.4484375796875 0.425 0.44531274062500004 0.425 0.443749678125 0.42656231250000004 0.442187259375 0.42656231250000004
35 0.582812740625 0.125 0.5812496781250001 0.1265623125 0.5812496781250001 0.128124625 0.579687259375 0.12968768749999998 0.5781248390625 0.12968768749999998 0.5765624203125 0.13125 0.575 0.13125 0.5734375796875 0.1328123125 0.5718751609375 0.1328123125 0.568749678125 0.1359376875 0.567187259375 0.1359376875 0.5656248390624999 0.1375 0.5640624203125 0.1375 0.557812740625 0.14375 0.556249678125 0.14375 0.5515624203125 0.1484376875 0.55 0.1484376875 0.5484375796875 0.15 0.5468751609375 0.15 0.5406248390624999 0.15625 0.5390624203125001 0.15625 0.5390624203125001 0.253125375 0.542187259375 0.25625 0.543749678125 0.25625 0.545312740625 0.2578123125 0.545312740625 0.259374625 0.5468751609375 0.259374625 0.5484375796875 0.2609376875 0.5531248390625 0.2609376875 0.5593751609375001 0.2671876875 0.5656248390624999 0.2671876875 0.567187259375 0.26875 0.568749678125 0.26875 0.570312740625 0.2703123125 0.5718751609375 0.2703123125 0.5734375796875 0.27187462500000004 0.582812740625 0.27187462500000004 0.5859375796874999 0.26875 0.5875 0.26875 0.5890624203125 0.2671876875 0.593749678125 0.2671876875 0.5953127406250001 0.265625375 0.5984375796875 0.265625375 0.6015624203125001 0.2625 0.6031248390624999 0.2625 0.606249678125 0.265625375 0.6093751609375 0.265625375 0.6109375796875 0.2671876875 0.618749678125 0.2671876875 0.620312740625 0.26875 0.6265624203125 0.26875 0.6281248390624999 0.2703123125 0.6343751609375 0.2703123125 0.6359375796875 0.26875 0.6375 0.26875 0.6390624203125 0.2671876875 0.645312740625 0.2671876875 0.6468751609375001 0.265625375 0.6484375796874999 0.265625375 0.6531248390625 0.2609376875 0.6593751609375 0.2609376875 0.6609375796875 0.259374625 0.6609375796875 0.2578123125 0.6640624203125001 0.25468768750000004 0.6656248390624999 0.25468768750000004 0.667187259375 0.253125375 0.667187259375 0.2515623125 0.668749678125 0.25 0.668749678125 0.2234376875 0.667187259375 0.22187537499999999 0.667187259375 0.21562462500000001 0.668749678125 0.2140623125 0.668749678125 0.190624625 0.667187259375 0.1890623125 0.667187259375 0.1578123125 0.6593751609375 0.15 0.6578127406250001 0.15 0.6515624203125 0.14375 0.65 0.14375 0.6484375796874999 0.1421876875 0.6468751609375001 0.1421876875 0.6437496781250001 0.1390623125 0.642187259375 0.1390623125 0.6406248390625 0.1375 0.6390624203125 0.1375 0.6343751609375 0.1328123125 0.632812740625 0.1328123125 0.631249678125 0.13125 0.6281248390624999 0.13125 0.6218751609375001 0.125 0.620312740625 0.125 0.618749678125 0.12343768749999999 0.617187259375 0.12343768749999999 0.6125 0.11875 0.5921872593749999 0.11875 0.5906248390625 0.1203123125 0.5890624203125 0.1203123125 0.5843751609375001 0.125 0.582812740625 0.125
35 0.3625 0.56875 0.3609375796875 0.5703123125 0.357812740625 0.5703123125 0.35312483906250003 0.575 0.35156242031249996 0.575 0.35 0.5765623125 0.3484375796875 0.5765623125 0.345312740625 0.5796876875 0.343750321875 0.5796876875 0.342187259375 0.58125 0.3406248390625 0.58125 0.33437516093749997 0.5875 0.332812740625 0.5875 0.3218751609375 0.5984376874999999 0.3218751609375 0.6609376874999999 0.325 0.6640623125 0.325 0.6703123125 0.3281248390625 0.6734376875 0.332812740625 0.6734376875 0.3390624203125 0.6796876875 0.3406248390625 0.6796876875 0.343750321875 0.6828123125000001 0.343750321875 0.6859376875 0.345312740625 0.6875 0.345312740625 0.690624625 0.3468751609375 0.6921876874999999 0.3468751609375 0.69375 0.3484375796875 0.6953123125 0.3484375796875 0.696874625 0.35 0.6984376875 0.35 0.7015623125 0.35156242031249996 0.703125375 0.35312483906250003 0.703125375 0.354687259375 0.7046876875 0.357812740625 0.7046876875 0.3593751609375 0.70625 0.3609375796875 0.70625 0.3625 0.7078123125 0.3625 0.7093746249999999 0.36406242031249997 0.7109376875 0.36718725937499996 0.7109376875 0.36874967812500004 0.7125 0.370312740625 0.7125 0.3734375796875 0.715624625 0.375 0.715624625 0.3765624203125 0.7171876875 0.3781248390625 0.7171876875 0.3843751609375 0.7234376874999999 0.3906248390625 0.7234376874999999 0.39687516093749997 0.7171876875 0.4 0.7171876875 0.4015624203125 0.715624625 0.40312483906249996 0.715624625 0.407812740625 0.7109376875 0.4109375796875 0.7109376875 0.4125 0.7093746249999999 0.4140624203125 0.7093746249999999 0.418749678125 0.7046876875 0.42187516093750005 0.7046876875 0.4265624203125 0.7 0.4281248390625 0.7 0.42968725937499996 0.6984376875 0.43124967812500004 0.6984376875 0.432812740625 0.696874625 0.43437516093750006 0.696874625 0.43437516093750006 0.6953123125 0.43593757968749997 0.69375 0.43593757968749997 0.684374625 0.4375 0.6828123125000001 0.4375 0.6796876875 0.43906242031250003 0.6781246249999999 0.43906242031250003 0.6765623125 0.44062483906249994 0.675 0.44062483906249994 0.671875375 0.442187259375 0.6703123125 0.442187259375 0.6640623125 0.4484375796875 0.6578123125 0.4484375796875 0.653124625 0.45 0.6515623125000001 0.45 0.609375375 0.4484375796875 0.6078123125 0.4484375796875 0.5953123125 0.4468751609375 0.59375 0.44531274062500004 0.59375 0.43906242031250003 0.5875 0.43437516093750006 0.5875 0.432812740625 0.5859376875 0.43124967812500004 0.5859376875 0.4265624203125 0.58125 0.42187516093750005 0.58125 0.420312740625 0.5796876875 0.418749678125 0.5796876875 0.4156248390625 0.5765623125 0.4140624203125 0.5765623125 0.4125 0.575 0.4109375796875 0.575 0.4015624203125 0.565624625 0.370312740625 0.565624625 0.36874967812500004 0.5671876874999999 0.36718725937499996 0.5671876874999999 0.3656248390625 0.56875 0.3625 0.56875
37 0.370312740625 0.27656231249999996 0.36718725937499996 0.2796876875 0.36406242031249997 0.2796876875 0.3625 0.28125 0.357812740625 0.28125 0.35312483906250003 0.28593768750000004 0.35156242031249996 0.28593768750000004 0.35 0.2875 0.3484375796875 0.2875 0.345312740625 0.290624625 0.345312740625 0.3015623125 0.3484375796875 0.3046876875 0.3484375796875 0.30781231249999996 0.35 0.309374625 0.35 0.3109376875 0.35156242031249996 0.3125 0.35156242031249996 0.3140623125 0.354687259375 0.31718768750000004 0.354687259375 0.31875 0.356249678125 0.3203123125 0.356249678125 0.325 0.357812740625 0.3265623125 0.357812740625 0.328125375 0.3625 0.3328123125 0.3625 0.33437462500000004 0.36874967812500004 0.340624625 0.36874967812500004 0.3453123125 0.36406242031249997 0.35 0.3593751609375 0.35 0.356249678125 0.353124625 0.356249678125 0.35625 0.354687259375 0.3578123125 0.354687259375 0.359375375 0.35312483906250003 0.3609376875 0.35156242031249996 0.3609376875 0.35 0.3625 0.3390624203125 0.3625 0.3281248390625 0.3515623125 0.3265624203125 0.3515623125 0.325 0.353124625 0.325 0.371874625 0.32343757968750003 0.3734376875 0.32343757968750003 0.38125 0.325 0.3828123125 0.325 0.384374625 0.32343757968750003 0.3859376875 0.32343757968750003 0.396875375 0.325 0.3984376875 0.3265624203125 0.3984376875 0.332812740625 0.40468768749999995 0.33437516093749997 0.40468768749999995 0.3406248390625 0.4109376875 0.343750321875 0.4109376875 0.345312740625 0.4125 0.3468751609375 0.4125 0.35156242031249996 0.41718768749999996 0.35312483906250003 0.41718768749999996 0.354687259375 0.41875 0.356249678125 0.41875 0.3593751609375 0.42187537500000005 0.3609375796875 0.42187537500000005 0.3625 0.4234376875 0.3656248390625 0.4234376875 0.36718725937499996 0.425 0.36874967812500004 0.425 0.3718751609375 0.42812537500000003 0.3765624203125 0.42812537500000003 0.38281274062500004 0.43437462499999996 0.3875 0.43437462499999996 0.3890624203125 0.43593768749999995 0.3906248390625 0.43593768749999995 0.392187259375 0.43437462499999996 0.39687516093749997 0.43437462499999996 0.4015624203125 0.42968768749999997 0.404687259375 0.42968768749999997 0.406250321875 0.42812537500000003 0.407812740625 0.42812537500000003 0.4109375796875 0.425 0.4125 0.425 0.4140624203125 0.4234376875 0.417187259375 0.4234376875 0.42187516093750005 0.41875 0.42343757968749995 0.41875 0.425 0.41718768749999996 0.4265624203125 0.41718768749999996 0.42968725937499996 0.41406231250000003 0.42968725937499996 0.371874625 0.4484375796875 0.353124625 0.4484375796875 0.30781231249999996 0.44062483906249994 0.3 0.43906242031250003 0.3 0.4375 0.2984376875 0.43593757968749997 0.2984376875 0.432812740625 0.2953123125 0.43124967812500004 0.2953123125 0.42968725937499996 0.29375 0.4265624203125 0.29375 0.42187516093750005 0.2890623125 0.420312740625 0.2890623125 0.418749678125 0.2875 0.417187259375 0.2875 0.4140624203125 0.284375375 0.407812740625 0.284375375 0.404687259375 0.2875 0.4015624203125 0.2875 0.4 0.28593768750000004 0.4 0.284375375 0.395312740625 0.2796876875 0.395312740625 0.278124625 0.393749678125 0.27656231249999996 0.393749678125 0.2734376875 0.392187259375 0.27187462500000004 0.392187259375 0.2703123125 0.38281274062500004 0.2703123125 0.3781248390625 0.275 0.375 0.275 0.3734375796875 0.27656231249999996 0.370312740625 0.27656231249999996
35 0.6593751609375 0.2703123125 0.6546872593749999 0.275 0.6531248390625 0.275 0.6484375796874999 0.2796876875 0.6468751609375001 0.2796876875 0.6437496781250001 0.2828123125 0.642187259375 0.2828123125 0.6390624203125 0.28593768750000004 0.6375 0.28593768750000004 0.6359375796875 0.2875 0.6343751609375 0.2875 0.631249678125 0.290624625 0.631249678125 0.2921876875 0.6265624203125 0.296875375 0.6265624203125 0.2984376875 0.625 0.3 0.625 0.309374625 0.6140624203125 0.3203123125 0.6140624203125 0.3984376875 0.6156248390625 0.3984376875 0.618749678125 0.4015623125 0.618749678125 0.40312462499999996 0.620312740625 0.40468768749999995 0.6234375796875 0.40468768749999995 0.625 0.40625 0.6265624203125 0.40625 0.629687259375 0.409374625 0.631249678125 0.409374625 0.632812740625 0.4109376875 0.6375 0.4109376875 0.6390624203125 0.4125 0.6468751609375001 0.4125 0.6484375796874999 0.4109376875 0.6531248390625 0.4109376875 0.6546872593749999 0.409374625 0.656249678125 0.409374625 0.6578127406250001 0.40781231250000005 0.6593751609375 0.40781231250000005 0.6609375796875 0.40625 0.6656248390624999 0.40625 0.668749678125 0.409374625 0.670312740625 0.409374625 0.6718751609375 0.4109376875 0.6765624203125 0.4109376875 0.6781248390625 0.4125 0.679687259375 0.4125 0.681249678125 0.41406231250000003 0.681249678125 0.41562462499999997 0.682812740625 0.41562462499999997 0.6843751609375001 0.41718768749999996 0.6859375796875 0.41718768749999996 0.6875 0.41875 0.695312740625 0.41875 0.6968751609375 0.41718768749999996 0.7 0.41718768749999996 0.7015624203125 0.41562462499999997 0.7031248390625 0.41562462499999997 0.707812740625 0.4109376875 0.7125 0.4109376875 0.7140624203125 0.409374625 0.7156248390625 0.409374625 0.7156248390625 0.40781231250000005 0.7171872593749999 0.40625 0.718750321875 0.40625 0.7203127406250001 0.40468768749999995 0.7218751609375 0.40468768749999995 0.7234375796875 0.40312462499999996 0.725 0.40312462499999996 0.725 0.4015623125 0.7265624203125001 0.4 0.7281248390624999 0.4 0.729687259375 0.3984376875 0.7343751609375 0.3984376875 0.7359375796875 0.396875375 0.7359375796875 0.39375 0.7375 0.3921876875 0.7375 0.3203123125 0.725 0.30781231249999996 0.725 0.3046876875 0.7234375796875 0.30312462500000004 0.7234375796875 0.2953123125 0.7093751609375001 0.28125 0.7062496781250001 0.28125 0.704687259375 0.2796876875 0.7031248390625 0.2796876875 0.6984375796875 0.275 0.6968751609375 0.275 0.6906248390624999 0.26875 0.6890624203125 0.26875 0.6875 0.2671876875 0.6656248390624999 0.2671876875 0.6640624203125001 0.26875 0.6625 0.26875 0.6609375796875 0.2703123125 0.6593751609375 0.2703123125
17 0.442187259375 0.125 0.4375 0.12968768749999998 0.43593757968749997 0.12968768749999998 0.43437516093750006 0.13125 0.432812740625 0.13125 0.4265624203125 0.1375 0.42343757968749995 0.1375 0.42187516093750005 0.1390623125 0.420312740625 0.1390623125 0.420312740625 0.140625375 0.4140624203125 0.14687462499999998 0.4140624203125 0.1484376875 0.4125 0.15 0.4125 0.15625 0.4109375796875 0.1578123125 0.4109375796875 0.159374625 0.407812740625 0.1625 0.407812740625 0.1640623125 0.406250321875 0.165624625 0.406250321875 0.1671876875 0.404687259375 0.16875 0.404687259375 0.1703123125 0.4 0.175 0.4 0.17812462499999998 0.39843757968750004 0.1796876875 0.39843757968750004 0.184374625 0.395312740625 0.1875 0.395312740625 0.25 0.39843757968750004 0.253125375 0.39843757968750004 0.25468768750000004 0.4 0.25625 0.4 0.2578123125 0.4015624203125 0.259374625 0.40312483906249996 0.259374625 0.404687259375 0.2609376875 0.407812740625 0.2609376875 0.4140624203125 0.2671876875 0.417187259375 0.2671876875 0.42187516093750005 0.27187462500000004 0.42343757968749995 0.27187462500000004 0.425 0.2734376875 0.4281248390625 0.2734376875 0.43124967812500004 0.27656231249999996 0.43124967812500004 0.278124625 0.432812740625 0.2796876875 0.4375 0.2796876875 0.43906242031250003 0.28125 0.44062483906249994 0.28125 0.44531274062500004 0.28593768750000004 0.4468751609375 0.28593768750000004 0.4484375796875 0.2875 0.45 0.2875 0.45156242031250005 0.2890623125 0.467187259375 0.2890623125 0.468750321875 0.2875 0.470312740625 0.2875 0.47187516093750004 0.28593768750000004 0.475 0.28593768750000004 0.4765624203125 0.284375375 0.4781248390625 0.284375375 0.482812740625 0.2796876875 0.48593757968749995 0.2796876875 0.4875 0.278124625 0.4890624203125 0.278124625 0.49218725937499996 0.275 0.49374967812500004 0.275 0.495312740625 0.2734376875 0.49687516093750006 0.2734376875 0.49843757968749997 0.27187462500000004 0.49843757968749997 0.2703123125 0.5015624203125 0.2671876875 0.507812740625 0.2671876875 0.5140624203125 0.2609376875 0.5156248390625 0.2609376875 0.5218751609375001 0.25468768750000004 0.5234375796874999 0.25468768750000004 0.5234375796874999 0.253125375 0.5265624203125 0.25 0.5265624203125 0.18125 0.525 0.1796876875 0.525 0.165624625 0.5234375796874999 0.1640623125 0.5234375796874999 0.159374625 0.5140624203125 0.15 0.5125 0.15 0.5109375796875 0.1484376875 0.5093751609375 0.1484376875 0.506249678125 0.1453123125 0.504687259375 0.1453123125 0.5031248390624999 0.14375 0.5015624203125 0.14375 0.495312740625 0.1375 0.49218725937499996 0.1375 0.4906248390625 0.1359376875 0.4890624203125 0.1359376875 0.48437516093750005 0.13125 0.482812740625 0.13125 0.479687259375 0.128124625 0.479687259375 0.1265623125 0.4781248390625 0.125 0.4765624203125 0.125 0.47187516093750004 0.1203123125 0.45 0.1203123125 0.4468751609375 0.12343768749999999 0.44531274062500004 0.12343768749999999 0.443749678125 0.125 0.442187259375 0.125
27 0.35156242031249996 0.725 0.35312483906250003 0.725 0.357812740625 0.7296876875 0.3593751609375 0.7296876875 0.3625 0.7328123125 0.3625 0.734375375 0.36406242031249997 0.7359376875 0.36718725937499996 0.7359376875 0.36874967812500004 0.7375 0.370312740625 0.7375 0.3718751609375 0.7390623125 0.38281274062500004 0.7390623125 0.3843751609375 0.7375 0.3843751609375 0.725 0.3781248390625 0.71875 0.3765624203125 0.71875 0.3734375796875 0.715624625 0.3734375796875 0.7140623125000001 0.3718751609375 0.7125 0.36874967812500004 0.7125 0.36406242031249997 0.7078123125 0.3625 0.7078123125 0.3593751609375 0.7046876875 0.357812740625 0.7046876875 0.356249678125 0.703125375 0.3375 0.703125375 0.3375 0.7140623125000001 0.3468751609375 0.7234376874999999 0.35 0.7234376874999999 0.35156242031249996 0.725
2 0.7968751609375 0.4125 0.795312740625 0.4125 0.793749678125 0.41406231250000003 0.793749678125 0.41562462499999997 0.792187259375 0.41718768749999996 0.792187259375 0.44687462499999997 0.793749678125 0.44843768749999996 0.793749678125 0.45781231250000004 0.8 0.4640623125 0.8 0.46562462499999996 0.8015624203125 0.46718768749999995 0.8406248390625001 0.46718768749999995 0.842187259375 0.46562462499999996 0.842187259375 0.4640623125 0.845312740625 0.46093768749999997 0.8468751609374999 0.46093768749999997 0.8484375796875 0.45937537500000003 0.8484375796875 0.43906231250000005 0.8406248390625001 0.43125 0.8328127406249999 0.43125 0.8296872593750001 0.42812537500000003 0.8296872593750001 0.4203123125 0.8281248390625 0.41875 0.8265624203125 0.41875 0.8234375796875 0.41562462499999997 0.8234375796875 0.41406231250000003 0.8218751609374999 0.4125 0.8203127406249999 0.4125 0.817187259375 0.409374625 0.817187259375 0.40781231250000005 0.8015624203125 0.40781231250000005 0.8015624203125 0.409374625 0.8 0.4109376875 0.7984375796875 0.4109376875 0.7968751609375 0.4125
7 0.22656242031249998 0.409374625 0.22968725937499998 0.409374625 0.23124967812500002 0.40781231250000005 0.2359375796875 0.40781231250000005 0.2375 0.409374625 0.23906242031249997 0.409374625 0.2406248390625 0.4109376875 0.2656248390625 0.4109376875 0.267187259375 0.409374625 0.268749678125 0.409374625 0.270312740625 0.40781231250000005 0.270312740625 0.35625 0.268749678125 0.3546876875 0.268749678125 0.353124625 0.267187259375 0.3515623125 0.218750321875 0.3515623125 0.218750321875 0.409374625 0.220312740625 0.4109376875 0.225 0.4109376875 0.22656242031249998 0.409374625
25 0.7906248390624999 0.55 0.7890624203125001 0.5515623125 0.7875 0.5515623125 0.7875 0.553125375 0.7843751609375 0.55625 0.7828127406250001 0.55625 0.781250321875 0.5578123125000001 0.7796872593749999 0.5578123125000001 0.770312740625 0.5671876874999999 0.7687496781250001 0.5671876874999999 0.7656248390625 0.5703123125 0.7640624203125 0.5703123125 0.7640624203125 0.58125 0.770312740625 0.58125 0.7718751609375001 0.5796876875 0.7734375796874999 0.58125 0.7781248390625 0.58125 0.7796872593749999 0.5796876875 0.7859375796875 0.5796876875 0.7875 0.578125375 0.7890624203125001 0.578125375 0.792187259375 0.575 0.793749678125 0.575 0.795312740625 0.5734376875 0.7968751609375 0.5734376875 0.8031248390625001 0.5671876874999999 0.807812740625 0.5671876874999999 0.8140624203125 0.5609376875 0.8156248390625 0.5609376875 0.817187259375 0.559374625 0.817187259375 0.54375 0.8015624203125 0.54375 0.8 0.5453123125 0.7984375796875 0.5453123125 0.793749678125 0.55 0.7906248390624999 0.55
27 0.267187259375 0.7093746249999999 0.2656248390625 0.7109376875 0.2640624203125 0.7109376875 0.2625 0.7125 0.2593751609375 0.7125 0.2531248390625 0.71875 0.2515624203125 0.71875 0.25 0.7203123125 0.25 0.721874625 0.24843757968750002 0.7234376874999999 0.24843757968750002 0.7375 0.25 0.7390623125 0.254687259375 0.7390623125 0.256249678125 0.7375 0.25781274062500004 0.7375 0.2593751609375 0.7359376875 0.2656248390625 0.7359376875 0.267187259375 0.734375375 0.267187259375 0.7328123125 0.270312740625 0.7296876875 0.27187516093749997 0.7296876875 0.27343757968750004 0.728124625 0.275 0.728124625 0.2781248390625 0.725 0.279687259375 0.725 0.281249678125 0.7234376874999999 0.2843751609375 0.7234376874999999 0.2859375796875 0.721874625 0.2859375796875 0.7203123125 0.28906242031249996 0.7171876875 0.29062483906250003 0.7171876875 0.292187259375 0.715624625 0.292187259375 0.7109376875 0.293749678125 0.7093746249999999 0.293749678125 0.7046876875 0.292187259375 0.703125375 0.292187259375 0.7015623125 0.275 0.7015623125 0.270312740625 0.70625 0.268749678125 0.70625 0.267187259375 0.7078123125 0.267187259375 0.7093746249999999
14 0.342187259375 0.7890623125 0.3406248390625 0.7875 0.29062483906250003 0.7875 0.29062483906250003 0.8484376875 0.3406248390625 0.8484376875 0.342187259375 0.8468746250000001 0.342187259375 0.7890623125
9 0.48593757968749995 0.20781231249999998 0.48437516093750005 0.20625 0.43593757968749997 0.20625 0.43593757968749997 0.2671876875 0.48437516093750005 0.2671876875 0.48593757968749995 0.265625375 0.48593757968749995 0.20781231249999998
28 0.407812740625 0.8609376875000001 0.40937516093750004 0.8609376875000001 0.4109375796875 0.8625 0.4125 0.8625 0.4140624203125 0.8640623125 0.4140624203125 0.865624625 0.4156248390625 0.865624625 0.417187259375 0.8671876875000001 0.420312740625 0.8671876875000001 0.4265624203125 0.8734376875000001 0.4281248390625 0.8734376875000001 0.43437516093750006 0.8796876875 0.43906242031250003 0.8796876875 0.443749678125 0.8843746250000001 0.454687259375 0.8843746250000001 0.456249678125 0.8828123124999999 0.456249678125 0.86875 0.454687259375 0.8671876875000001 0.454687259375 0.865624625 0.45156242031250005 0.8625 0.45 0.8625 0.44531274062500004 0.8578123124999999 0.443749678125 0.8578123124999999 0.442187259375 0.85625 0.44062483906249994 0.85625 0.43437516093750006 0.85 0.432812740625 0.85 0.4281248390625 0.8453123124999999 0.404687259375 0.8453123124999999 0.404687259375 0.85625 0.406250321875 0.8578123124999999 0.406250321875 0.8593753749999999 0.407812740625 0.8609376875000001
28 0.4765624203125 0.85625 0.470312740625 0.8625 0.468750321875 0.8625 0.467187259375 0.8640623125 0.46562483906249996 0.8640623125 0.4640624203125 0.865624625 0.4640624203125 0.8843746250000001 0.4781248390625 0.8843746250000001 0.482812740625 0.8796876875 0.48437516093750005 0.8796876875 0.4906248390625 0.8734376875000001 0.49374967812500004 0.8734376875000001 0.495312740625 0.8718753749999999 0.49687516093750006 0.8718753749999999 0.5015624203125 0.8671876875000001 0.5031248390624999 0.8671876875000001 0.504687259375 0.865624625 0.504687259375 0.8640623125 0.506249678125 0.8625 0.507812740625 0.8625 0.517187259375 0.8531246250000001 0.517187259375 0.84375 0.49374967812500004 0.84375 0.4875 0.85 0.48437516093750005 0.85 0.4781248390625 0.85625 0.4765624203125 0.85625
8 0.6 0.2640623125 0.6015624203125001 0.2625 0.6031248390624999 0.2625 0.606249678125 0.265625375 0.629687259375 0.265625375 0.629687259375 0.20625 0.5781248390625 0.20625 0.5781248390625 0.265625375 0.5968751609375 0.265625375 0.5984375796875 0.2640623125 0.6 0.2640623125
16 0.295312740625 0.2640623125 0.2968751609375 0.2625 0.2984375796875 0.2625 0.3 0.2609376875 0.307812740625 0.2609376875 0.3093751609375 0.2625 0.3109375796875 0.2625 0.3125 0.2640623125 0.3125 0.265625375 0.3140624203125 0.2671876875 0.3390624203125 0.2671876875 0.342187259375 0.2640623125 0.342187259375 0.20781231249999998 0.3406248390625 0.20625 0.29062483906250003 0.20625 0.29062483906250003 0.265625375 0.292187259375 0.265625375 0.293749678125 0.2640623125 0.295312740625 0.2640623125
13 0.629687259375 0.7890623125 0.6281248390624999 0.7875 0.579687259375 0.7875 0.579687259375 0.8484376875 0.6281248390624999 0.8484376875 0.629687259375 0.8468746250000001 0.629687259375 0.7890623125
2 0.6484375796874999 0.4203123125 0.6468751609375001 0.42187537500000005 0.6468751609375001 0.45 0.6484375796874999 0.4515623125 0.6484375796874999 0.45312537500000005 0.65 0.4546876875 0.65 0.46093768749999997 0.6515624203125 0.4625 0.6515624203125 0.4640623125 0.6531248390625 0.46562462499999996 0.695312740625 0.46562462499999996 0.7015624203125 0.45937537500000003 0.7031248390625 0.45937537500000003 0.7031248390625 0.45625 0.704687259375 0.4546876875 0.704687259375 0.43906231250000005 0.7031248390625 0.4375 0.7031248390625 0.43593768749999995 0.7 0.4328123125 0.6984375796875 0.4328123125 0.6968751609375 0.43125 0.6906248390624999 0.43125 0.6859375796875 0.42656231250000004 0.6859375796875 0.425 0.6843751609375001 0.4234376875 0.6843751609375001 0.42187537500000005 0.681249678125 0.41875 0.681249678125 0.41718768749999996 0.679687259375 0.41562462499999997 0.679687259375 0.41406231250000003 0.6781248390625 0.4125 0.6765624203125 0.4125 0.6734375796875 0.409374625 0.6734375796875 0.40781231250000005 0.656249678125 0.40781231250000005 0.65 0.41406231250000003 0.65 0.41718768749999996 0.6484375796874999 0.41875 0.6484375796874999 0.4203123125
26 0.42187516093750005 0.5796876875 0.425 0.5796876875 0.4265624203125 0.58125 0.4281248390625 0.58125 0.432812740625 0.5859376875 0.43437516093750006 0.5859376875 0.4375 0.5890623125000001 0.4375 0.590624625 0.43906242031250003 0.5921876875 0.4468751609375 0.5921876875 0.4484375796875 0.59375 0.45312483906249995 0.59375 0.456249678125 0.590624625 0.456249678125 0.5828123125 0.454687259375 0.58125 0.454687259375 0.5765623125 0.45156242031250005 0.5734376875 0.45 0.5734376875 0.4484375796875 0.571874625 0.4484375796875 0.5703123125 0.4468751609375 0.56875 0.44531274062500004 0.56875 0.443749678125 0.5671876874999999 0.442187259375 0.5671876874999999 0.43906242031250003 0.5640623125 0.4375 0.5640623125 0.43593757968749997 0.5625 0.432812740625 0.5625 0.42968725937499996 0.559374625 0.42968725937499996 0.5578123125000001 0.4281248390625 0.55625 0.4265624203125 0.55625 0.425 0.5546876875 0.406250321875 0.5546876875 0.406250321875 0.565624625 0.4140624203125 0.5734376875 0.4156248390625 0.5734376875 0.42187516093750005 0.5796876875
32 0.375 0.559374625 0.40312483906249996 0.559374625 0.404687259375 0.5578123125000001 0.404687259375 0.55625 0.407812740625 0.553125375 0.407812740625 0.5265623125000001 0.406250321875 0.525 0.406250321875 0.521875375 0.404687259375 0.5203123125 0.404687259375 0.5171876875 0.40312483906249996 0.515625375 0.40312483906249996 0.5140623125 0.39687516093749997 0.5078123125 0.3765624203125 0.5078123125 0.36874967812500004 0.515625375 0.36874967812500004 0.5546876875 0.370312740625 0.5546876875 0.375 0.559374625
28 0.55 0.7109376875 0.5484375796875 0.7125 0.545312740625 0.7125 0.543749678125 0.7140623125000001 0.543749678125 0.715624625 0.5406248390624999 0.71875 0.5390624203125001 0.71875 0.5375 0.7203123125 0.5375 0.7234376874999999 0.5359375796875 0.725 0.5359375796875 0.7265623125 0.5343751609375 0.728124625 0.5343751609375 0.7359376875 0.5375 0.7390623125 0.543749678125 0.7390623125 0.545312740625 0.7375 0.5484375796875 0.7375 0.55 0.7359376875 0.5531248390625 0.7359376875 0.5593751609375001 0.7296876875 0.5640624203125 0.7296876875 0.570312740625 0.7234376874999999 0.5718751609375 0.7234376874999999 0.5781248390625 0.7171876875 0.5812496781250001 0.7171876875 0.582812740625 0.715624625 0.5843751609375001 0.715624625 0.5843751609375001 0.7140623125000001 0.5859375796874999 0.7125 0.5859375796874999 0.7093746249999999 0.5875 0.7078123125 0.5875 0.70625 0.5890624203125 0.7046876875 0.5890624203125 0.7 0.5640624203125 0.7 0.557812740625 0.70625 0.556249678125 0.70625 0.5515624203125 0.7109376875 0.55 0.7109376875
11 0.6265624203125 0.55625 0.6281248390624999 0.55625 0.6281248390624999 0.5546876875 0.629687259375 0.553125375 0.629687259375 0.49687462499999996 0.579687259375 0.49687462499999996 0.579687259375 0.5578123125000001 0.5812496781250001 0.559374625 0.6234375796875 0.559374625 0.6265624203125 0.55625
27 0.40312483906249996 0.7125 0.39687516093749997 0.71875 0.395312740625 0.71875 0.393749678125 0.7203123125 0.393749678125 0.7296876875 0.392187259375 0.73125 0.392187259375 0.734375375 0.393749678125 0.7359376875 0.393749678125 0.7390623125 0.4015624203125 0.7390623125 0.40312483906249996 0.7375 0.404687259375 0.7375 0.406250321875 0.7359376875 0.40937516093750004 0.7359376875 0.4109375796875 0.734375375 0.4109375796875 0.7328123125 0.4140624203125 0.7296876875 0.420312740625 0.7296876875 0.4265624203125 0.7234376874999999 0.4281248390625 0.7234376874999999 0.42968725937499996 0.721874625 0.42968725937499996 0.7203123125 0.432812740625 0.7171876875 0.43593757968749997 0.7171876875 0.442187259375 0.7109376875 0.442187259375 0.7078123125 0.443749678125 0.70625 0.443749678125 0.7 0.42187516093750005 0.7 0.4156248390625 0.70625 0.4140624203125 0.70625 0.407812740625 0.7125 0.40312483906249996 0.7125
8 0.482812740625 0.55625 0.48593757968749995 0.553125375 0.48593757968749995 0.49687462499999996 0.43437516093750006 0.49687462499999996 0.43437516093750006 0.5578123125000001 0.4781248390625 0.5578123125000001 0.479687259375 0.55625 0.482812740625 0.55625
4 0.292187259375 0.659374625 0.29062483906250003 0.6609376874999999 0.28906242031249996 0.6609376874999999 0.28906242031249996 0.6625 0.2875 0.6640623125 0.2875 0.6953123125 0.293749678125 0.7015623125 0.293749678125 0.703125375 0.2968751609375 0.70625 0.3 0.70625 0.30156242031249997 0.7078123125 0.33437516093749997 0.7078123125 0.3375 0.7046876875 0.3406248390625 0.7046876875 0.342187259375 0.703125375 0.342187259375 0.7 0.343750321875 0.6984376875 0.343750321875 0.696874625 0.345312740625 0.6953123125 0.345312740625 0.6828123125000001 0.3390624203125 0.6765623125 0.3375 0.6765623125 0.33593757968750004 0.675 0.3281248390625 0.675 0.32343757968750003 0.6703123125 0.32343757968750003 0.6640623125 0.318749678125 0.659374625 0.318749678125 0.6578123125 0.3156248390625 0.6546876875 0.3156248390625 0.653124625 0.3140624203125 0.6515623125000001 0.3 0.6515623125000001 0.295312740625 0.65625 0.293749678125 0.65625 0.292187259375 0.6578123125 0.292187259375 0.659374625
25 0.756249678125 0.41562462499999997 0.757812740625 0.41718768749999996 0.7593751609375 0.41718768749999996 0.7625 0.4203123125 0.7625 0.42187537500000005 0.7640624203125 0.4234376875 0.7656248390625 0.4234376875 0.767187259375 0.425 0.7687496781250001 0.425 0.7718751609375001 0.42812537500000003 0.7734375796874999 0.42812537500000003 0.775 0.42968768749999997 0.7781248390625 0.42968768749999997 0.781250321875 0.4328123125 0.781250321875 0.43437462499999996 0.7828127406250001 0.43593768749999995 0.7906248390624999 0.43593768749999995 0.7906248390624999 0.41406231250000003 0.7890624203125001 0.41406231250000003 0.7875 0.4125 0.7843751609375 0.4125 0.7781248390625 0.40625 0.7765624203125 0.40625 0.775 0.40468768749999995 0.7734375796874999 0.40468768749999995 0.770312740625 0.4015623125 0.7687496781250001 0.4015623125 0.767187259375 0.4 0.757812740625 0.4 0.754687259375 0.396875375 0.75 0.396875375 0.75 0.4109376875 0.7531248390624999 0.4109376875 0.756249678125 0.41406231250000003 0.756249678125 0.41562462499999997
32 0.22656242031249998 0.128124625 0.225 0.12968768749999998 0.225 0.13437537500000002 0.22343757968750003 0.1359376875 0.22343757968750003 0.1671876875 0.225 0.16875 0.225 0.1703123125 0.22656242031249998 0.171875375 0.2281248390625 0.171875375 0.22968725937499998 0.1734376875 0.254687259375 0.1734376875 0.256249678125 0.171875375 0.25781274062500004 0.171875375 0.26093757968750003 0.16875 0.26093757968750003 0.1671876875 0.2625 0.165624625 0.2625 0.1640623125 0.2640624203125 0.1625 0.2640624203125 0.140625375 0.2625 0.1390623125 0.2625 0.1359376875 0.26093757968750003 0.13437537500000002 0.26093757968750003 0.128124625 0.2531248390625 0.1203123125 0.2343751609375 0.1203123125 0.22968725937499998 0.125 0.2281248390625 0.125 0.22656242031249998 0.1265623125 0.22656242031249998 0.128124625
26 0.3593751609375 0.25625 0.35312483906250003 0.2625 0.35156242031249996 0.2625 0.3468751609375 0.2671876875 0.345312740625 0.2671876875 0.343750321875 0.26875 0.342187259375 0.26875 0.3406248390625 0.2703123125 0.3390624203125 0.2703123125 0.3390624203125 0.27187462500000004 0.3375 0.2734376875 0.33593757968750004 0.2734376875 0.33437516093749997 0.275 0.33437516093749997 0.2890623125 0.35 0.2890623125 0.35156242031249996 0.2875 0.354687259375 0.2875 0.356249678125 0.28593768750000004 0.3593751609375 0.28593768750000004 0.3609375796875 0.284375375 0.3609375796875 0.2828123125 0.36406242031249997 0.2796876875 0.3656248390625 0.2796876875 0.36718725937499996 0.278124625 0.36874967812500004 0.278124625 0.3718751609375 0.275 0.3734375796875 0.275 0.375 0.2734376875 0.3765624203125 0.2734376875 0.3843751609375 0.265625375 0.3843751609375 0.253125375 0.36718725937499996 0.253125375 0.3656248390625 0.25468768750000004 0.36406242031249997 0.25468768750000004 0.3625 0.25625 0.3593751609375 0.25625
26 0.32031274062500004 0.12187462499999999 0.3218751609375 0.12343768749999999 0.32343757968750003 0.12343768749999999 0.3281248390625 0.128124625 0.329687259375 0.128124625 0.331249678125 0.12968768749999998 0.33437516093749997 0.12968768749999998 0.3375 0.1328123125 0.3375 0.13437537500000002 0.3390624203125 0.1359376875 0.3406248390625 0.1359376875 0.343750321875 0.1390623125 0.343750321875 0.140625375 0.345312740625 0.1421876875 0.35 0.1421876875 0.35156242031249996 0.14375 0.35312483906250003 0.14375 0.357812740625 0.1484376875 0.3656248390625 0.1484376875 0.3656248390625 0.1265623125 0.36406242031249997 0.125 0.3625 0.125 0.3609375796875 0.12343768749999999 0.3593751609375 0.12343768749999999 0.356249678125 0.1203123125 0.354687259375 0.1203123125 0.35312483906250003 0.11875 0.35156242031249996 0.11875 0.345312740625 0.1125 0.3406248390625 0.1125 0.33437516093749997 0.10625 0.317187259375 0.10625 0.317187259375 0.11875 0.318749678125 0.1203123125 0.318749678125 0.12187462499999999 0.32031274062500004 0.12187462499999999
33 0.5875 0.275 0.5859375796874999 0.27656231249999996 0.5859375796874999 0.31718768750000004 0.617187259375 0.31718768750000004 0.618749678125 0.315624625 0.620312740625 0.315624625 0.6218751609375001 0.3140623125 0.6218751609375001 0.3125 0.6234375796875 0.3109376875 0.6234375796875 0.278124625 0.617187259375 0.27187462500000004 0.617187259375 0.2703123125 0.6156248390625 0.26875 0.6140624203125 0.26875 0.6125 0.2671876875 0.5921872593749999 0.2671876875 0.5906248390625 0.26875 0.5890624203125 0.26875 0.5875 0.2703123125 0.5875 0.275
32 0.443749678125 0.7015623125 0.443749678125 0.703125375 0.44531274062500004 0.7046876875 0.4781248390625 0.7046876875 0.479687259375 0.703125375 0.479687259375 0.6640623125 0.4781248390625 0.6625 0.4765624203125 0.6625 0.4734375796875 0.659374625 0.4734375796875 0.6578123125 0.47187516093750004 0.65625 0.470312740625 0.65625 0.467187259375 0.653124625 0.45 0.653124625 0.43906242031250003 0.6640623125 0.43906242031250003 0.6984376875 0.44062483906249994 0.6984376875 0.443749678125 0.7015623125
28 0.2125 0.55 0.21093757968750002 0.5515623125 0.2093751609375 0.5515623125 0.20468725937499999 0.55625 0.2015624203125 0.55625 0.2 0.5578123125000001 0.2 0.559374625 0.1984375796875 0.5609376875 0.1968751609375 0.5609376875 0.19531274062499998 0.5625 0.193749678125 0.5625 0.1890624203125 0.5671876874999999 0.1875 0.5671876874999999 0.1859375796875 0.56875 0.182812740625 0.56875 0.18124967812499998 0.5703123125 0.18124967812499998 0.571874625 0.1781248390625 0.575 0.1765624203125 0.575 0.1765624203125 0.5921876875 0.1906248390625 0.5921876875 0.1968751609375 0.5859376875 0.1984375796875 0.5859376875 0.2 0.584375375 0.2015624203125 0.584375375 0.206249678125 0.5796876875 0.2093751609375 0.5796876875 0.21093757968750002 0.578125375 0.21093757968750002 0.5765623125 0.21406242031249997 0.5734376875 0.217187259375 0.5734376875 0.220312740625 0.5703123125 0.22187516093749998 0.5703123125 0.225 0.5671876874999999 0.2281248390625 0.5671876874999999 0.22968725937499998 0.565624625 0.22968725937499998 0.5640623125 0.23281274062500001 0.5609376875 0.2343751609375 0.5609376875 0.242187259375 0.553125375 0.242187259375 0.54375 0.220312740625 0.54375 0.218750321875 0.5453123125 0.218750321875 0.546875375 0.21562483906250002 0.55 0.2125 0.55
28 0.48437516093750005 0.5625 0.482812740625 0.5625 0.4765624203125 0.56875 0.47187516093750004 0.56875 0.46562483906249996 0.575 0.4640624203125 0.575 0.4640624203125 0.5921876875 0.4781248390625 0.5921876875 0.479687259375 0.590624625 0.481249678125 0.590624625 0.48437516093750005 0.5875 0.48593757968749995 0.5875 0.4875 0.5859376875 0.4890624203125 0.5859376875 0.495312740625 0.5796876875 0.49687516093750006 0.5796876875 0.5015624203125 0.575 0.5031248390624999 0.575 0.504687259375 0.5734376875 0.507812740625 0.5734376875 0.5140624203125 0.5671876874999999 0.5156248390625 0.5671876874999999 0.517187259375 0.565624625 0.517187259375 0.5546876875 0.49218725937499996 0.5546876875 0.4890624203125 0.5578123125000001 0.4875 0.5578123125000001 0.4875 0.559374625 0.48437516093750005 0.5625
25 0.7234375796875 0.4 0.7218751609375 0.4015623125 0.7203127406250001 0.4015623125 0.7203127406250001 0.40312462499999996 0.718750321875 0.40468768749999995 0.7171872593749999 0.40468768749999995 0.7156248390625 0.40625 0.7140624203125 0.40625 0.707812740625 0.4125 0.7062496781250001 0.4125 0.7015624203125 0.41718768749999996 0.7 0.41718768749999996 0.6984375796875 0.41875 0.6968751609375 0.41875 0.693749678125 0.42187537500000005 0.693749678125 0.43593768749999995 0.7093751609375001 0.43593768749999995 0.7109375796874999 0.43437462499999996 0.7125 0.43437462499999996 0.7156248390625 0.43125 0.7171872593749999 0.43125 0.718750321875 0.42968768749999997 0.7203127406250001 0.42968768749999997 0.7265624203125001 0.4234376875 0.7281248390624999 0.4234376875 0.7343751609375 0.41718768749999996 0.7390624203125 0.41718768749999996 0.745312740625 0.4109376875 0.7468751609375001 0.4109376875 0.7468751609375001 0.396875375 0.729687259375 0.396875375 0.7281248390624999 0.3984376875 0.7265624203125001 0.3984376875 0.725 0.4 0.7234375796875 0.4
34 0.5843751609375001 0.6984376875 0.5875 0.7015623125 0.5875 0.703125375 0.5890624203125 0.7046876875 0.617187259375 0.7046876875 0.618749678125 0.703125375 0.620312740625 0.703125375 0.6218751609375001 0.7015623125 0.6218751609375001 0.7 0.6234375796875 0.6984376875 0.6234375796875 0.665624625 0.617187259375 0.659374625 0.617187259375 0.6578123125 0.6156248390625 0.65625 0.6140624203125 0.65625 0.6125 0.6546876875 0.5921872593749999 0.6546876875 0.5875 0.659374625 0.5875 0.6609376874999999 0.5843751609375001 0.6640623125 0.5843751609375001 0.6984376875
12 0.3390624203125 0.55625 0.342187259375 0.553125375 0.342187259375 0.49687462499999996 0.292187259375 0.49687462499999996 0.292187259375 0.5578123125000001 0.33593757968750004 0.5578123125000001 0.3375 0.55625 0.3390624203125 0.55625
12 0.6625 0.409374625 0.6640624203125001 0.40781231250000005 0.6656248390624999 0.40781231250000005 0.667187259375 0.409374625 0.668749678125 0.409374625 0.670312740625 0.4109376875 0.6765624203125 0.4109376875 0.6781248390625 0.4125 0.695312740625 0.4125 0.6968751609375 0.4109376875 0.7 0.4109376875 0.7015624203125 0.409374625 0.7031248390625 0.409374625 0.7031248390625 0.3515623125 0.6515624203125 0.3515623125 0.6515624203125 0.4109376875 0.6593751609375 0.4109376875 0.6609375796875 0.409374625 0.6625 0.409374625
13 0.38281274062500004 0.4125 0.4015624203125 0.4125 0.40312483906249996 0.4109376875 0.4109375796875 0.4109376875 0.4125 0.409374625 0.4140624203125 0.409374625 0.4140624203125 0.3515623125 0.3625 0.3515623125 0.3625 0.409374625 0.36406242031249997 0.4109376875 0.381249678125 0.4109376875 0.38281274062500004 0.4125
25 0.682812740625 0.5609376875 0.6843751609375001 0.5609376875 0.6875 0.5640623125 0.6875 0.565624625 0.6890624203125 0.5671876874999999 0.692187259375 0.5671876874999999 0.693749678125 0.56875 0.695312740625 0.56875 0.7 0.5734376875 0.7031248390625 0.5734376875 0.7062496781250001 0.5765623125 0.7062496781250001 0.578125375 0.707812740625 0.5796876875 0.7125 0.5796876875 0.7140624203125 0.58125 0.7171872593749999 0.578125375 0.7171872593749999 0.5578123125000001 0.7156248390625 0.55625 0.7093751609375001 0.55625 0.7031248390625 0.55 0.7015624203125 0.55 0.6968751609375 0.5453123125 0.695312740625 0.5453123125 0.693749678125 0.54375 0.6781248390625 0.54375 0.6781248390625 0.5546876875 0.679687259375 0.55625 0.679687259375 0.5578123125000001 0.682812740625 0.5609376875
2 0.43124967812500004 0.40312462499999996 0.432812740625 0.40468768749999995 0.432812740625 0.40625 0.43593757968749997 0.409374625 0.43593757968749997 0.4109376875 0.4375 0.4125 0.4375 0.41562462499999997 0.43906242031250003 0.41718768749999996 0.479687259375 0.41718768749999996 0.481249678125 0.41562462499999997 0.482812740625 0.41562462499999997 0.48437516093750005 0.41406231250000003 0.48437516093750005 0.4125 0.48593757968749995 0.4109376875 0.48593757968749995 0.40781231250000005 0.4875 0.40625 0.4875 0.3890623125 0.48593757968749995 0.3875 0.4781248390625 0.3875 0.4765624203125 0.3859376875 0.475 0.3859376875 0.4734375796875 0.384374625 0.4734375796875 0.3828123125 0.47187516093750004 0.3828123125 0.467187259375 0.378124625 0.467187259375 0.37031231249999996 0.46562483906249996 0.36875 0.4640624203125 0.36875 0.4609375796875 0.36562462500000004 0.4609375796875 0.3625 0.4593751609375 0.3609376875 0.4593751609375 0.359375375 0.442187259375 0.359375375 0.43906242031250003 0.3625 0.4375 0.3625 0.43124967812500004 0.36875 0.43124967812500004 0.40312462499999996
28 0.3390624203125 0.8515623124999999 0.33437516093749997 0.85625 0.332812740625 0.85625 0.331249678125 0.8578123124999999 0.331249678125 0.8593753749999999 0.3281248390625 0.8625 0.3265624203125 0.8625 0.325 0.8640623125 0.32343757968750003 0.8640623125 0.32343757968750003 0.865624625 0.3218751609375 0.8671876875000001 0.32031274062500004 0.8671876875000001 0.318749678125 0.86875 0.318749678125 0.8843746250000001 0.332812740625 0.8843746250000001 0.33593757968750004 0.88125 0.3375 0.88125 0.3390624203125 0.8796876875 0.3406248390625 0.8796876875 0.3468751609375 0.8734376875000001 0.35156242031249996 0.8734376875000001 0.357812740625 0.8671876875000001 0.3593751609375 0.8671876875000001 0.3609375796875 0.865624625 0.3609375796875 0.8640623125 0.36406242031249997 0.8609376875000001 0.3656248390625 0.8609376875000001 0.36718725937499996 0.8593753749999999 0.36874967812500004 0.8593753749999999 0.36874967812500004 0.8578123124999999 0.370312740625 0.85625 0.3718751609375 0.85625 0.3718751609375 0.8453123124999999 0.35 0.8453123124999999 0.345312740625 0.85 0.342187259375 0.85 0.3406248390625 0.8515623124999999 0.3390624203125 0.8515623124999999
14 0.5515624203125 0.4125 0.5531248390625 0.4109376875 0.557812740625 0.4109376875 0.5593751609375001 0.409374625 0.5593751609375001 0.353124625 0.557812740625 0.3515623125 0.507812740625 0.3515623125 0.507812740625 0.4109376875 0.5093751609375 0.4109376875 0.5109375796875 0.4125 0.5515624203125 0.4125
28 0.256249678125 0.8546876875 0.2593751609375 0.8546876875 0.2625 0.8578123124999999 0.2625 0.8593753749999999 0.2640624203125 0.8609376875000001 0.2656248390625 0.8609376875000001 0.268749678125 0.8640623125 0.268749678125 0.865624625 0.270312740625 0.8671876875000001 0.275 0.8671876875000001 0.2765624203125 0.86875 0.2781248390625 0.86875 0.279687259375 0.8703123125 0.279687259375 0.8718753749999999 0.281249678125 0.8718753749999999 0.282812740625 0.8734376875000001 0.2843751609375 0.8734376875000001 0.2875 0.8765623124999999 0.2875 0.8781246250000001 0.28906242031249996 0.8796876875 0.292187259375 0.8796876875 0.2968751609375 0.8843746250000001 0.3109375796875 0.8843746250000001 0.3125 0.8828123124999999 0.3125 0.8718753749999999 0.3109375796875 0.8703123125 0.3109375796875 0.865624625 0.307812740625 0.8625 0.30468725937499996 0.8625 0.3031248390625 0.8609376875000001 0.30156242031249997 0.8609376875000001 0.2968751609375 0.85625 0.295312740625 0.85625 0.293749678125 0.8546876875 0.292187259375 0.8546876875 0.28906242031249996 0.8515623124999999 0.2875 0.8515623124999999 0.2859375796875 0.85 0.2843751609375 0.85 0.2781248390625 0.84375 0.2765624203125 0.84375 0.270312740625 0.8375 0.2656248390625 0.8375 0.26093757968750003 0.8328123125 0.24843757968750002 0.8328123125 0.24843757968750002 0.8484376875 0.2531248390625 0.8531246250000001 0.254687259375 0.8531246250000001 0.256249678125 0.8546876875
26 0.46562483906249996 0.65 0.46562483906249996 0.596874625 0.454687259375 0.596874625 0.454687259375 0.6515623125000001 0.4625 0.6515623125000001 0.4640624203125 0.65 0.46562483906249996 0.65
16 0.4156248390625 0.64375 0.4140624203125 0.64375 0.4125 0.6421876875 0.3625 0.6421876875 0.3625 0.703125375 0.4109375796875 0.703125375 0.4156248390625 0.6984376875 0.4156248390625 0.64375
28 0.625 0.715624625 0.6265624203125 0.7171876875 0.6281248390624999 0.7171876875 0.632812740625 0.721874625 0.6343751609375 0.721874625 0.6359375796875 0.7234376874999999 0.6406248390625 0.7234376874999999 0.6437496781250001 0.7265623125 0.6437496781250001 0.728124625 0.645312740625 0.7296876875 0.6468751609375001 0.7296876875 0.6531248390625 0.7359376875 0.656249678125 0.7359376875 0.6578127406250001 0.7375 0.6593751609375 0.7375 0.6625 0.7406246249999999 0.6718751609375 0.7406246249999999 0.6718751609375 0.7390623125 0.6734375796875 0.7375 0.6734375796875 0.725 0.6718751609375 0.7234376874999999 0.6718751609375 0.721874625 0.670312740625 0.7203123125 0.668749678125 0.7203123125 0.667187259375 0.71875 0.6656248390624999 0.71875 0.6593751609375 0.7125 0.6578127406250001 0.7125 0.656249678125 0.7109376875 0.6546872593749999 0.7109376875 0.65 0.70625 0.6468751609375001 0.70625 0.6406248390625 0.7 0.620312740625 0.7 0.620312740625 0.7109376875 0.6218751609375001 0.7109376875 0.625 0.7140623125000001 0.625 0.715624625
28 0.55 0.565624625 0.557812740625 0.5734376875 0.5593751609375001 0.5734376875 0.5656248390624999 0.5796876875 0.570312740625 0.5796876875 0.5765624203125 0.5859376875 0.5781248390625 0.5859376875 0.5812496781250001 0.5890623125000001 0.5812496781250001 0.590624625 0.582812740625 0.5921876875 0.593749678125 0.5921876875 0.5953127406250001 0.59375 0.5968751609375 0.59375 0.5984375796875 0.5921876875 0.6015624203125001 0.5921876875 0.6015624203125001 0.5796876875 0.6 0.578125375 0.6 0.5765623125 0.5968751609375 0.5734376875 0.5953127406250001 0.5734376875 0.593749678125 0.571874625 0.593749678125 0.5703123125 0.5921872593749999 0.5703123125 0.5906248390625 0.56875 0.5890624203125 0.56875 0.582812740625 0.5625 0.579687259375 0.5625 0.5781248390625 0.5609376875 0.5765624203125 0.5609376875 0.5718751609375 0.55625 0.570312740625 0.55625 0.567187259375 0.553125375 0.5468751609375 0.553125375 0.5468751609375 0.5625 0.5484375796875 0.5640623125 0.5484375796875 0.565624625 0.55 0.565624625
34 0.517187259375 0.559374625 0.5187496781250001 0.559374625 0.520312740625 0.5609376875 0.545312740625 0.5609376875 0.5515624203125 0.5546876875 0.5515624203125 0.5203123125 0.5484375796875 0.5171876875 0.5484375796875 0.5140623125 0.5468751609375 0.5125 0.545312740625 0.5125 0.542187259375 0.509374625 0.542187259375 0.5078123125 0.5234375796874999 0.5078123125 0.5125 0.51875 0.5125 0.55625 0.5140624203125 0.55625 0.517187259375 0.559374625
7 0.5593751609375001 0.64375 0.557812740625 0.6421876875 0.507812740625 0.6421876875 0.507812740625 0.7015623125 0.557812740625 0.7015623125 0.5593751609375001 0.7 0.5593751609375001 0.64375
15 0.15312483906250002 0.5578123125000001 0.1734375796875 0.5578123125000001 0.175 0.55625 0.1875 0.55625 0.1890624203125 0.5578123125000001 0.1906248390625 0.55625 0.193749678125 0.55625 0.19531274062499998 0.5546876875 0.1968751609375 0.5546876875 0.1968751609375 0.49687462499999996 0.1484375796875 0.49687462499999996 0.1484375796875 0.5546876875 0.15 0.55625 0.1515624203125 0.55625 0.15312483906250002 0.5578123125000001
26 0.243749678125 0.25 0.2468751609375 0.25 0.24843757968750002 0.2484376875 0.25 0.2484376875 0.2515624203125 0.24687462500000001 0.2515624203125 0.1765623125 0.2359375796875 0.1765623125 0.2359375796875 0.2453123125 0.23906242031249997 0.2484376875 0.242187259375 0.2484376875 0.243749678125 0.25
26 0.282812740625 0.11875 0.279687259375 0.11875 0.2781248390625 0.1203123125 0.2765624203125 0.1203123125 0.27187516093749997 0.125 0.270312740625 0.125 0.267187259375 0.128124625 0.267187259375 0.15 0.268749678125 0.1484376875 0.2765624203125 0.1484376875 0.282812740625 0.1421876875 0.2843751609375 0.1421876875 0.29062483906250003 0.1359376875 0.292187259375 0.1359376875 0.293749678125 0.13437537500000002 0.295312740625 0.13437537500000002 0.2984375796875 0.13125 0.3 0.13125 0.30156242031249997 0.12968768749999998 0.3031248390625 0.12968768749999998 0.30468725937499996 0.128124625 0.30468725937499996 0.1265623125 0.307812740625 0.12343768749999999 0.3093751609375 0.12343768749999999 0.3109375796875 0.12187462499999999 0.3109375796875 0.11875 0.3125 0.1171876875 0.3125 0.115624625 0.3140624203125 0.11406231250000001 0.3140624203125 0.10781231250000001 0.293749678125 0.10781231250000001 0.293749678125 0.10937537500000001 0.29062483906250003 0.1125 0.28906242031249996 0.1125 0.282812740625 0.11875
28 0.25 0.5359376874999999 0.25 0.534374625 0.2515624203125 0.5328123125 0.2515624203125 0.5140623125 0.25 0.5125 0.25 0.471874625 0.23906242031249997 0.471874625 0.23906242031249997 0.540624625 0.24843757968750002 0.540624625 0.24843757968750002 0.5375 0.25 0.5359376874999999
28 0.607812740625 0.65 0.6093751609375 0.6484376875 0.6093751609375 0.596874625 0.5984375796875 0.596874625 0.5984375796875 0.6515623125000001 0.6015624203125001 0.6515623125000001 0.6031248390624999 0.65 0.607812740625 0.65
31 0.731249678125 0.2703123125 0.731249678125 0.27187462500000004 0.729687259375 0.2734376875 0.729687259375 0.315624625 0.731249678125 0.315624625 0.732812740625 0.31718768750000004 0.7609375796875 0.31718768750000004 0.7625 0.315624625 0.7640624203125 0.315624625 0.7656248390625 0.3140623125 0.7656248390625 0.3125 0.767187259375 0.3109376875 0.767187259375 0.27656231249999996 0.7656248390625 0.275 0.7640624203125 0.275 0.7609375796875 0.27187462500000004 0.7609375796875 0.2703123125 0.7593751609375 0.26875 0.757812740625 0.26875 0.754687259375 0.265625375 0.754687259375 0.2640623125 0.7375 0.2640623125 0.7375 0.265625375 0.7343751609375 0.26875 0.732812740625 0.26875 0.731249678125 0.2703123125
29 0.32343757968750003 0.3328123125 0.32343757968750003 0.346874625 0.325 0.34843768750000004 0.3281248390625 0.34843768750000004 0.332812740625 0.353124625 0.332812740625 0.3546876875 0.33593757968750004 0.3578123125 0.33593757968750004 0.359375375 0.3375 0.3609376875 0.3375 0.3640623125 0.35156242031249996 0.3640623125 0.35312483906250003 0.3625 0.35312483906250003 0.3609376875 0.354687259375 0.359375375 0.354687259375 0.3578123125 0.356249678125 0.35625 0.356249678125 0.3546876875 0.3609375796875 0.35 0.3625 0.35 0.36406242031249997 0.34843768750000004 0.36718725937499996 0.34843768750000004 0.36874967812500004 0.346874625 0.36874967812500004 0.3421876875 0.36718725937499996 0.340624625 0.36718725937499996 0.33437462500000004 0.36406242031249997 0.33125 0.3609375796875 0.33125 0.3593751609375 0.3296876875 0.357812740625 0.3296876875 0.356249678125 0.328125375 0.356249678125 0.325 0.354687259375 0.3234376875 0.354687259375 0.3140623125 0.35156242031249996 0.3109376875 0.3484375796875 0.3109376875 0.3468751609375 0.309374625 0.331249678125 0.309374625 0.331249678125 0.3234376875 0.329687259375 0.325 0.329687259375 0.3265623125 0.32343757968750003 0.3328123125
11 0.268749678125 0.7015623125 0.268749678125 0.7 0.270312740625 0.6984376875 0.27187516093749997 0.6984376875 0.27187516093749997 0.6453123125 0.268749678125 0.6421876875 0.218750321875 0.6421876875 0.218750321875 0.703125375 0.220312740625 0.7046876875 0.2656248390625 0.7046876875 0.268749678125 0.7015623125
26 0.393749678125 0.24687462500000001 0.393749678125 0.24375 0.395312740625 0.24218768750000003 0.395312740625 0.1765623125 0.38281274062500004 0.1765623125 0.38281274062500004 0.2484376875 0.3906248390625 0.2484376875 0.392187259375 0.24687462500000001 0.393749678125 0.24687462500000001
28 0.5343751609375 0.79375 0.5359375796875 0.7921876875 0.5359375796875 0.7421876875 0.5265624203125 0.7421876875 0.5265624203125 0.796875375 0.5328127406250001 0.796875375 0.5343751609375 0.7953123125 0.5343751609375 0.79375
25 0.754687259375 0.3953123125 0.754687259375 0.321874625 0.742187259375 0.321874625 0.742187259375 0.3953123125 0.743749678125 0.396875375 0.7531248390624999 0.396875375 0.754687259375 0.3953123125
26 0.3140624203125 0.396875375 0.317187259375 0.396875375 0.32031274062500004 0.39375 0.3218751609375 0.39375 0.3218751609375 0.3921876875 0.32343757968750003 0.390625375 0.32343757968750003 0.3265623125 0.3218751609375 0.3265623125 0.32031274062500004 0.325 0.317187259375 0.325 0.3156248390625 0.3234376875 0.3093751609375 0.3234376875 0.3093751609375 0.39375 0.3109375796875 0.3953123125 0.3125 0.3953123125 0.3140624203125 0.396875375
2 0.725 0.603124625 0.725 0.609375375 0.7265624203125001 0.6109376875 0.7687496781250001 0.6109376875 0.770312740625 0.609375375 0.7718751609375001 0.609375375 0.7718751609375001 0.6078123125 0.7734375796874999 0.60625 0.7734375796874999 0.6046876875 0.775 0.603124625 0.775 0.6015623125 0.7765624203125 0.6 0.7765624203125 0.5859376875 0.775 0.584375375 0.775 0.5828123125 0.7734375796874999 0.5828123125 0.7718751609375001 0.58125 0.770312740625 0.58125 0.7656248390625 0.5765623125 0.7625 0.5765623125 0.7609375796875 0.575 0.7593751609375 0.575 0.756249678125 0.571874625 0.756249678125 0.5703123125 0.754687259375 0.56875 0.754687259375 0.5640623125 0.7531248390624999 0.5625 0.7515624203125 0.5625 0.7484375796875 0.559374625 0.7484375796875 0.55625 0.7468751609375001 0.5546876875 0.729687259375 0.5546876875 0.7218751609375 0.5625 0.7203127406250001 0.5625 0.7203127406250001 0.5984376874999999 0.725 0.603124625
25 0.679687259375 0.5390623125 0.682812740625 0.5359376874999999 0.682812740625 0.5046876874999999 0.681249678125 0.503124625 0.681249678125 0.5015623125 0.682812740625 0.5 0.682812740625 0.46875 0.670312740625 0.46875 0.670312740625 0.5421876875 0.6781248390625 0.5421876875 0.679687259375 0.540624625 0.679687259375 0.5390623125
10 0.48593757968749995 0.7890623125 0.48437516093750005 0.7875 0.43593757968749997 0.7875 0.43593757968749997 0.8484376875 0.48437516093750005 0.8484376875 0.48593757968749995 0.8468746250000001 0.48593757968749995 0.7890623125
25 0.46562483906249996 0.3046876875 0.454687259375 0.3046876875 0.454687259375 0.3609376875 0.456249678125 0.3625 0.46562483906249996 0.3625 0.46562483906249996 0.3046876875
28 0.17968725937500002 0.596874625 0.1656248390625 0.596874625 0.1656248390625 0.6859376875 0.1781248390625 0.6859376875 0.17968725937500002 0.684374625 0.17968725937500002 0.596874625
3 0.28906242031249996 0.3125 0.293749678125 0.31718768750000004 0.295312740625 0.31718768750000004 0.2968751609375 0.31875 0.30624967812500004 0.31875 0.307812740625 0.31718768750000004 0.3281248390625 0.31718768750000004 0.329687259375 0.315624625 0.331249678125 0.315624625 0.33437516093749997 0.3125 0.33593757968750004 0.3125 0.3375 0.3109376875 0.3390624203125 0.3109376875 0.3406248390625 0.309374625 0.342187259375 0.309374625 0.342187259375 0.2921876875 0.3406248390625 0.290624625 0.3406248390625 0.2890623125 0.3390624203125 0.2890623125 0.3375 0.2875 0.332812740625 0.2875 0.331249678125 0.28593768750000004 0.3281248390625 0.28593768750000004 0.325 0.2828123125 0.325 0.28125 0.32343757968750003 0.2796876875 0.32343757968750003 0.275 0.3218751609375 0.2734376875 0.3218751609375 0.2703123125 0.32031274062500004 0.2703123125 0.318749678125 0.26875 0.318749678125 0.2671876875 0.317187259375 0.265625375 0.317187259375 0.2640623125 0.3156248390625 0.2625 0.2968751609375 0.2625 0.2875 0.27187462500000004 0.2875 0.309374625 0.28906242031249996 0.3109376875 0.28906242031249996 0.3125
27 0.6093751609375 0.3921876875 0.6109375796875 0.390625375 0.6109375796875 0.3234376875 0.5984375796875 0.3234376875 0.5984375796875 0.3953123125 0.607812740625 0.3953123125 0.6093751609375 0.39375 0.6093751609375 0.3921876875
27 0.2515624203125 0.8281253749999999 0.2515624203125 0.78125 0.25 0.7796876875 0.25 0.7515623125 0.2515624203125 0.75 0.2515624203125 0.74375 0.25 0.7421876875 0.23906242031249997 0.7421876875 0.23906242031249997 0.83125 0.2468751609375 0.83125 0.25 0.8281253749999999 0.2515624203125 0.8281253749999999
25 0.8281248390625 0.46875 0.8140624203125 0.46875 0.8140624203125 0.5421876875 0.8265624203125 0.5421876875 0.8281248390625 0.540624625 0.8281248390625 0.46875
34 0.375 0.8484376875 0.3765624203125 0.85 0.39843757968750004 0.85 0.4 0.8484376875 0.40312483906249996 0.8484376875 0.404687259375 0.8468746250000001 0.404687259375 0.8453123124999999 0.406250321875 0.84375 0.406250321875 0.8140623124999999 0.404687259375 0.8125 0.404687259375 0.8078123125 0.40312483906249996 0.80625 0.40312483906249996 0.8046876875000001 0.4015624203125 0.8046876875000001 0.4 0.803124625 0.4 0.8015623125 0.39843757968750004 0.8015623125 0.39687516093749997 0.8 0.3765624203125 0.8 0.36874967812500004 0.8078123125 0.36874967812500004 0.8468746250000001 0.370312740625 0.8484376875 0.375 0.8484376875
5 0.218750321875 0.41562462499999997 0.217187259375 0.41718768749999996 0.217187259375 0.41875 0.21562483906250002 0.4203123125 0.21562483906250002 0.4546876875 0.218750321875 0.45781231250000004 0.218750321875 0.45937537500000003 0.220312740625 0.46093768749999997 0.22187516093749998 0.46093768749999997 0.225 0.4640623125 0.2625 0.4640623125 0.2640624203125 0.4625 0.2656248390625 0.4625 0.27187516093749997 0.45625 0.27187516093749997 0.4375 0.270312740625 0.4375 0.267187259375 0.43437462499999996 0.267187259375 0.4328123125 0.2656248390625 0.4328123125 0.2640624203125 0.43125 0.2593751609375 0.43125 0.254687259375 0.42656231250000004 0.254687259375 0.4234376875 0.25 0.41875 0.25 0.41718768749999996 0.24843757968750002 0.41562462499999997 0.24843757968750002 0.41406231250000003 0.2468751609375 0.4125 0.24531274062500003 0.4125 0.242187259375 0.409374625 0.225 0.409374625 0.22187516093749998 0.4125 0.220312740625 0.4125 0.218750321875 0.41406231250000003 0.218750321875 0.41562462499999997
34 0.5140624203125 0.80625 0.5125 0.8078123125 0.5125 0.8468746250000001 0.5140624203125 0.8484376875 0.5156248390625 0.8484376875 0.517187259375 0.85 0.545312740625 0.85 0.55 0.8453123124999999 0.55 0.84375 0.5515624203125 0.8421876875000001 0.5515624203125 0.8296876875000001 0.55 0.8281253749999999 0.55 0.8156246250000001 0.5484375796875 0.8140623124999999 0.5484375796875 0.80625 0.5468751609375 0.8046876875000001 0.5468751609375 0.8015623125 0.543749678125 0.8015623125 0.542187259375 0.8 0.520312740625 0.8 0.5187496781250001 0.8015623125 0.5187496781250001 0.803124625 0.5156248390625 0.80625 0.5140624203125 0.80625
27 0.38281274062500004 0.7421876875 0.38281274062500004 0.7984376875 0.392187259375 0.7984376875 0.392187259375 0.7421876875 0.38281274062500004 0.7421876875
15 0.7303732296875001 0.5495495499999999 0.741312740625 0.5503003 0.7477477484375 0.5570570578125 0.7580437578125 0.5608108109375001 0.7722007718749999 0.559309309375 0.7760617765625 0.55630630625 0.7767052765625 0.5045045046875 0.7734877734375 0.496996996875 0.7265122265625 0.496246246875 0.722651221875 0.50075075 0.7220077218750001 0.5427927921875 0.7239382234375 0.5487987984375 0.7271557265624999 0.5518018015624999 0.7303732296875001 0.5495495499999999
22 0.2625 0.075 0.2625 0.0015623125 0.21093757968750002 0.0015623125 0.21093757968750002 0.0765623125 0.2593751609375 0.0765623125 0.26093757968750003 0.075 0.2625 0.075
18 0.118749678125 0.6546876875 0.120312740625 0.653124625 0.120312740625 0.5796876875 0.0656248390625 0.5796876875 0.0656248390625 0.65625 0.1140624203125 0.65625 0.11562483906250001 0.6546876875 0.118749678125 0.6546876875
18 0.0640624203125 0.2875 0.0640624203125 0.371874625 0.12187516093749999 0.371874625 0.12187516093749999 0.2875 0.0640624203125 0.2875
19 0.767187259375 0.721874625 0.7171872593749999 0.721874625 0.7171872593749999 0.8015623125 0.7640624203125 0.8015623125 0.767187259375 0.7984376875 0.767187259375 0.721874625
18 0.8656248390625001 0.5109376875 0.8671872593750001 0.5125 0.9109375796875 0.5125 0.9125 0.5109376875 0.9140624203125001 0.5109376875 0.9140624203125001 0.42656231250000004 0.8593751609375 0.42656231250000004 0.8593751609375 0.5125 0.8609375796875 0.5125 0.8625 0.5109376875 0.8656248390625001 0.5109376875
18 0.5 0.8703123125 0.5 0.9484376875 0.5531248390625 0.9484376875 0.5531248390625 0.8703123125 0.5 0.8703123125
20 0.2125 0.8703123125 0.2125 0.9484376875 0.2625 0.9484376875 0.2625 0.8703123125 0.2125 0.8703123125
21 0.49687516093750006 0 0.49687516093750006 0.0734376875 0.5531248390625 0.0734376875 0.5531248390625 0 0.49687516093750006 0
23 0.7723166015625 0.1370120125 0.7110682109375001 0.1370120125 0.7110682109375001 0.22806306250000002 0.7723166015625 0.22806306250000002 0.7723166015625 0.1370120125