28 0.6709559953124999 0.2867644015625 0.6654413265625 0.2922791734375 0.663602678125 0.2922791734375 0.66176466875 0.2941174296875 0.65625 0.2941174296875 0.6544119890625 0.2959556875 0.6544119890625 0.29779394375 0.65073533125 0.3014704578125 0.648897321875 0.3014704578125 0.6415440046875001 0.3088234859375 0.6415440046875001 0.321691284375 0.6580880109375 0.321691284375 0.6599266578125 0.319853028125 0.6599266578125 0.3180147703125 0.663602678125 0.31433825625 0.6672793375 0.31433825625 0.6709559953124999 0.31066174375 0.6727940046875001 0.31066174375 0.6764706625 0.3069852296875 0.680147321875 0.3069852296875 0.68198533125 0.305146971875 0.68198533125 0.303308715625 0.6856619890625 0.29963220156250003 0.6893380109375 0.29963220156250003 0.6911766578125 0.29779394375 0.69301466875 0.29779394375 0.694852678125 0.2959556875 0.694852678125 0.2941174296875 0.6985293375 0.29044091562499996 0.6985293375 0.288602659375 0.700367346875 0.2867644015625 0.700367346875 0.28125036875 0.68198533125 0.28125036875 0.6783086734375 0.2849261453125 0.6764706625 0.2849261453125 0.6746320156250001 0.2867644015625 0.6709559953124999 0.2867644015625
17 0.5477940046875001 0.5808825703125 0.5404413265625 0.5882355984375 0.538602678125 0.5882355984375 0.5294119890625 0.5974261453125 0.5294119890625 0.6139704578125 0.5275733421875 0.615808715625 0.5275733421875 0.617646971875 0.5202206625 0.625 0.5183820156250001 0.625 0.5165440046875001 0.62683825625 0.512867346875 0.62683825625 0.5091913265625 0.6305147703125 0.507352678125 0.6305147703125 0.50551466875 0.632353028125 0.5036766578125 0.632353028125 0.5036766578125 0.694853028125 0.5091913265625 0.7003677984375 0.5110293375 0.7003677984375 0.5147059953124999 0.7040443125 0.5202206625 0.7040443125 0.5220586734375 0.7058825703125 0.523897321875 0.7058825703125 0.5275733421875 0.709559084375 0.5294119890625 0.709559084375 0.53125 0.711397340625 0.53676466875 0.711397340625 0.538602678125 0.7132355984375 0.5404413265625 0.7132355984375 0.5422793375 0.711397340625 0.569852678125 0.711397340625 0.5716913265625 0.7132355984375 0.5735293375 0.7132355984375 0.5772059953124999 0.7169113734375 0.5790440046875001 0.7169113734375 0.5808820156250001 0.71875036875 0.59375 0.71875036875 0.5955880109375 0.7169113734375 0.5974266578125 0.7169113734375 0.6029413265625 0.711397340625 0.6084559953124999 0.711397340625 0.6102940046875001 0.709559084375 0.6121320156250001 0.709559084375 0.617647321875 0.7040443125 0.6213233421875 0.7040443125 0.6231619890625 0.70220605625 0.625 0.70220605625 0.6341913265625 0.6930147703125 0.6341913265625 0.6139704578125 0.632352678125 0.6121322015625 0.632352678125 0.61029394375 0.6268380109375 0.6047791734375 0.625 0.6047791734375 0.6231619890625 0.602940915625 0.6213233421875 0.602940915625 0.6139706625 0.5955878875 0.6102940046875001 0.5955878875 0.6084559953124999 0.59375036875 0.606617346875 0.59375036875 0.6029413265625 0.5900738546875 0.601102678125 0.5900738546875 0.59926466875 0.5882355984375 0.5974266578125 0.5882355984375 0.59375 0.584559084375 0.59375 0.5827208265625 0.586397321875 0.5753677984375 0.58823533125 0.5735295421875 0.58823533125 0.571691284375 0.569852678125 0.571691284375 0.56801466875 0.5735295421875 0.5606619890625 0.5735295421875 0.5533086734375 0.5808825703125 0.5477940046875001 0.5808825703125
36 0.476102678125 0.1544121125 0.4705880109375 0.1599261453125 0.46875 0.1599261453125 0.4669119890625 0.1617644015625 0.46323533125000005 0.1617644015625 0.461397321875 0.16360265937500001 0.4595586734375 0.16360265937500001 0.455882015625 0.1672791734375 0.4540440046875 0.1672791734375 0.4522059953125 0.16911742968750001 0.45036734687499996 0.16911742968750001 0.4485293375 0.1709556875 0.4485293375 0.17279394374999998 0.444852678125 0.17647045781249998 0.4393380109375 0.17647045781249998 0.4375 0.178308715625 0.4356619890625 0.178308715625 0.4356619890625 0.180146971875 0.43382334218749996 0.1819852296875 0.43382334218749996 0.2463234859375 0.4356619890625 0.24816174375000002 0.4375 0.24816174375000002 0.4393380109375 0.25 0.4393380109375 0.25183825625 0.44117665781250004 0.2536765140625 0.44117665781250004 0.2555147703125 0.44301466874999995 0.257353028125 0.44301466874999995 0.259191284375 0.444852678125 0.2610295421875 0.4466913265625 0.2610295421875 0.4485293375 0.26286779843749997 0.4522059953125 0.26286779843749997 0.455882015625 0.2665443125 0.455882015625 0.2702208265625 0.4577206625 0.27205908437500004 0.4577206625 0.2757355984375 0.4595586734375 0.2775738546875 0.4595586734375 0.28125036875 0.46323533125000005 0.2849261453125 0.46507334218749996 0.2849261453125 0.47242665781250004 0.2922791734375 0.47426466874999995 0.2922791734375 0.48161734687499996 0.29963220156250003 0.4889706625 0.29963220156250003 0.492647321875 0.303308715625 0.492647321875 0.305146971875 0.49448533125000005 0.3069852296875 0.5 0.3069852296875 0.5018380109375 0.305146971875 0.5036766578125 0.305146971875 0.5091913265625 0.29963220156250003 0.5165440046875001 0.29963220156250003 0.523897321875 0.2922791734375 0.5275733421875 0.2922791734375 0.5294119890625 0.29044091562499996 0.53125 0.29044091562499996 0.5349266578125 0.2867644015625 0.53676466875 0.2867644015625 0.538602678125 0.2849261453125 0.5404413265625 0.2849261453125 0.544117346875 0.28125036875 0.544117346875 0.273897340625 0.5459559953124999 0.27205908437500004 0.5459559953124999 0.2702208265625 0.5477940046875001 0.2683825703125 0.5477940046875001 0.26286779843749997 0.5496320156250001 0.2610295421875 0.5496320156250001 0.25183825625 0.5514706625 0.25 0.5514706625 0.24816174375000002 0.555147321875 0.24448522968750003 0.555147321875 0.242646971875 0.55698533125 0.240808715625 0.55698533125 0.23897045781249998 0.5588233421875 0.2371322015625 0.5588233421875 0.2334556875 0.5606619890625 0.2316174296875 0.5606619890625 0.2003677984375 0.5588233421875 0.19852954218750002 0.5588233421875 0.1875 0.55698533125 0.18566174375 0.55698533125 0.178308715625 0.5533086734375 0.17463220156249998 0.5514706625 0.17463220156249998 0.5496320156250001 0.17279394374999998 0.5496320156250001 0.1709556875 0.5477940046875001 0.1709556875 0.5459559953124999 0.16911742968750001 0.5404413265625 0.16911742968750001 0.5330880109375 0.1617644015625 0.5275733421875 0.1617644015625 0.52573533125 0.1599261453125 0.523897321875 0.1599261453125 0.5183820156250001 0.1544121125 0.512867346875 0.1544121125 0.5110293375 0.1525738546875 0.5091913265625 0.1525738546875 0.5018380109375 0.1452208265625 0.49448533125000005 0.1452208265625 0.492647321875 0.14705908437499998 0.487132015625 0.14705908437499998 0.4797793375 0.1544121125 0.476102678125 0.1544121125
36 0.194852678125 0.44117651406249997 0.19301466875 0.4430147703125 0.19117665781249998 0.4430147703125 0.1875 0.44669128437500005 0.1856619890625 0.44669128437500005 0.18382334218750002 0.44852954218749996 0.180147321875 0.44852954218749996 0.17647066250000001 0.45220605625 0.17647066250000001 0.45404431250000005 0.1727940046875 0.4577208265625 0.1709559953125 0.4577208265625 0.1654413265625 0.46323559843749995 0.1580880109375 0.46323559843749995 0.15625 0.4650738546875 0.1544119890625 0.4650738546875 0.1544119890625 0.47058788749999997 0.15257334218750002 0.4724261453125 0.15257334218750002 0.49080871562499995 0.15073533125 0.492646971875 0.15073533125 0.5036765140624999 0.15257334218750002 0.5055147703125 0.15257334218750002 0.522059084375 0.1544119890625 0.523897340625 0.1544119890625 0.5275738546875 0.15625 0.5294113734375 0.15625 0.53125036875 0.15992665781249998 0.5349261453125 0.15992665781249998 0.5367644015625 0.16176466875 0.538602659375 0.16176466875 0.5496322015625 0.163602678125 0.5514704578125 0.163602678125 0.555146971875 0.16727933749999999 0.5588234859375001 0.16727933749999999 0.56066174375 0.1727940046875 0.5661765140624999 0.174632653125 0.5661765140624999 0.1783086734375 0.569853028125 0.180147321875 0.569853028125 0.1856619890625 0.5753677984375 0.1875 0.5753677984375 0.1893380109375 0.57720605625 0.19117665781249998 0.57720605625 0.19301466875 0.5790443125 0.1966913265625 0.5790443125 0.2022059953125 0.584559084375 0.2040440046875 0.584559084375 0.20588265312499998 0.586397340625 0.20955867343749998 0.586397340625 0.211397321875 0.5882355984375 0.21875 0.5882355984375 0.22058801093749997 0.586397340625 0.22426466875 0.586397340625 0.23161734687500002 0.5790443125 0.2352940046875 0.5790443125 0.23713265312499998 0.57720605625 0.23897066250000001 0.57720605625 0.24448533125 0.571691284375 0.24632334218750002 0.571691284375 0.24816198906250003 0.569853028125 0.24816198906250003 0.5680147703125 0.25183801093749997 0.56433825625 0.25183801093749997 0.5569852296875 0.25 0.555146971875 0.25 0.5514704578125 0.25183801093749997 0.5496322015625 0.25183801093749997 0.5459556875 0.2536766578125 0.5441174296875 0.2536766578125 0.540440915625 0.25551466875 0.538602659375 0.25551466875 0.5330878875 0.2702206625 0.5183825703125 0.2702206625 0.5165443125 0.273897321875 0.5128677984375 0.27573533125 0.5128677984375 0.27573533125 0.47794091562499996 0.2720586734375 0.47426440156250005 0.2720586734375 0.4669113734375 0.268382653125 0.46323559843749995 0.2665440046875 0.46323559843749995 0.2647059953125 0.46139734062500004 0.262867346875 0.46139734062500004 0.2610293375 0.45955908437500004 0.2610293375 0.4577208265625 0.2591913265625 0.4577208265625 0.257352678125 0.45588257031249996 0.2536766578125 0.45588257031249996 0.24632334218750002 0.44852954218749996 0.242647321875 0.44852954218749996 0.24080867343749998 0.44669128437500005 0.23897066250000001 0.44669128437500005 0.2334559953125 0.44117651406249997 0.23161734687500002 0.44117651406249997 0.22794132656250002 0.4375 0.2040440046875 0.4375 0.2022059953125 0.43933825625 0.20036734687500002 0.43933825625 0.19852933749999999 0.44117651406249997 0.194852678125 0.44117651406249997
37 0.6764706625 0.586397340625 0.6746320156250001 0.5882355984375 0.6709559953124999 0.5882355984375 0.669117346875 0.5900738546875 0.669117346875 0.5919113734375 0.6654413265625 0.5955878875 0.66176466875 0.5955878875 0.65625 0.601102659375 0.6544119890625 0.601102659375 0.6525733421875 0.602940915625 0.65073533125 0.602940915625 0.648897321875 0.6047791734375 0.648897321875 0.6066174296875 0.6470586734375 0.6084556875 0.6470586734375 0.617646971875 0.6452206625 0.6194852296875 0.6452206625 0.6985295421875 0.648897321875 0.70220605625 0.6525733421875 0.70220605625 0.6544119890625 0.7040443125 0.6599266578125 0.7040443125 0.66176466875 0.7058825703125 0.6654413265625 0.7058825703125 0.6709559953124999 0.711397340625 0.6838233421875 0.711397340625 0.6856619890625 0.709559084375 0.6966913265625 0.709559084375 0.6985293375 0.711397340625 0.7077206625 0.711397340625 0.7095586734375 0.7132355984375 0.711397321875 0.7132355984375 0.71323533125 0.7150738546875 0.71875 0.7150738546875 0.7205880109375 0.7132355984375 0.72426466875 0.7132355984375 0.726102678125 0.7150738546875 0.726102678125 0.71875036875 0.7279413265625 0.7205878875 0.7279413265625 0.7242644015625 0.7297793375 0.7242644015625 0.731617346875 0.726102659375 0.7371320156250001 0.726102659375 0.74448533125 0.71875036875 0.75 0.71875036875 0.7518380109375 0.7169113734375 0.7536766578125 0.7169113734375 0.7591913265625 0.711397340625 0.762867346875 0.711397340625 0.7647059953124999 0.709559084375 0.7665440046875001 0.709559084375 0.7720586734375 0.7040443125 0.773897321875 0.7040443125 0.7775733421875 0.7003677984375 0.7775733421875 0.6139704578125 0.7683820156250001 0.6047791734375 0.7665440046875001 0.6047791734375 0.7647059953124999 0.602940915625 0.7591913265625 0.602940915625 0.75551466875 0.5992644015625 0.75551466875 0.5974261453125 0.7536766578125 0.5955878875 0.7481619890625 0.5955878875 0.7463233421875 0.59375036875 0.74448533125 0.59375036875 0.7389706625 0.5882355984375 0.7371320156250001 0.5882355984375 0.7334559953124999 0.584559084375 0.7334559953124999 0.5827208265625 0.731617346875 0.5808825703125 0.7150733421875 0.5808825703125 0.71323533125 0.5790443125 0.7077206625 0.5790443125 0.7058820156250001 0.57720605625 0.6893380109375 0.57720605625 0.6875 0.5790443125 0.6856619890625 0.5790443125 0.6783086734375 0.586397340625 0.6764706625 0.586397340625
31 0.5496320156250001 0.25183825625 0.5496320156250001 0.28308788749999997 0.5514706625 0.2849261453125 0.5514706625 0.2867644015625 0.555147321875 0.29044091562499996 0.5827206625 0.29044091562499996 0.5845586734375 0.288602659375 0.5845586734375 0.2867644015625 0.586397321875 0.2849261453125 0.586397321875 0.28308788749999997 0.58823533125 0.28125036875 0.58823533125 0.2702208265625 0.586397321875 0.2683825703125 0.586397321875 0.25183825625 0.5808820156250001 0.2463234859375 0.5808820156250001 0.240808715625 0.5790440046875001 0.23897045781249998 0.5790440046875001 0.2371322015625 0.5588233421875 0.2371322015625 0.5588233421875 0.23897045781249998 0.5514706625 0.2463234859375 0.5514706625 0.25 0.5496320156250001 0.25183825625
37 0.3952206625 0.3014704578125 0.39338201562499997 0.303308715625 0.3915440046875 0.303308715625 0.3860293375 0.3088234859375 0.382352678125 0.3088234859375 0.38051466875 0.31066174375 0.3786766578125 0.31066174375 0.375 0.31433825625 0.37316198906250003 0.31433825625 0.3713233421875 0.3161765140625 0.36948533125 0.3161765140625 0.3658086734375 0.319853028125 0.3658086734375 0.321691284375 0.36213201562499997 0.32536779843749997 0.36213201562499997 0.4099261453125 0.36948533125 0.4172791734375 0.37683801093749997 0.4172791734375 0.3841913265625 0.42463220156250003 0.387867346875 0.42463220156250003 0.3897059953125 0.42647045781250004 0.3915440046875 0.42647045781250004 0.3952206625 0.430146971875 0.40073533125000005 0.430146971875 0.40625 0.42463220156250003 0.4227940046875 0.42463220156250003 0.424632015625 0.42647045781250004 0.4264706625 0.42647045781250004 0.43382334218749996 0.43382348593750003 0.4356619890625 0.43382348593750003 0.44117665781250004 0.43933825625 0.4522059953125 0.43933825625 0.4540440046875 0.4375 0.455882015625 0.4375 0.4595586734375 0.43382348593750003 0.461397321875 0.43382348593750003 0.46323533125000005 0.4319852296875 0.4669119890625 0.4319852296875 0.46875 0.430146971875 0.4705880109375 0.430146971875 0.4705880109375 0.42830871562499995 0.47242665781250004 0.42647045781250004 0.47426466874999995 0.42647045781250004 0.476102678125 0.42463220156250003 0.4797793375 0.42463220156250003 0.48161734687499996 0.42279394375 0.4834559953125 0.42279394375 0.4834559953125 0.42095568749999995 0.487132015625 0.4172791734375 0.4889706625 0.4172791734375 0.4908086734375 0.41544091562499996 0.492647321875 0.41544091562499996 0.492647321875 0.3860295421875 0.4908086734375 0.384191284375 0.4908086734375 0.32720605625 0.487132015625 0.3235295421875 0.4834559953125 0.3235295421875 0.4779413265625 0.3180147703125 0.476102678125 0.3180147703125 0.47426466874999995 0.3161765140625 0.47242665781250004 0.3161765140625 0.4669119890625 0.31066174375 0.46507334218749996 0.31066174375 0.46323533125000005 0.3088234859375 0.4577206625 0.3088234859375 0.45036734687499996 0.3014704578125 0.4485293375 0.3014704578125 0.44301466874999995 0.2959556875 0.44117665781250004 0.2959556875 0.4393380109375 0.2941174296875 0.41176466874999995 0.2941174296875 0.40625 0.29963220156250003 0.4044119890625 0.29963220156250003 0.40257334218749996 0.3014704578125 0.3952206625 0.3014704578125
26 0.3161766578125 0.59375036875 0.319852678125 0.59375036875 0.3235293375 0.5974261453125 0.3235293375 0.5992644015625 0.325367346875 0.601102659375 0.3290440046875 0.601102659375 0.3345586734375 0.6066174296875 0.336397321875 0.6066174296875 0.33823533125 0.6084556875 0.34558801093749997 0.6084556875 0.3474266578125 0.61029394375 0.351102678125 0.6066174296875 0.351102678125 0.5900738546875 0.34926466875 0.5882355984375 0.3474266578125 0.5882355984375 0.34191198906250003 0.5827208265625 0.3400733421875 0.5827208265625 0.33823533125 0.5808825703125 0.3327206625 0.5808825703125 0.3290440046875 0.57720605625 0.3290440046875 0.5753677984375 0.3272059953125 0.5735295421875 0.319852678125 0.5735295421875 0.31801466875 0.571691284375 0.30698533125 0.571691284375 0.30698533125 0.586397340625 0.3125 0.5919113734375 0.31433801093749997 0.5919113734375 0.3161766578125 0.59375036875
17 0.31801466875 0.73529394375 0.3125 0.740808715625 0.31066198906250003 0.740808715625 0.3088233421875 0.742646971875 0.305147321875 0.742646971875 0.3033086734375 0.7444852296875 0.3014706625 0.7444852296875 0.2959559953125 0.75 0.294117346875 0.75 0.2904413265625 0.7536765140624999 0.2904413265625 0.8069852296875 0.294117346875 0.8106617437500001 0.294117346875 0.8125 0.2959559953125 0.8143382562499999 0.2977940046875 0.8143382562499999 0.3014706625 0.8180147703125 0.3014706625 0.8198530281249999 0.30698533125 0.8253677984375001 0.30698533125 0.82720605625 0.3088233421875 0.8290443125 0.3088233421875 0.8566174296875 0.31066198906250003 0.8584556875 0.31801466875 0.8584556875 0.325367346875 0.865808715625 0.3272059953125 0.865808715625 0.3345586734375 0.8731617437500001 0.34191198906250003 0.8731617437500001 0.34558801093749997 0.8768382562499999 0.34558801093749997 0.8786765140625 0.3584559953125 0.8786765140625 0.3584559953125 0.8768382562499999 0.36213201562499997 0.8731617437500001 0.3658086734375 0.8731617437500001 0.367647321875 0.8713234859375 0.36948533125 0.8713234859375 0.37316198906250003 0.8676469718750001 0.375 0.8676469718750001 0.37683801093749997 0.865808715625 0.3786766578125 0.865808715625 0.38051466875 0.8639704578125 0.38051466875 0.8621322015624999 0.3841913265625 0.8584556875 0.39338201562499997 0.8584556875 0.40257334218749996 0.8492644015625 0.40257334218749996 0.8327208265625 0.4044119890625 0.8308825703125 0.4044119890625 0.82720605625 0.4080880109375 0.8235295421875 0.4080880109375 0.821691284375 0.40992665781250004 0.8198530281249999 0.40992665781250004 0.8180147703125 0.4172793375 0.8106617437500001 0.4172793375 0.7536765140624999 0.413602678125 0.75 0.41176466874999995 0.75 0.40625 0.7444852296875 0.4044119890625 0.7444852296875 0.40257334218749996 0.742646971875 0.398897321875 0.742646971875 0.3970586734375 0.740808715625 0.3952206625 0.740808715625 0.3915440046875 0.7371322015625 0.3897059953125 0.7371322015625 0.387867346875 0.73529394375 0.3841913265625 0.73529394375 0.38051466875 0.7316174296875 0.38051466875 0.7297791734375 0.3786766578125 0.727940915625 0.37683801093749997 0.727940915625 0.37316198906250003 0.7242644015625 0.336397321875 0.7242644015625 0.3272059953125 0.7334556875 0.325367346875 0.7334556875 0.3235293375 0.73529394375 0.31801466875 0.73529394375
17 0.63051466875 0.71875036875 0.6286766578125 0.7205878875 0.625 0.7205878875 0.6231619890625 0.7224261453125 0.6213233421875 0.7224261453125 0.6158086734375 0.727940915625 0.6121320156250001 0.727940915625 0.6102940046875001 0.7297791734375 0.6084559953124999 0.7297791734375 0.601102678125 0.7371322015625 0.601102678125 0.740808715625 0.6029413265625 0.742646971875 0.6029413265625 0.7536765140624999 0.601102678125 0.7555147703125 0.601102678125 0.757353028125 0.59375 0.76470605625 0.5900733421875 0.76470605625 0.5845586734375 0.7702208265625 0.5827206625 0.7702208265625 0.5808820156250001 0.772059084375 0.5790440046875001 0.772059084375 0.5772059953124999 0.773897340625 0.5772059953124999 0.8308825703125 0.5790440046875001 0.8327208265625 0.5790440046875001 0.8382355984375 0.5808820156250001 0.8400731171875 0.5808820156250001 0.8419113734374999 0.5827206625 0.84375036875 0.5845586734375 0.84375036875 0.5919119890625 0.851102659375 0.59926466875 0.851102659375 0.6029413265625 0.8547791734375 0.6029413265625 0.8566174296875 0.6047793375 0.8584556875 0.6213233421875 0.8584556875 0.6268380109375 0.8529409156250001 0.6286766578125 0.8529409156250001 0.632352678125 0.8566174296875 0.6341913265625 0.8566174296875 0.6360293375 0.8584556875 0.6433820156250001 0.8584556875 0.65073533125 0.865808715625 0.6580880109375 0.865808715625 0.6599266578125 0.8639704578125 0.66176466875 0.8639704578125 0.6654413265625 0.86029394375 0.6672793375 0.86029394375 0.669117346875 0.8584556875 0.6727940046875001 0.8584556875 0.6764706625 0.8547791734375 0.6783086734375 0.8547791734375 0.68198533125 0.851102659375 0.6856619890625 0.851102659375 0.6875 0.8492644015625 0.6893380109375 0.8492644015625 0.6911766578125 0.8474261453124999 0.69301466875 0.8474261453124999 0.694852678125 0.8455878875 0.6966913265625 0.8455878875 0.6985293375 0.84375036875 0.7022059953124999 0.84375036875 0.7040440046875001 0.8419113734374999 0.7058820156250001 0.8419113734374999 0.7058820156250001 0.8290443125 0.7040440046875001 0.82720605625 0.7040440046875001 0.7757355984375 0.700367346875 0.772059084375 0.6966913265625 0.772059084375 0.6893380109375 0.76470605625 0.6893380109375 0.7628677984375 0.6875 0.7610295421875 0.6875 0.759191284375 0.68198533125 0.7536765140624999 0.68198533125 0.74816174375 0.680147321875 0.7463234859375001 0.680147321875 0.7444852296875 0.6746320156250001 0.7389704578125 0.6746320156250001 0.73529394375 0.6727940046875001 0.7334556875 0.6727940046875001 0.7316174296875 0.6709559953124999 0.7297791734375 0.669117346875 0.7297791734375 0.6672793375 0.727940915625 0.66176466875 0.727940915625 0.6599266578125 0.726102659375 0.6580880109375 0.726102659375 0.6525733421875 0.7205878875 0.648897321875 0.7205878875 0.6452206625 0.7169113734375 0.6452206625 0.7150738546875 0.6433820156250001 0.7132355984375 0.6397059953124999 0.7132355984375 0.637867346875 0.7150738546875 0.6360293375 0.7150738546875 0.632352678125 0.71875036875 0.63051466875 0.71875036875
37 0.22058801093749997 0.36029394375 0.21875 0.36213220156250003 0.21875 0.382353028125 0.22058801093749997 0.384191284375 0.22058801093749997 0.3860295421875 0.22242665781249998 0.38786779843749997 0.22242665781249998 0.38970605625 0.22426466875 0.38970605625 0.226102678125 0.3915443125 0.226102678125 0.3933825703125 0.23161734687500002 0.398897340625 0.23161734687500002 0.40073559843749995 0.2334559953125 0.4025738546875 0.2334559953125 0.40625036875 0.2352940046875 0.40808788749999997 0.2352940046875 0.42095568749999995 0.23897066250000001 0.42463220156250003 0.242647321875 0.42463220156250003 0.24448533125 0.42647045781250004 0.24632334218750002 0.42647045781250004 0.25183801093749997 0.4319852296875 0.25551466875 0.4319852296875 0.257352678125 0.43382348593750003 0.2591913265625 0.43382348593750003 0.2647059953125 0.43933825625 0.268382653125 0.43933825625 0.2720586734375 0.4430147703125 0.2720586734375 0.444853028125 0.273897321875 0.44669128437500005 0.27941198906250003 0.44669128437500005 0.28125 0.44852954218749996 0.2922793375 0.44852954218749996 0.294117346875 0.44669128437500005 0.2977940046875 0.44669128437500005 0.299632653125 0.444853028125 0.3014706625 0.444853028125 0.3014706625 0.4430147703125 0.3033086734375 0.44117651406249997 0.305147321875 0.44117651406249997 0.30698533125 0.43933825625 0.3125 0.43933825625 0.31801466875 0.43382348593750003 0.319852678125 0.43382348593750003 0.3216913265625 0.4319852296875 0.3272059953125 0.4319852296875 0.3290440046875 0.430146971875 0.3290440046875 0.42830871562499995 0.33088201562499997 0.42647045781250004 0.3327206625 0.42647045781250004 0.3345586734375 0.42463220156250003 0.336397321875 0.42463220156250003 0.33823533125 0.42279394375 0.3400733421875 0.42279394375 0.34558801093749997 0.4172791734375 0.3474266578125 0.4172791734375 0.34926466875 0.41544091562499996 0.34926466875 0.41176440156250005 0.34558801093749997 0.40808788749999997 0.34558801093749997 0.382353028125 0.34375 0.3805147703125 0.34375 0.36029394375 0.34558801093749997 0.3584556875 0.34558801093749997 0.35294091562499996 0.34375 0.351102659375 0.34375 0.33455908437500004 0.34191198906250003 0.3327208265625 0.34191198906250003 0.3308825703125 0.28495535781250003 0.28716322031249997 0.22977933749999999 0.3290443125 0.22794132656250002 0.3308825703125 0.22242665781249998 0.3308825703125 0.22058801093749997 0.3327208265625 0.22058801093749997 0.36029394375
35 0.34191198906250003 0.14705908437499998 0.3345586734375 0.1544121125 0.3327206625 0.1544121125 0.33088201562499997 0.15625036875 0.3272059953125 0.15625036875 0.3216913265625 0.1617644015625 0.31801466875 0.1617644015625 0.3161766578125 0.16360265937500001 0.3161766578125 0.16544091562500002 0.3125 0.16911742968750001 0.3088233421875 0.16911742968750001 0.30698533125 0.1709556875 0.3033086734375 0.1709556875 0.3033086734375 0.17279394374999998 0.299632653125 0.17647045781249998 0.2977940046875 0.17647045781249998 0.2959559953125 0.178308715625 0.294117346875 0.178308715625 0.294117346875 0.180146971875 0.2922793375 0.1819852296875 0.2922793375 0.2702208265625 0.2977940046875 0.2702208265625 0.3014706625 0.273897340625 0.3014706625 0.2757355984375 0.3033086734375 0.2775738546875 0.31066198906250003 0.2775738546875 0.31801466875 0.2849261453125 0.319852678125 0.2849261453125 0.3216913265625 0.2867644015625 0.3235293375 0.2867644015625 0.325367346875 0.288602659375 0.325367346875 0.29044091562499996 0.3272059953125 0.29044091562499996 0.3290440046875 0.2922791734375 0.3327206625 0.2922791734375 0.3400733421875 0.29963220156250003 0.34375 0.29963220156250003 0.34926466875 0.305146971875 0.351102678125 0.305146971875 0.3529413265625 0.3069852296875 0.356617346875 0.3069852296875 0.3639706625 0.29963220156250003 0.3713233421875 0.29963220156250003 0.3786766578125 0.2922791734375 0.382352678125 0.2922791734375 0.3841913265625 0.29044091562499996 0.3860293375 0.29044091562499996 0.3915440046875 0.2849261453125 0.39338201562499997 0.2849261453125 0.3970586734375 0.28125036875 0.3970586734375 0.273897340625 0.3952206625 0.27205908437500004 0.3952206625 0.2536765140625 0.3970586734375 0.25183825625 0.3970586734375 0.25 0.413602678125 0.2334556875 0.4154413265625 0.2334556875 0.4172793375 0.2316174296875 0.4172793375 0.227940915625 0.41911734687499996 0.22610265937500001 0.41911734687499996 0.21139734062499999 0.4209559953125 0.209559084375 0.4209559953125 0.2077208265625 0.41911734687499996 0.2058825703125 0.41911734687499996 0.19852954218750002 0.4209559953125 0.196691284375 0.4209559953125 0.1875 0.41911734687499996 0.18566174375 0.41911734687499996 0.1819852296875 0.4172793375 0.180146971875 0.4172793375 0.178308715625 0.4154413265625 0.17647045781249998 0.413602678125 0.17647045781249998 0.40992665781250004 0.17279394374999998 0.40992665781250004 0.1709556875 0.4080880109375 0.1709556875 0.40625 0.16911742968750001 0.4044119890625 0.16911742968750001 0.40257334218749996 0.1672791734375 0.40073533125000005 0.1672791734375 0.3970586734375 0.16360265937500001 0.3952206625 0.16360265937500001 0.39338201562499997 0.1617644015625 0.3915440046875 0.1617644015625 0.3841913265625 0.1544121125 0.382352678125 0.1544121125 0.38051466875 0.1525738546875 0.3786766578125 0.1525738546875 0.375 0.14889734062499999 0.37316198906250003 0.14889734062499999 0.3713233421875 0.14705908437499998 0.36948533125 0.14705908437499998 0.3639706625 0.1415443125 0.3547793375 0.1415443125 0.351102678125 0.1452208265625 0.34926466875 0.1452208265625 0.3474266578125 0.14705908437499998 0.34191198906250003 0.14705908437499998
16 0.5919119890625 0.7150738546875 0.59375 0.7132355984375 0.59375 0.6985295421875 0.5955880109375 0.696691284375 0.5955880109375 0.6819852296875 0.59375 0.680146971875 0.59375 0.65625036875 0.5422793375 0.65625036875 0.5422793375 0.711397340625 0.569852678125 0.711397340625 0.5735293375 0.7150738546875 0.5919119890625 0.7150738546875
0 0.6029413265625 0.1617644015625 0.601102678125 0.16360265937500001 0.59926466875 0.16360265937500001 0.59375 0.16911742968750001 0.5900733421875 0.16911742968750001 0.5845586734375 0.17463220156249998 0.5827206625 0.17463220156249998 0.5808820156250001 0.17647045781249998 0.5772059953124999 0.17647045781249998 0.5772059953124999 0.1819852296875 0.5790440046875001 0.1838234859375 0.5790440046875001 0.18566174375 0.5808820156250001 0.1875 0.5808820156250001 0.18933825625 0.5827206625 0.1911765140625 0.5827206625 0.1930147703125 0.586397321875 0.18933825625 0.58823533125 0.18933825625 0.5900733421875 0.1875 0.5955880109375 0.1875 0.5974266578125 0.18933825625 0.59926466875 0.18933825625 0.6102940046875001 0.2003677984375 0.6102940046875001 0.2040443125 0.6158086734375 0.209559084375 0.6158086734375 0.21139734062499999 0.617647321875 0.2132355984375 0.617647321875 0.2150738546875 0.61948533125 0.21691211250000003 0.617647321875 0.21875036875 0.617647321875 0.2242644015625 0.6139706625 0.227940915625 0.6121320156250001 0.227940915625 0.6102940046875001 0.2297791734375 0.6102940046875001 0.2334556875 0.6029413265625 0.240808715625 0.601102678125 0.240808715625 0.59926466875 0.242646971875 0.5900733421875 0.242646971875 0.58823533125 0.24448522968750003 0.58823533125 0.2536765140625 0.5900733421875 0.2555147703125 0.5900733421875 0.259191284375 0.5919119890625 0.2610295421875 0.5919119890625 0.2665443125 0.59375 0.2683825703125 0.59375 0.27205908437500004 0.5955880109375 0.273897340625 0.5955880109375 0.28308788749999997 0.6047793375 0.2922791734375 0.6102940046875001 0.2922791734375 0.6121320156250001 0.2941174296875 0.6139706625 0.2941174296875 0.6158086734375 0.2959556875 0.6158086734375 0.29779394375 0.617647321875 0.29779394375 0.61948533125 0.29963220156250003 0.625 0.29963220156250003 0.6268380109375 0.3014704578125 0.6286766578125 0.3014704578125 0.632352678125 0.305146971875 0.6415440046875001 0.305146971875 0.6470586734375 0.29963220156250003 0.65073533125 0.29963220156250003 0.6525733421875 0.29779394375 0.65625 0.29779394375 0.66176466875 0.2922791734375 0.663602678125 0.2922791734375 0.6654413265625 0.29044091562499996 0.6672793375 0.29044091562499996 0.6672793375 0.288602659375 0.669117346875 0.2867644015625 0.6709559953124999 0.2867644015625 0.6727940046875001 0.2849261453125 0.6783086734375 0.2849261453125 0.6838233421875 0.27941211250000003 0.6838233421875 0.2775738546875 0.6875 0.273897340625 0.6875 0.27205908437500004 0.6893380109375 0.2702208265625 0.6893380109375 0.2536765140625 0.6966913265625 0.2463234859375 0.6966913265625 0.24448522968750003 0.7040440046875001 0.2371322015625 0.7040440046875001 0.18566174375 0.7022059953124999 0.1838234859375 0.7022059953124999 0.1819852296875 0.700367346875 0.180146971875 0.700367346875 0.178308715625 0.6985293375 0.178308715625 0.6966913265625 0.17647045781249998 0.694852678125 0.17647045781249998 0.6875 0.16911742968750001 0.6856619890625 0.16911742968750001 0.6838233421875 0.1672791734375 0.68198533125 0.1672791734375 0.680147321875 0.16544091562500002 0.680147321875 0.16360265937500001 0.6783086734375 0.16360265937500001 0.6764706625 0.1617644015625 0.6727940046875001 0.1617644015625 0.6654413265625 0.1544121125 0.663602678125 0.1544121125 0.6599266578125 0.1507355984375 0.625 0.1507355984375 0.6213233421875 0.1544121125 0.6139706625 0.1544121125 0.606617346875 0.1617644015625 0.6029413265625 0.1617644015625
34 0.5533086734375 0.43382348593750003 0.5514706625 0.43566174375 0.5514706625 0.4375 0.5477940046875001 0.44117651406249997 0.5477940046875001 0.47058788749999997 0.5514706625 0.47426440156250005 0.5514706625 0.47610265937499996 0.5533086734375 0.47610265937499996 0.55698533125 0.4797791734375 0.5790440046875001 0.4797791734375 0.5827206625 0.47610265937499996 0.5845586734375 0.47610265937499996 0.586397321875 0.47426440156250005 0.586397321875 0.4724261453125 0.58823533125 0.47058788749999997 0.58823533125 0.45588257031249996 0.586397321875 0.45404431250000005 0.586397321875 0.43566174375 0.5845586734375 0.43382348593750003 0.5827206625 0.43382348593750003 0.5790440046875001 0.430146971875 0.5790440046875001 0.42830871562499995 0.5772059953124999 0.42647045781250004 0.5606619890625 0.42647045781250004 0.5588233421875 0.42830871562499995 0.5588233421875 0.430146971875 0.555147321875 0.43382348593750003 0.5533086734375 0.43382348593750003
28 0.6102940046875001 0.42279394375 0.606617346875 0.42647045781250004 0.6029413265625 0.42647045781250004 0.5974266578125 0.4319852296875 0.5955880109375 0.4319852296875 0.59375 0.43382348593750003 0.5919119890625 0.43382348593750003 0.5900733421875 0.43566174375 0.5900733421875 0.45404431250000005 0.5919119890625 0.45220605625 0.59375 0.45404431250000005 0.59926466875 0.45404431250000005 0.601102678125 0.45220605625 0.6029413265625 0.45220605625 0.606617346875 0.44852954218749996 0.6084559953124999 0.44852954218749996 0.6102940046875001 0.44669128437500005 0.6139706625 0.44669128437500005 0.6158086734375 0.444853028125 0.6158086734375 0.4430147703125 0.61948533125 0.43933825625 0.625 0.43933825625 0.6268380109375 0.4375 0.6286766578125 0.4375 0.6341913265625 0.4319852296875 0.6360293375 0.4319852296875 0.637867346875 0.430146971875 0.637867346875 0.42095568749999995 0.6397059953124999 0.41911742968750004 0.6397059953124999 0.41544091562499996 0.6231619890625 0.41544091562499996 0.61948533125 0.41911742968750004 0.6121320156250001 0.41911742968750004 0.6102940046875001 0.42095568749999995 0.6102940046875001 0.42279394375
25 0.31066198906250003 0.7205878875 0.3088233421875 0.7205878875 0.30698533125 0.7224261453125 0.305147321875 0.7224261453125 0.3014706625 0.726102659375 0.299632653125 0.726102659375 0.2977940046875 0.727940915625 0.2959559953125 0.727940915625 0.294117346875 0.7297791734375 0.294117346875 0.7316174296875 0.2904413265625 0.73529394375 0.28676466875 0.73529394375 0.2849266578125 0.7371322015625 0.2849266578125 0.75 0.28676466875 0.75183825625 0.28676466875 0.7536765140624999 0.294117346875 0.7536765140624999 0.2977940046875 0.75 0.299632653125 0.75 0.3014706625 0.74816174375 0.305147321875 0.74816174375 0.30698533125 0.7463234859375001 0.30698533125 0.7444852296875 0.31066198906250003 0.740808715625 0.31801466875 0.740808715625 0.325367346875 0.7334556875 0.3272059953125 0.7334556875 0.3290440046875 0.7316174296875 0.3290440046875 0.7297791734375 0.3327206625 0.726102659375 0.3345586734375 0.726102659375 0.336397321875 0.7242644015625 0.336397321875 0.7169113734375 0.33823533125 0.7150738546875 0.336397321875 0.7132355984375 0.3327206625 0.7132355984375 0.33088201562499997 0.711397340625 0.319852678125 0.711397340625 0.31801466875 0.7132355984375 0.3161766578125 0.7132355984375 0.3161766578125 0.7150738546875 0.31066198906250003 0.7205878875
26 0.23713265312499998 0.5790443125 0.2352940046875 0.5790443125 0.2334559953125 0.5808825703125 0.22977933749999999 0.5808825703125 0.22794132656250002 0.5827208265625 0.22794132656250002 0.584559084375 0.22426466875 0.5882355984375 0.22242665781249998 0.5882355984375 0.22058801093749997 0.5900738546875 0.22058801093749997 0.5919113734375 0.21691198906250003 0.5955878875 0.21691198906250003 0.6084556875 0.23161734687500002 0.6084556875 0.2334559953125 0.6066174296875 0.2334559953125 0.6047791734375 0.23713265312499998 0.601102659375 0.23897066250000001 0.601102659375 0.24080867343749998 0.5992644015625 0.242647321875 0.5992644015625 0.24632334218750002 0.5955878875 0.24816198906250003 0.5955878875 0.25 0.59375036875 0.2536766578125 0.59375036875 0.25551466875 0.5919113734375 0.25551466875 0.5900738546875 0.2591913265625 0.586397340625 0.2610293375 0.586397340625 0.262867346875 0.584559084375 0.262867346875 0.5827208265625 0.2647059953125 0.5808825703125 0.2647059953125 0.5680147703125 0.25 0.5680147703125 0.25 0.569853028125 0.24632334218750002 0.5735295421875 0.242647321875 0.5735295421875 0.23713265312499998 0.5790443125
37 0.262867346875 0.5882355984375 0.2610293375 0.5900738546875 0.2591913265625 0.5900738546875 0.25551466875 0.59375036875 0.2536766578125 0.59375036875 0.25183801093749997 0.5955878875 0.24448533125 0.5955878875 0.23713265312499998 0.602940915625 0.22977933749999999 0.602940915625 0.22794132656250002 0.6047791734375 0.22242665781249998 0.6047791734375 0.22058801093749997 0.6066174296875 0.22058801093749997 0.6709556875 0.23161734687500002 0.6819852296875 0.23161734687500002 0.6838234859375001 0.2334559953125 0.68566174375 0.2334559953125 0.6930147703125 0.2352940046875 0.694853028125 0.2352940046875 0.709559084375 0.23713265312499998 0.711397340625 0.24080867343749998 0.711397340625 0.242647321875 0.7132355984375 0.24632334218750002 0.7132355984375 0.25 0.7169113734375 0.25183801093749997 0.7169113734375 0.2536766578125 0.71875036875 0.25551466875 0.71875036875 0.2610293375 0.7242644015625 0.2647059953125 0.7242644015625 0.2665440046875 0.726102659375 0.2702206625 0.726102659375 0.2720586734375 0.727940915625 0.273897321875 0.727940915625 0.27941198906250003 0.7334556875 0.288602678125 0.7334556875 0.2959559953125 0.726102659375 0.2977940046875 0.726102659375 0.299632653125 0.7242644015625 0.3033086734375 0.7242644015625 0.3088233421875 0.71875036875 0.31066198906250003 0.71875036875 0.31801466875 0.711397340625 0.319852678125 0.711397340625 0.3235293375 0.7077208265625 0.3235293375 0.696691284375 0.3216913265625 0.694853028125 0.3216913265625 0.68566174375 0.3235293375 0.6838234859375001 0.3235293375 0.680146971875 0.3272059953125 0.6764704578125 0.3272059953125 0.6746322015625 0.3290440046875 0.67279394375 0.3290440046875 0.6709556875 0.3327206625 0.6672791734375 0.33823533125 0.6672791734375 0.3400733421875 0.665440915625 0.34191198906250003 0.665440915625 0.3474266578125 0.6599261453125 0.34926466875 0.6599261453125 0.34926466875 0.6121322015625 0.3400733421875 0.602940915625 0.3327206625 0.602940915625 0.325367346875 0.5955878875 0.319852678125 0.5955878875 0.3125 0.5882355984375 0.31066198906250003 0.5882355984375 0.3088233421875 0.586397340625 0.30698533125 0.586397340625 0.3033086734375 0.5827208265625 0.3014706625 0.5827208265625 0.299632653125 0.5808825703125 0.273897321875 0.5808825703125 0.2720586734375 0.5827208265625 0.2702206625 0.5827208265625 0.2647059953125 0.5882355984375 0.262867346875 0.5882355984375
28 0.544117346875 0.5625 0.5404413265625 0.5661765140624999 0.53676466875 0.5661765140624999 0.5349266578125 0.5680147703125 0.5330880109375 0.5680147703125 0.5294119890625 0.571691284375 0.5275733421875 0.571691284375 0.52573533125 0.5735295421875 0.523897321875 0.5735295421875 0.5220586734375 0.5753677984375 0.5220586734375 0.57720605625 0.5183820156250001 0.5808825703125 0.5147059953124999 0.5808825703125 0.512867346875 0.5827208265625 0.512867346875 0.5955878875 0.52573533125 0.5955878875 0.5275733421875 0.59375036875 0.5330880109375 0.59375036875 0.5404413265625 0.586397340625 0.5477940046875001 0.586397340625 0.5496320156250001 0.584559084375 0.5496320156250001 0.5827208265625 0.5533086734375 0.5790443125 0.555147321875 0.5790443125 0.55698533125 0.57720605625 0.55698533125 0.5753677984375 0.5606619890625 0.571691284375 0.5661766578125 0.571691284375 0.56801466875 0.569853028125 0.569852678125 0.569853028125 0.569852678125 0.5569852296875 0.5514706625 0.5569852296875 0.5496320156250001 0.5588234859375001 0.5459559953124999 0.5588234859375001 0.544117346875 0.56066174375 0.544117346875 0.5625
8 0.38051466875 0.28308788749999997 0.38051466875 0.26286779843749997 0.382352678125 0.2610295421875 0.382352678125 0.259191284375 0.38051466875 0.257353028125 0.38051466875 0.22610265937500001 0.33088201562499997 0.22610265937500001 0.3290440046875 0.227940915625 0.3290440046875 0.2849261453125 0.3786766578125 0.2849261453125 0.38051466875 0.28308788749999997
0 0.7431511484375 0.4600051703125 0.7413131374999999 0.4618434265625 0.7431511484375 0.463681684375 0.7431511484375 0.4673581984375 0.7394744890625 0.4710347125 0.733959821875 0.4710347125 0.7321218109375 0.4691964546875 0.7321218109375 0.4673581984375 0.7266071421875 0.4673581984375 0.722930484375 0.4710347125 0.722930484375 0.47287296874999996 0.7210924750000001 0.4747112265625 0.7210924750000001 0.5298581984374999 0.7266071421875 0.53537296875 0.7266071421875 0.5390494828125 0.7302831624999999 0.542725996875 0.7302831624999999 0.5445642546875 0.7321218109375 0.5464025109375 0.7321218109375 0.54824076875 0.733959821875 0.5500790249999999 0.733959821875 0.5629460859375001 0.7449891578125001 0.573975628125 0.7523424750000001 0.573975628125 0.7560184953125 0.5776521421874999 0.7560184953125 0.5794903984374999 0.7578571421875 0.58132865625 0.759695153125 0.58132865625 0.765209821875 0.5868434265625 0.76704846875 0.5868434265625 0.7688864796875 0.588681684375 0.7744011484375 0.588681684375 0.7762391578125001 0.590519940625 0.7872684953125 0.590519940625 0.7891071421875 0.588681684375 0.7927831624999999 0.588681684375 0.7946218109375 0.5868434265625 0.796459821875 0.5868434265625 0.796459821875 0.5850051703125 0.79829846875 0.5831669125000001 0.8001364796875 0.5831669125000001 0.8019744890625 0.58132865625 0.8038131375 0.58132865625 0.811165815625 0.573975628125 0.8185184953125001 0.573975628125 0.8203571421875001 0.5721373703125 0.8203571421875001 0.5702991140625 0.8240331624999999 0.5666226 0.8313864796875 0.5666226 0.8387391578125 0.5592703109375 0.84057780625 0.5592703109375 0.842415815625 0.557432053125 0.8442538265625 0.557432053125 0.8460924750000001 0.555593796875 0.8460924750000001 0.494932053125 0.84757716875 0.4744874453125 0.8405312500000001 0.4678013296875 0.7932869890625 0.43704800625000007 0.7720497453124999 0.44125036875 0.7523424750000001 0.45265214218749994 0.7505038265625 0.45265214218749994 0.748665815625 0.4544903984375 0.748665815625 0.45632865625 0.7449891578125001 0.4600051703125 0.7431511484375 0.4600051703125
35 0.413602678125 0.5790443125 0.41176466874999995 0.5808825703125 0.4080880109375 0.5808825703125 0.40073533125000005 0.5882355984375 0.398897321875 0.5882355984375 0.3970586734375 0.5900738546875 0.3952206625 0.5900738546875 0.3915440046875 0.59375036875 0.3897059953125 0.59375036875 0.387867346875 0.5955878875 0.3841913265625 0.5955878875 0.382352678125 0.5974261453125 0.3786766578125 0.5974261453125 0.37316198906250003 0.602940915625 0.367647321875 0.602940915625 0.3658086734375 0.6047791734375 0.36213201562499997 0.6047791734375 0.36213201562499997 0.6746322015625 0.3639706625 0.6746322015625 0.367647321875 0.678308715625 0.367647321875 0.68566174375 0.3713233421875 0.68933825625 0.3786766578125 0.68933825625 0.382352678125 0.6930147703125 0.382352678125 0.694853028125 0.3841913265625 0.696691284375 0.3841913265625 0.6985295421875 0.3860293375 0.7003677984375 0.3860293375 0.7040443125 0.387867346875 0.7058825703125 0.387867346875 0.709559084375 0.3897059953125 0.711397340625 0.3915440046875 0.711397340625 0.398897321875 0.71875036875 0.40073533125000005 0.71875036875 0.40625 0.7242644015625 0.4080880109375 0.7242644015625 0.40992665781250004 0.726102659375 0.4154413265625 0.726102659375 0.41911734687499996 0.7297791734375 0.41911734687499996 0.7316174296875 0.43198533125000005 0.7316174296875 0.4375 0.726102659375 0.44301466874999995 0.726102659375 0.45036734687499996 0.71875036875 0.4522059953125 0.71875036875 0.4540440046875 0.7169113734375 0.455882015625 0.7169113734375 0.4595586734375 0.7132355984375 0.461397321875 0.7132355984375 0.46323533125000005 0.711397340625 0.4669119890625 0.711397340625 0.47426466874999995 0.7040443125 0.48161734687499996 0.7040443125 0.4834559953125 0.70220605625 0.4834559953125 0.7003677984375 0.4852940046875 0.6985295421875 0.487132015625 0.6985295421875 0.4908086734375 0.694853028125 0.4908086734375 0.6819852296875 0.492647321875 0.680146971875 0.4908086734375 0.678308715625 0.4908086734375 0.63970605625 0.492647321875 0.6378677984375 0.492647321875 0.6360295421875 0.487132015625 0.6305147703125 0.4852940046875 0.6305147703125 0.48161734687499996 0.62683825625 0.4797793375 0.62683825625 0.47426466874999995 0.6213234859375001 0.47426466874999995 0.6194852296875 0.46875 0.6139704578125 0.46875 0.6066174296875 0.4669119890625 0.6047791734375 0.4669119890625 0.602940915625 0.461397321875 0.5974261453125 0.461397321875 0.5955878875 0.455882015625 0.5900738546875 0.4540440046875 0.5900738546875 0.4522059953125 0.5882355984375 0.45036734687499996 0.5882355984375 0.44301466874999995 0.5808825703125 0.4393380109375 0.5808825703125 0.4375 0.5790443125 0.4356619890625 0.5790443125 0.43198533125000005 0.5753677984375 0.4227940046875 0.5753677984375 0.4209559953125 0.57720605625 0.41911734687499996 0.57720605625 0.4172793375 0.5790443125 0.413602678125 0.5790443125
25 0.5827206625 0.1544121125 0.5808820156250001 0.15625036875 0.5808820156250001 0.1580878875 0.5772059953124999 0.1617644015625 0.575367346875 0.1617644015625 0.5735293375 0.16360265937500001 0.5735293375 0.16544091562500002 0.5716913265625 0.1672791734375 0.5716913265625 0.178308715625 0.5735293375 0.180146971875 0.5845586734375 0.180146971875 0.5900733421875 0.17463220156249998 0.5919119890625 0.17463220156249998 0.59375 0.17279394374999998 0.59375 0.1709556875 0.5974266578125 0.1672791734375 0.606617346875 0.1672791734375 0.6084559953124999 0.16544091562500002 0.6084559953124999 0.16360265937500001 0.6121320156250001 0.1599261453125 0.6139706625 0.1599261453125 0.6158086734375 0.1580878875 0.6158086734375 0.15625036875 0.61948533125 0.1525738546875 0.6231619890625 0.1525738546875 0.6268380109375 0.14889734062499999 0.625 0.14705908437499998 0.625 0.14338257031249999 0.6213233421875 0.13970605625000002 0.606617346875 0.13970605625000002 0.59926466875 0.14705908437499998 0.5974266578125 0.14705908437499998 0.5900733421875 0.1544121125 0.5827206625 0.1544121125
15 0.3290440046875 0.8584556875 0.3786766578125 0.8584556875 0.38051466875 0.8566174296875 0.38051466875 0.79779394375 0.3327206625 0.79779394375 0.33088201562499997 0.7996322015625 0.33088201562499997 0.803308715625 0.3290440046875 0.8051469718750001 0.3290440046875 0.8584556875
26 0.169117346875 0.5900738546875 0.169117346875 0.5919113734375 0.1709559953125 0.59375036875 0.180147321875 0.59375036875 0.18382334218750002 0.5974261453125 0.18382334218750002 0.5992644015625 0.1856619890625 0.601102659375 0.1875 0.601102659375 0.194852678125 0.6084556875 0.20955867343749998 0.6084556875 0.211397321875 0.6066174296875 0.211397321875 0.5919113734375 0.20772066250000001 0.5882355984375 0.20588265312499998 0.5882355984375 0.2040440046875 0.586397340625 0.2022059953125 0.586397340625 0.19852933749999999 0.5827208265625 0.1966913265625 0.5827208265625 0.194852678125 0.5808825703125 0.19301466875 0.5808825703125 0.1856619890625 0.5735295421875 0.1783086734375 0.5735295421875 0.1727940046875 0.5680147703125 0.1580880109375 0.5680147703125 0.1580880109375 0.5808825703125 0.163602678125 0.586397340625 0.1654413265625 0.586397340625 0.169117346875 0.5900738546875
25 0.36948533125 0.8676469718750001 0.367647321875 0.8694852296875 0.367647321875 0.8713234859375 0.3639706625 0.875 0.3602940046875 0.875 0.356617346875 0.8786765140625 0.356617346875 0.8952208265625 0.3713233421875 0.8952208265625 0.37316198906250003 0.8933825703125 0.37316198906250003 0.8915443125 0.37683801093749997 0.8878677984375001 0.3786766578125 0.8878677984375001 0.3841913265625 0.8823530281249999 0.3860293375 0.8823530281249999 0.387867346875 0.8805147703125 0.39338201562499997 0.8805147703125 0.3952206625 0.8786765140625 0.3952206625 0.8768382562499999 0.398897321875 0.8731617437500001 0.40625 0.8731617437500001 0.413602678125 0.865808715625 0.413602678125 0.86029394375 0.40992665781250004 0.8566174296875 0.40992665781250004 0.8529409156250001 0.39338201562499997 0.8529409156250001 0.3860293375 0.86029394375 0.3841913265625 0.86029394375 0.37683801093749997 0.8676469718750001 0.36948533125 0.8676469718750001
28 0.6452206625 0.41176440156250005 0.6452206625 0.4044113734375 0.6470586734375 0.4025738546875 0.6470586734375 0.382353028125 0.6452206625 0.3805147703125 0.6452206625 0.32536779843749997 0.6433820156250001 0.3235295421875 0.6341913265625 0.3235295421875 0.632352678125 0.32536779843749997 0.632352678125 0.41544091562499996 0.6415440046875001 0.41544091562499996 0.6452206625 0.41176440156250005
36 0.4852940046875 0.71875036875 0.4834559953125 0.7205878875 0.4797793375 0.7205878875 0.47426466874999995 0.726102659375 0.47242665781250004 0.726102659375 0.4705880109375 0.727940915625 0.46875 0.727940915625 0.4669119890625 0.7297791734375 0.46507334218749996 0.7297791734375 0.4595586734375 0.73529394375 0.4577206625 0.73529394375 0.45036734687499996 0.742646971875 0.4466913265625 0.742646971875 0.444852678125 0.7444852296875 0.44301466874999995 0.7444852296875 0.44301466874999995 0.7463234859375001 0.4393380109375 0.75 0.4393380109375 0.75183825625 0.4375 0.7536765140624999 0.4375 0.7702208265625 0.4356619890625 0.772059084375 0.4356619890625 0.8069852296875 0.4375 0.8069852296875 0.44117665781250004 0.8106617437500001 0.44117665781250004 0.8125 0.4466913265625 0.8180147703125 0.4466913265625 0.8198530281249999 0.4485293375 0.821691284375 0.4485293375 0.8455878875 0.45036734687499996 0.8474261453124999 0.45036734687499996 0.8547791734375 0.4522059953125 0.8566174296875 0.4540440046875 0.8566174296875 0.455882015625 0.8584556875 0.46323533125000005 0.8584556875 0.46507334218749996 0.86029394375 0.4669119890625 0.86029394375 0.47242665781250004 0.865808715625 0.47426466874999995 0.865808715625 0.4779413265625 0.8694852296875 0.4779413265625 0.8713234859375 0.4797793375 0.8731617437500001 0.4834559953125 0.8731617437500001 0.4852940046875 0.875 0.487132015625 0.875 0.4908086734375 0.8786765140625 0.5036766578125 0.8786765140625 0.5091913265625 0.8731617437500001 0.512867346875 0.8731617437500001 0.5147059953124999 0.8713234859375 0.5165440046875001 0.8713234859375 0.5275733421875 0.86029394375 0.5294119890625 0.86029394375 0.53125 0.8584556875 0.53676466875 0.8584556875 0.538602678125 0.8566174296875 0.5404413265625 0.8566174296875 0.5459559953124999 0.851102659375 0.5477940046875001 0.851102659375 0.555147321875 0.84375036875 0.55698533125 0.84375036875 0.5588233421875 0.8419113734374999 0.5588233421875 0.7775731171875 0.55698533125 0.7757355984375 0.55698533125 0.773897340625 0.555147321875 0.772059084375 0.5533086734375 0.772059084375 0.5496320156250001 0.7683825703125 0.5496320156250001 0.7665443125 0.5477940046875001 0.76470605625 0.5459559953124999 0.76470605625 0.544117346875 0.7628677984375 0.544117346875 0.7610295421875 0.5422793375 0.759191284375 0.5422793375 0.7536765140624999 0.5404413265625 0.75183825625 0.5404413265625 0.75 0.538602678125 0.75 0.53676466875 0.74816174375 0.53676466875 0.7463234859375001 0.5349266578125 0.7444852296875 0.5349266578125 0.73529394375 0.5330880109375 0.7334556875 0.5330880109375 0.7297791734375 0.5294119890625 0.7297791734375 0.5275733421875 0.727940915625 0.523897321875 0.727940915625 0.5202206625 0.7242644015625 0.5202206625 0.7224261453125 0.5183820156250001 0.7224261453125 0.5165440046875001 0.7205878875 0.5110293375 0.7205878875 0.5091913265625 0.71875036875 0.507352678125 0.71875036875 0.5036766578125 0.7150738546875 0.5018380109375 0.7150738546875 0.5 0.7132355984375 0.49448533125000005 0.7132355984375 0.4908086734375 0.7169113734375 0.4889706625 0.7169113734375 0.487132015625 0.71875036875 0.4852940046875 0.71875036875
28 0.41911734687499996 0.48897045781250004 0.41911734687499996 0.555146971875 0.43198533125000005 0.555146971875 0.43198533125000005 0.48897045781250004 0.41911734687499996 0.48897045781250004
4 0.544117346875 0.7169113734375 0.5404413265625 0.7205878875 0.5404413265625 0.75 0.5422793375 0.75183825625 0.5422793375 0.7536765140624999 0.544117346875 0.7555147703125 0.544117346875 0.7610295421875 0.5459559953124999 0.7628677984375 0.5477940046875001 0.7628677984375 0.5514706625 0.7665443125 0.5514706625 0.7683825703125 0.5845586734375 0.7683825703125 0.5900733421875 0.7628677984375 0.5919119890625 0.7628677984375 0.59375 0.7610295421875 0.59375 0.759191284375 0.5974266578125 0.7555147703125 0.59926466875 0.7555147703125 0.59926466875 0.742646971875 0.5974266578125 0.742646971875 0.59375 0.7389704578125 0.59375 0.7371322015625 0.5919119890625 0.73529394375 0.5827206625 0.73529394375 0.5790440046875001 0.7316174296875 0.5790440046875001 0.7224261453125 0.5772059953124999 0.7205878875 0.575367346875 0.7205878875 0.5716913265625 0.7169113734375 0.5716913265625 0.7150738546875 0.569852678125 0.7132355984375 0.56801466875 0.7132355984375 0.5661766578125 0.711397340625 0.55698533125 0.711397340625 0.555147321875 0.7132355984375 0.5459559953124999 0.7132355984375 0.544117346875 0.7150738546875 0.544117346875 0.7169113734375
14 0.625 0.8566174296875 0.6268380109375 0.8547791734375 0.6286766578125 0.8547791734375 0.63051466875 0.8566174296875 0.632352678125 0.8566174296875 0.6341913265625 0.8584556875 0.663602678125 0.8584556875 0.6672793375 0.8547791734375 0.6672793375 0.8014704578125 0.663602678125 0.79779394375 0.6158086734375 0.79779394375 0.6158086734375 0.8584556875 0.6213233421875 0.8584556875 0.6231619890625 0.8566174296875 0.625 0.8566174296875
25 0.382352678125 0.7316174296875 0.3841913265625 0.7334556875 0.3860293375 0.7334556875 0.3897059953125 0.7371322015625 0.3897059953125 0.7389704578125 0.3915440046875 0.740808715625 0.398897321875 0.740808715625 0.40625 0.74816174375 0.41176466874999995 0.74816174375 0.413602678125 0.75 0.41911734687499996 0.75 0.4209559953125 0.74816174375 0.4227940046875 0.74816174375 0.424632015625 0.7463234859375001 0.424632015625 0.7371322015625 0.4227940046875 0.73529394375 0.4209559953125 0.73529394375 0.4172793375 0.7316174296875 0.4172793375 0.7297791734375 0.4154413265625 0.727940915625 0.41176466874999995 0.727940915625 0.40992665781250004 0.726102659375 0.4080880109375 0.726102659375 0.40257334218749996 0.7205878875 0.398897321875 0.7205878875 0.3952206625 0.7169113734375 0.3952206625 0.7150738546875 0.39338201562499997 0.7132355984375 0.37683801093749997 0.7132355984375 0.37683801093749997 0.726102659375 0.3786766578125 0.726102659375 0.382352678125 0.7297791734375 0.382352678125 0.7316174296875
6 0.6544119890625 0.384238553125 0.6525733421875 0.386076809375 0.6525733421875 0.4154881828125 0.6544119890625 0.417326440625 0.65625 0.417326440625 0.663602678125 0.42467946875000007 0.6654413265625 0.42467946875000007 0.6672793375 0.42651772499999996 0.669117346875 0.42651772499999996 0.6709559953124999 0.4283559828125 0.6709559953124999 0.43019423906250004 0.6727940046875001 0.43019423906250004 0.6746320156250001 0.43203249687499995 0.680147321875 0.43203249687499995 0.6838233421875 0.43570901093750003 0.6838233421875 0.43754726718750003 0.6856619890625 0.43938552499999994 0.6893380109375 0.43938552499999994 0.6911766578125 0.44122378125 0.69301466875 0.44122378125 0.6985293375 0.446738553125 0.7022059953124999 0.446738553125 0.7040440046875001 0.448576809375 0.7058820156250001 0.448576809375 0.7077206625 0.4504150671875 0.7095586734375 0.4504150671875 0.711397321875 0.448576809375 0.71323533125 0.448576809375 0.7150733421875 0.446738553125 0.71875 0.446738553125 0.72426466875 0.44122378125 0.726102678125 0.44122378125 0.7279413265625 0.43938552499999994 0.731617346875 0.43938552499999994 0.7334559953124999 0.43754726718750003 0.7352940046875001 0.43754726718750003 0.7389706625 0.433870753125 0.7408086734375 0.433870753125 0.742647321875 0.43203249687499995 0.7463233421875 0.43203249687499995 0.757352678125 0.4210029546875 0.757352678125 0.41916469687499996 0.7610293375 0.4154881828125 0.7610293375 0.4099734125 0.762867346875 0.40813589375000003 0.762867346875 0.39526809531249996 0.7647059953124999 0.3934298375 0.7647059953124999 0.39159158125000004 0.7702206625 0.386076809375 0.7702206625 0.384238553125 0.773897321875 0.3805620390625 0.77573533125 0.3805620390625 0.77573533125 0.3309298375 0.773897321875 0.3309298375 0.7720586734375 0.32909158125000004 0.747211096875 0.309410634375 0.7233730875 0.2934335296875 0.7024196421875 0.29417060625 0.682899871875 0.311243721875 0.6623322703125 0.3290428359375 0.65625 0.32909158125000004 0.6544119890625 0.3309298375 0.6544119890625 0.384238553125
25 0.2775733421875 0.8069852296875 0.2904413265625 0.8069852296875 0.2922793375 0.8051469718750001 0.2922793375 0.757353028125 0.2904413265625 0.7555147703125 0.2904413265625 0.7536765140624999 0.28125 0.7536765140624999 0.27941198906250003 0.7555147703125 0.27941198906250003 0.759191284375 0.2775733421875 0.7610295421875 0.2775733421875 0.8069852296875
35 0.58823533125 0.47426440156250005 0.58823533125 0.47610265937499996 0.586397321875 0.47794091562499996 0.5845586734375 0.47794091562499996 0.5808820156250001 0.48161742968750004 0.5808820156250001 0.5367644015625 0.5790440046875001 0.538602659375 0.5790440046875001 0.5459556875 0.5772059953124999 0.54779394375 0.5772059953124999 0.555146971875 0.5790440046875001 0.5569852296875 0.5790440046875001 0.5588234859375001 0.5808820156250001 0.56066174375 0.5808820156250001 0.5625 0.5827206625 0.56433825625 0.5845586734375 0.56433825625 0.5900733421875 0.569853028125 0.5919119890625 0.569853028125 0.59375 0.571691284375 0.5974266578125 0.571691284375 0.6047793375 0.5790443125 0.606617346875 0.5790443125 0.6084559953124999 0.5808825703125 0.6102940046875001 0.5808825703125 0.6158086734375 0.586397340625 0.61948533125 0.586397340625 0.6213233421875 0.5882355984375 0.6231619890625 0.5882355984375 0.625 0.5900738546875 0.625 0.5919113734375 0.6268380109375 0.59375036875 0.65073533125 0.59375036875 0.6525733421875 0.5919113734375 0.6525733421875 0.5900738546875 0.6544119890625 0.5882355984375 0.65625 0.5882355984375 0.6580880109375 0.586397340625 0.663602678125 0.586397340625 0.6709559953124999 0.5790443125 0.6746320156250001 0.5790443125 0.6764706625 0.57720605625 0.6783086734375 0.57720605625 0.68198533125 0.5735295421875 0.68198533125 0.571691284375 0.6875 0.5661765140624999 0.6875 0.56433825625 0.6893380109375 0.5625 0.6893380109375 0.538602659375 0.69301466875 0.5349261453125 0.694852678125 0.5349261453125 0.6966913265625 0.5330878875 0.6966913265625 0.5294113734375 0.700367346875 0.5257355984375 0.700367346875 0.4797791734375 0.6985293375 0.47794091562499996 0.6985293375 0.47610265937499996 0.6966913265625 0.47426440156250005 0.6966913265625 0.4724261453125 0.694852678125 0.47058788749999997 0.694852678125 0.46875036875 0.641376275 0.43031093125000003 0.5919119890625 0.4669113734375 0.5919119890625 0.46875036875 0.5900733421875 0.47058788749999997 0.5900733421875 0.4724261453125 0.58823533125 0.47426440156250005
26 0.2352940046875 0.7316174296875 0.23713265312499998 0.7334556875 0.24632334218750002 0.7334556875 0.25 0.7371322015625 0.25 0.7389704578125 0.25183801093749997 0.740808715625 0.25551466875 0.740808715625 0.257352678125 0.742646971875 0.2591913265625 0.742646971875 0.2647059953125 0.74816174375 0.268382653125 0.74816174375 0.2702206625 0.75 0.2775733421875 0.75 0.27941198906250003 0.74816174375 0.28125 0.74816174375 0.28125 0.73529394375 0.2775733421875 0.7316174296875 0.2775733421875 0.7297791734375 0.27573533125 0.727940915625 0.2702206625 0.727940915625 0.268382653125 0.726102659375 0.2665440046875 0.726102659375 0.2610293375 0.7205878875 0.2591913265625 0.7205878875 0.2536766578125 0.7150738546875 0.25183801093749997 0.7150738546875 0.25 0.7132355984375 0.24448533125 0.7132355984375 0.242647321875 0.711397340625 0.22977933749999999 0.711397340625 0.22977933749999999 0.726102659375 0.23161734687500002 0.726102659375 0.2352940046875 0.7297791734375 0.2352940046875 0.7316174296875
26 0.17647066250000001 0.430146971875 0.1727940046875 0.43382348593750003 0.163602678125 0.43382348593750003 0.16176466875 0.43566174375 0.16176466875 0.4375 0.1580880109375 0.44117651406249997 0.15625 0.44117651406249997 0.148897321875 0.44852954218749996 0.143382653125 0.44852954218749996 0.143382653125 0.46875036875 0.1580880109375 0.46875036875 0.15992665781249998 0.4669113734375 0.15992665781249998 0.4650738546875 0.163602678125 0.46139734062500004 0.1654413265625 0.46139734062500004 0.16727933749999999 0.45955908437500004 0.16727933749999999 0.4577208265625 0.1709559953125 0.45404431250000005 0.1783086734375 0.45404431250000005 0.1856619890625 0.44669128437500005 0.1875 0.44669128437500005 0.1893380109375 0.444853028125 0.1893380109375 0.4430147703125 0.19301466875 0.43933825625 0.194852678125 0.43933825625 0.1966913265625 0.4375 0.19852933749999999 0.4375 0.19852933749999999 0.43382348593750003 0.1966913265625 0.4319852296875 0.1966913265625 0.42647045781250004 0.194852678125 0.42463220156250003 0.1893380109375 0.42463220156250003 0.1875 0.42647045781250004 0.1783086734375 0.42647045781250004 0.17647066250000001 0.42830871562499995 0.17647066250000001 0.430146971875
31 0.2665440046875 0.8161765140625 0.2647059953125 0.8180147703125 0.262867346875 0.8180147703125 0.262867346875 0.851102659375 0.2647059953125 0.8529409156250001 0.2647059953125 0.8566174296875 0.2665440046875 0.8584556875 0.268382653125 0.8584556875 0.2720586734375 0.8621322015624999 0.288602678125 0.8621322015624999 0.2904413265625 0.86029394375 0.2922793375 0.86029394375 0.294117346875 0.8584556875 0.2977940046875 0.8584556875 0.299632653125 0.8566174296875 0.299632653125 0.8547791734375 0.3033086734375 0.851102659375 0.305147321875 0.851102659375 0.30698533125 0.8492644015625 0.30698533125 0.82720605625 0.299632653125 0.8198530281249999 0.299632653125 0.8180147703125 0.2977940046875 0.8161765140625 0.2959559953125 0.8161765140625 0.2922793375 0.8125 0.2922793375 0.8106617437500001 0.288602678125 0.8069852296875 0.27573533125 0.8069852296875 0.2720586734375 0.8106617437500001 0.2720586734375 0.8125 0.268382653125 0.8161765140625 0.2665440046875 0.8161765140625
26 0.2352940046875 0.4430147703125 0.2352940046875 0.444853028125 0.23713265312499998 0.44669128437500005 0.24080867343749998 0.44669128437500005 0.24632334218750002 0.45220605625 0.24816198906250003 0.45220605625 0.25 0.45404431250000005 0.2536766578125 0.45404431250000005 0.257352678125 0.4577208265625 0.257352678125 0.45955908437500004 0.2591913265625 0.46139734062500004 0.2665440046875 0.46139734062500004 0.2702206625 0.4650738546875 0.2775733421875 0.4650738546875 0.28125 0.46139734062500004 0.28125 0.45036779843749997 0.27941198906250003 0.44852954218749996 0.2775733421875 0.44852954218749996 0.2720586734375 0.4430147703125 0.2702206625 0.4430147703125 0.268382653125 0.44117651406249997 0.2665440046875 0.44117651406249997 0.262867346875 0.4375 0.262867346875 0.43566174375 0.2610293375 0.43382348593750003 0.25551466875 0.43382348593750003 0.2536766578125 0.4319852296875 0.25183801093749997 0.4319852296875 0.24632334218750002 0.42647045781250004 0.22794132656250002 0.42647045781250004 0.22794132656250002 0.43382348593750003 0.22977933749999999 0.43566174375 0.22977933749999999 0.4375 0.2352940046875 0.4430147703125
4 0.6911766578125 0.7169113734375 0.6875 0.7205878875 0.6856619890625 0.7205878875 0.6838233421875 0.7224261453125 0.6838233421875 0.7555147703125 0.6856619890625 0.757353028125 0.6856619890625 0.759191284375 0.6893380109375 0.7628677984375 0.6893380109375 0.76470605625 0.6911766578125 0.7665443125 0.6911766578125 0.7683825703125 0.7334559953124999 0.7683825703125 0.7334559953124999 0.7665443125 0.7371320156250001 0.7628677984375 0.7389706625 0.7628677984375 0.7389706625 0.742646971875 0.731617346875 0.73529394375 0.7224266578125 0.73529394375 0.71875 0.7316174296875 0.71875 0.7224261453125 0.7169119890625 0.7205878875 0.7150733421875 0.7205878875 0.711397321875 0.7169113734375 0.711397321875 0.7132355984375 0.7095586734375 0.711397340625 0.6966913265625 0.711397340625 0.694852678125 0.7132355984375 0.69301466875 0.7132355984375 0.6911766578125 0.7150738546875 0.6911766578125 0.7169113734375
7 0.6672793375 0.5128677984375 0.6158086734375 0.5128677984375 0.6158086734375 0.571691284375 0.6654413265625 0.571691284375 0.6672793375 0.569853028125 0.6672793375 0.5128677984375
31 0.41176466874999995 0.8161765140625 0.41176466874999995 0.8180147703125 0.4044119890625 0.8253677984375001 0.4044119890625 0.851102659375 0.41176466874999995 0.8584556875 0.413602678125 0.8584556875 0.4154413265625 0.86029394375 0.430147321875 0.86029394375 0.43198533125000005 0.8584556875 0.44301466874999995 0.8584556875 0.4466913265625 0.8547791734375 0.4466913265625 0.8198530281249999 0.4375 0.8106617437500001 0.4375 0.8088234859375 0.41911734687499996 0.8088234859375 0.4172793375 0.8106617437500001 0.4172793375 0.8125 0.413602678125 0.8161765140625 0.41176466874999995 0.8161765140625
32 0.13051466875 0.5349261453125 0.12867665781249998 0.5330878875 0.12867665781249998 0.53125036875 0.1213233421875 0.53125036875 0.1213233421875 0.5661765140624999 0.125 0.569853028125 0.125 0.571691284375 0.1268380109375 0.5735295421875 0.12867665781249998 0.5735295421875 0.13051466875 0.5753677984375 0.15257334218750002 0.5753677984375 0.15625 0.571691284375 0.1580880109375 0.571691284375 0.15992665781249998 0.569853028125 0.15992665781249998 0.5680147703125 0.163602678125 0.56433825625 0.163602678125 0.555146971875 0.16176466875 0.553308715625 0.16176466875 0.5514704578125 0.15992665781249998 0.5496322015625 0.15992665781249998 0.5349261453125 0.1580880109375 0.5330878875 0.1580880109375 0.53125036875 0.1544119890625 0.53125036875 0.15257334218750002 0.5294113734375 0.148897321875 0.5294113734375 0.1415440046875 0.5367644015625 0.1341913265625 0.5367644015625 0.132352678125 0.5349261453125 0.13051466875 0.5349261453125
35 0.5183820156250001 0.319853028125 0.5110293375 0.319853028125 0.5091913265625 0.321691284375 0.5091913265625 0.4172791734375 0.5110293375 0.41911742968750004 0.512867346875 0.41911742968750004 0.5147059953124999 0.42095568749999995 0.5147059953124999 0.42279394375 0.5165440046875001 0.42463220156250003 0.5220586734375 0.42463220156250003 0.523897321875 0.42647045781250004 0.52573533125 0.42647045781250004 0.53125 0.4319852296875 0.5422793375 0.4319852296875 0.544117346875 0.43382348593750003 0.5477940046875001 0.43382348593750003 0.5496320156250001 0.4319852296875 0.555147321875 0.4319852296875 0.5606619890625 0.42647045781250004 0.5625 0.42647045781250004 0.5643380109375 0.42463220156250003 0.5735293375 0.42463220156250003 0.575367346875 0.42647045781250004 0.5772059953124999 0.42647045781250004 0.5827206625 0.4319852296875 0.5919119890625 0.4319852296875 0.59375 0.430146971875 0.5955880109375 0.430146971875 0.59926466875 0.42647045781250004 0.601102678125 0.42647045781250004 0.6029413265625 0.42463220156250003 0.6102940046875001 0.42463220156250003 0.6121320156250001 0.42279394375 0.6139706625 0.42279394375 0.61948533125 0.4172791734375 0.6213233421875 0.4172791734375 0.63051466875 0.40808788749999997 0.63051466875 0.3308825703125 0.6286766578125 0.3290443125 0.6286766578125 0.3235295421875 0.6213233421875 0.3161765140625 0.6139706625 0.3161765140625 0.6121320156250001 0.31433825625 0.6084559953124999 0.31433825625 0.606617346875 0.3161765140625 0.5808820156250001 0.29963220156250003 0.5790440046875001 0.29779394375 0.5790440046875001 0.2959556875 0.5772059953124999 0.2959556875 0.575367346875 0.2941174296875 0.5625 0.2941174296875 0.5606619890625 0.2959556875 0.5588233421875 0.2959556875 0.5202206625 0.3180147703125 0.5183820156250001 0.319853028125
32 0.694852678125 0.5294113734375 0.6911766578125 0.5330878875 0.6911766578125 0.569853028125 0.69301466875 0.571691284375 0.694852678125 0.571691284375 0.6985293375 0.5753677984375 0.72426466875 0.5753677984375 0.72426466875 0.5735295421875 0.726102678125 0.571691284375 0.726102678125 0.569853028125 0.7334559953124999 0.5625 0.7334559953124999 0.5441174296875 0.731617346875 0.5422791734375 0.731617346875 0.538602659375 0.726102678125 0.5330878875 0.726102678125 0.53125036875 0.72426466875 0.5294113734375 0.7224266578125 0.5294113734375 0.7169119890625 0.523897340625 0.7040440046875001 0.523897340625 0.700367346875 0.5275738546875 0.6985293375 0.5275738546875 0.6966913265625 0.5294113734375 0.694852678125 0.5294113734375
27 0.5772059953124999 0.836397340625 0.5772059953124999 0.773897340625 0.5625 0.773897340625 0.5625 0.8400731171875 0.5643380109375 0.8419113734374999 0.5716913265625 0.8419113734374999 0.5772059953124999 0.836397340625
28 0.43198533125000005 0.5625 0.430147321875 0.56433825625 0.4283086734375 0.56433825625 0.4283086734375 0.569853028125 0.4375 0.5790443125 0.44301466874999995 0.5790443125 0.45036734687499996 0.586397340625 0.4522059953125 0.586397340625 0.4595586734375 0.59375036875 0.4669119890625 0.59375036875 0.46875 0.5919113734375 0.46875 0.5753677984375 0.4669119890625 0.5735295421875 0.4669119890625 0.571691284375 0.46507334218749996 0.571691284375 0.46323533125000005 0.569853028125 0.46323533125000005 0.5680147703125 0.461397321875 0.5680147703125 0.4595586734375 0.5661765140624999 0.4577206625 0.5661765140624999 0.455882015625 0.56433825625 0.4540440046875 0.56433825625 0.4485293375 0.5588234859375001 0.43382334218749996 0.5588234859375001 0.43198533125000005 0.5569852296875 0.4283086734375 0.5569852296875 0.4283086734375 0.5588234859375001 0.430147321875 0.5588234859375001 0.43198533125000005 0.56066174375 0.43198533125000005 0.5625
12 0.4779413265625 0.2867644015625 0.4797793375 0.288602659375 0.5183820156250001 0.288602659375 0.5202206625 0.2867644015625 0.5220586734375 0.2867644015625 0.523897321875 0.2849261453125 0.52573533125 0.2849261453125 0.52573533125 0.227940915625 0.523897321875 0.22610265937500001 0.4705880109375 0.22610265937500001 0.4705880109375 0.2849261453125 0.47242665781250004 0.2849261453125 0.47426466874999995 0.2867644015625 0.4779413265625 0.2867644015625
27 0.3841913265625 0.2867644015625 0.382352678125 0.288602659375 0.382352678125 0.29044091562499996 0.3786766578125 0.2941174296875 0.37683801093749997 0.2941174296875 0.36948533125 0.3014704578125 0.36213201562499997 0.3014704578125 0.3602940046875 0.303308715625 0.3602940046875 0.321691284375 0.3713233421875 0.321691284375 0.37316198906250003 0.319853028125 0.37316198906250003 0.3180147703125 0.37683801093749997 0.31433825625 0.3841913265625 0.31433825625 0.3915440046875 0.3069852296875 0.39338201562499997 0.3069852296875 0.40073533125000005 0.29963220156250003 0.40257334218749996 0.29963220156250003 0.40625 0.2959556875 0.40625 0.288602659375 0.40073533125000005 0.28308788749999997 0.3915440046875 0.28308788749999997 0.3897059953125 0.2849261453125 0.387867346875 0.2849261453125 0.3860293375 0.2867644015625 0.3841913265625 0.2867644015625
28 0.3474266578125 0.4099261453125 0.34926466875 0.41176440156250005 0.351102678125 0.41176440156250005 0.3529413265625 0.41360265937499996 0.3584559953125 0.41360265937499996 0.36213201562499997 0.4099261453125 0.36213201562499997 0.3290443125 0.3602940046875 0.32720605625 0.3602940046875 0.32536779843749997 0.3584559953125 0.3235295421875 0.3584559953125 0.321691284375 0.3529413265625 0.321691284375 0.351102678125 0.3235295421875 0.351102678125 0.32536779843749997 0.3474266578125 0.3290443125 0.3474266578125 0.4099261453125
27 0.4669119890625 0.31433825625 0.47426466874999995 0.31433825625 0.4779413265625 0.3180147703125 0.4779413265625 0.319853028125 0.4797793375 0.321691284375 0.49448533125000005 0.321691284375 0.49448533125000005 0.3088234859375 0.4908086734375 0.305146971875 0.4908086734375 0.303308715625 0.4889706625 0.3014704578125 0.4834559953125 0.3014704578125 0.48161734687499996 0.29963220156250003 0.4797793375 0.29963220156250003 0.47426466874999995 0.2941174296875 0.47242665781250004 0.2941174296875 0.46875 0.29044091562499996 0.46875 0.288602659375 0.4669119890625 0.2867644015625 0.4577206625 0.2867644015625 0.455882015625 0.2849261453125 0.4485293375 0.2849261453125 0.4485293375 0.29779394375 0.4577206625 0.3069852296875 0.4595586734375 0.3069852296875 0.4669119890625 0.31433825625
32 0.762867346875 0.42647045781250004 0.7647059953124999 0.42830871562499995 0.7647059953124999 0.430146971875 0.7665440046875001 0.4319852296875 0.7959559953124999 0.4319852296875 0.7996320156250001 0.42830871562499995 0.7996320156250001 0.42463220156250003 0.8014706625000001 0.42279394375 0.8014706625000001 0.41911742968750004 0.8033086734375001 0.4172791734375 0.8033086734375001 0.4099261453125 0.8014706625000001 0.40808788749999997 0.8014706625000001 0.4025738546875 0.7996320156250001 0.40073559843749995 0.7996320156250001 0.3915443125 0.794117346875 0.3860295421875 0.794117346875 0.384191284375 0.7922793375 0.384191284375 0.7904413265625 0.382353028125 0.788602678125 0.382353028125 0.78676466875 0.3805147703125 0.77573533125 0.3805147703125 0.7647059953124999 0.3915443125 0.7647059953124999 0.3933825703125 0.762867346875 0.3952208265625 0.762867346875 0.42647045781250004
28 0.33088201562499997 0.13602954218750002 0.3272059953125 0.13970605625000002 0.325367346875 0.13970605625000002 0.3235293375 0.1415443125 0.3235293375 0.14338257031249999 0.319852678125 0.14705908437499998 0.31066198906250003 0.14705908437499998 0.3088233421875 0.14889734062499999 0.3088233421875 0.1507355984375 0.305147321875 0.1544121125 0.2959559953125 0.1544121125 0.294117346875 0.15625036875 0.294117346875 0.1580878875 0.2904413265625 0.1617644015625 0.288602678125 0.1617644015625 0.28676466875 0.16360265937500001 0.28676466875 0.180146971875 0.288602678125 0.1819852296875 0.2977940046875 0.1819852296875 0.299632653125 0.180146971875 0.299632653125 0.178308715625 0.3033086734375 0.17463220156249998 0.30698533125 0.17463220156249998 0.31066198906250003 0.1709556875 0.3125 0.1709556875 0.3161766578125 0.1672791734375 0.319852678125 0.1672791734375 0.3216913265625 0.16544091562500002 0.3216913265625 0.16360265937500001 0.325367346875 0.1599261453125 0.3290440046875 0.1599261453125 0.33088201562499997 0.1580878875 0.3345586734375 0.1580878875 0.3345586734375 0.15625036875 0.336397321875 0.1544121125 0.33823533125 0.1544121125 0.3400733421875 0.1525738546875 0.34191198906250003 0.1525738546875 0.34375 0.1507355984375 0.34375 0.14889734062499999 0.3474266578125 0.1452208265625 0.34926466875 0.1452208265625 0.3529413265625 0.1415443125 0.3529413265625 0.13970605625000002 0.3547793375 0.13786779843750002 0.3547793375 0.134191284375 0.3529413265625 0.132353028125 0.3529413265625 0.1305147703125 0.33823533125 0.1305147703125 0.336397321875 0.132353028125 0.3327206625 0.132353028125 0.33088201562499997 0.134191284375 0.33088201562499997 0.13602954218750002
26 0.7371320156250001 0.43382348593750003 0.7297793375 0.44117651406249997 0.7224266578125 0.44117651406249997 0.7205880109375 0.4430147703125 0.7205880109375 0.444853028125 0.7169119890625 0.44852954218749996 0.7150733421875 0.44852954218749996 0.71323533125 0.45036779843749997 0.71323533125 0.4669113734375 0.726102678125 0.4669113734375 0.726102678125 0.4650738546875 0.7297793375 0.46139734062500004 0.731617346875 0.46139734062500004 0.7371320156250001 0.45588257031249996 0.7389706625 0.45588257031249996 0.7408086734375 0.45404431250000005 0.7463233421875 0.45404431250000005 0.7481619890625 0.45220605625 0.7481619890625 0.45036779843749997 0.7518380109375 0.44669128437500005 0.7536766578125 0.44669128437500005 0.75551466875 0.444853028125 0.757352678125 0.444853028125 0.7610293375 0.44117651406249997 0.762867346875 0.44117651406249997 0.7665440046875001 0.4375 0.7683820156250001 0.4375 0.7683820156250001 0.43566174375 0.7702206625 0.43382348593750003 0.7702206625 0.42463220156250003 0.7518380109375 0.42463220156250003 0.75 0.42647045781250004 0.7463233421875 0.42647045781250004 0.7389706625 0.43382348593750003 0.7371320156250001 0.43382348593750003
25 0.43382334218749996 0.79779394375 0.43382334218749996 0.7830878875 0.4356619890625 0.78125036875 0.4356619890625 0.7610295421875 0.43382334218749996 0.759191284375 0.43382334218749996 0.757353028125 0.43198533125000005 0.7555147703125 0.43198533125000005 0.75183825625 0.41911734687499996 0.75183825625 0.41911734687499996 0.8069852296875 0.43198533125000005 0.8069852296875 0.43198533125000005 0.7996322015625 0.43382334218749996 0.79779394375
14 0.40992665781250004 0.42647045781250004 0.41176466874999995 0.42463220156250003 0.4154413265625 0.42463220156250003 0.4172793375 0.42647045781250004 0.41911734687499996 0.42647045781250004 0.4209559953125 0.42830871562499995 0.4227940046875 0.42830871562499995 0.4264706625 0.4319852296875 0.4485293375 0.4319852296875 0.45036734687499996 0.430146971875 0.4522059953125 0.430146971875 0.4522059953125 0.3694852296875 0.40257334218749996 0.3694852296875 0.40257334218749996 0.430146971875 0.4044119890625 0.430146971875 0.4080880109375 0.42647045781250004 0.40992665781250004 0.42647045781250004
27 0.6911766578125 0.8492644015625 0.6875 0.8529409156250001 0.6783086734375 0.8529409156250001 0.6764706625 0.8547791734375 0.6764706625 0.8566174296875 0.6727940046875001 0.86029394375 0.6709559953124999 0.86029394375 0.669117346875 0.8621322015624999 0.669117346875 0.8639704578125 0.6654413265625 0.8676469718750001 0.66176466875 0.8676469718750001 0.6599266578125 0.8694852296875 0.6580880109375 0.8694852296875 0.6580880109375 0.8805147703125 0.6746320156250001 0.8805147703125 0.6764706625 0.8786765140625 0.6783086734375 0.8786765140625 0.68198533125 0.875 0.6838233421875 0.875 0.6856619890625 0.8731617437500001 0.6875 0.8731617437500001 0.6893380109375 0.8713234859375 0.6893380109375 0.8694852296875 0.69301466875 0.865808715625 0.700367346875 0.865808715625 0.7077206625 0.8584556875 0.7095586734375 0.8584556875 0.711397321875 0.8566174296875 0.711397321875 0.8474261453124999 0.7077206625 0.84375036875 0.700367346875 0.84375036875 0.6985293375 0.8455878875 0.69301466875 0.8455878875 0.6911766578125 0.8474261453124999 0.6911766578125 0.8492644015625
28 0.5735293375 0.553308715625 0.5735293375 0.5514704578125 0.575367346875 0.5496322015625 0.575367346875 0.49080871562499995 0.5716913265625 0.48713220156250003 0.5735293375 0.48529394375 0.5625 0.48529394375 0.5625 0.555146971875 0.5716913265625 0.555146971875 0.5735293375 0.553308715625
32 0.19852933749999999 0.67279394375 0.194852678125 0.6764704578125 0.19301466875 0.6764704578125 0.19301466875 0.711397340625 0.194852678125 0.711397340625 0.19852933749999999 0.7150738546875 0.19852933749999999 0.7169113734375 0.20036734687500002 0.71875036875 0.22426466875 0.71875036875 0.226102678125 0.7169113734375 0.226102678125 0.7150738546875 0.22977933749999999 0.711397340625 0.23161734687500002 0.711397340625 0.2334559953125 0.709559084375 0.2334559953125 0.680146971875 0.226102678125 0.67279394375 0.226102678125 0.6709556875 0.22426466875 0.6691174296875 0.22242665781249998 0.6691174296875 0.22058801093749997 0.6672791734375 0.2040440046875 0.6672791734375 0.2022059953125 0.6691174296875 0.20036734687500002 0.6691174296875 0.19852933749999999 0.6709556875 0.19852933749999999 0.67279394375
26 0.742647321875 0.5900738546875 0.742647321875 0.5919113734375 0.74448533125 0.59375036875 0.7463233421875 0.59375036875 0.7518380109375 0.5992644015625 0.7536766578125 0.5992644015625 0.75551466875 0.601102659375 0.7591913265625 0.601102659375 0.7665440046875001 0.6084556875 0.7775733421875 0.6084556875 0.7794119890625 0.6066174296875 0.7794119890625 0.5919113734375 0.7683820156250001 0.5808825703125 0.762867346875 0.5808825703125 0.7610293375 0.5790443125 0.7591913265625 0.5790443125 0.7536766578125 0.5735295421875 0.7518380109375 0.5735295421875 0.7463233421875 0.5680147703125 0.7279413265625 0.5680147703125 0.7279413265625 0.5827208265625 0.731617346875 0.586397340625 0.7389706625 0.586397340625 0.742647321875 0.5900738546875
27 0.61948533125 0.7058825703125 0.6121320156250001 0.7058825703125 0.6102940046875001 0.7077208265625 0.6102940046875001 0.709559084375 0.606617346875 0.7132355984375 0.6047793375 0.7132355984375 0.5974266578125 0.7205878875 0.5919119890625 0.7205878875 0.5900733421875 0.7224261453125 0.58823533125 0.7224261453125 0.58823533125 0.7316174296875 0.5900733421875 0.7334556875 0.59375 0.7334556875 0.5955880109375 0.73529394375 0.601102678125 0.73529394375 0.6029413265625 0.7334556875 0.6139706625 0.7334556875 0.6158086734375 0.7316174296875 0.6158086734375 0.7297791734375 0.61948533125 0.726102659375 0.6213233421875 0.726102659375 0.6231619890625 0.7242644015625 0.6231619890625 0.7224261453125 0.6268380109375 0.71875036875 0.632352678125 0.71875036875 0.6341913265625 0.7169113734375 0.6360293375 0.7169113734375 0.6360293375 0.7150738546875 0.637867346875 0.7132355984375 0.637867346875 0.7003677984375 0.625 0.7003677984375 0.625 0.70220605625 0.6231619890625 0.7040443125 0.6213233421875 0.7040443125 0.61948533125 0.7058825703125
15 0.66748533125 0.2297791734375 0.6656473218750001 0.227940915625 0.6656473218750001 0.22610265937500001 0.61601530625 0.22610265937500001 0.61601530625 0.2849261453125 0.6656473218750001 0.2849261453125 0.66748533125 0.28308788749999997 0.66748533125 0.2297791734375
32 0.20036734687500002 0.38786779843749997 0.19852933749999999 0.38970605625 0.194852678125 0.38970605625 0.19301466875 0.3915443125 0.19301466875 0.42463220156250003 0.20036734687500002 0.4319852296875 0.22426466875 0.4319852296875 0.2334559953125 0.42279394375 0.2334559953125 0.398897340625 0.23161734687500002 0.39705908437500004 0.23161734687500002 0.3952208265625 0.21875 0.382353028125 0.21875 0.3805147703125 0.211397321875 0.3805147703125 0.20955867343749998 0.382353028125 0.20772066250000001 0.382353028125 0.2022059953125 0.38786779843749997 0.20036734687500002 0.38786779843749997
27 0.4577206625 0.7132355984375 0.455882015625 0.7150738546875 0.455882015625 0.7169113734375 0.4522059953125 0.7205878875 0.45036734687499996 0.7205878875 0.444852678125 0.726102659375 0.44301466874999995 0.726102659375 0.44117665781250004 0.727940915625 0.4356619890625 0.727940915625 0.43198533125000005 0.7316174296875 0.43198533125000005 0.74816174375 0.43382334218749996 0.75 0.4393380109375 0.75 0.44117665781250004 0.74816174375 0.444852678125 0.74816174375 0.4522059953125 0.740808715625 0.455882015625 0.740808715625 0.4577206625 0.7389704578125 0.4595586734375 0.7389704578125 0.46507334218749996 0.7334556875 0.4669119890625 0.7334556875 0.46875 0.7316174296875 0.46875 0.7297791734375 0.47242665781250004 0.726102659375 0.48161734687499996 0.726102659375 0.4834559953125 0.7242644015625 0.4834559953125 0.7224261453125 0.487132015625 0.71875036875 0.4889706625 0.71875036875 0.492647321875 0.7150738546875 0.492647321875 0.7132355984375 0.49448533125000005 0.711397340625 0.49632334218749996 0.711397340625 0.4981619890625 0.7132355984375 0.4981619890625 0.7003677984375 0.4797793375 0.7003677984375 0.47426466874999995 0.7058825703125 0.47242665781250004 0.7058825703125 0.46507334218749996 0.7132355984375 0.4577206625 0.7132355984375
12 0.4522059953125 0.711397340625 0.4522059953125 0.6544113734375 0.40257334218749996 0.6544113734375 0.40073533125000005 0.65625036875 0.40073533125000005 0.7150738546875 0.4485293375 0.7150738546875 0.4522059953125 0.711397340625
16 0.24080867343749998 0.569853028125 0.24080867343749998 0.5165443125 0.23897066250000001 0.51470605625 0.23897066250000001 0.5128677984375 0.1893380109375 0.5128677984375 0.1856619890625 0.5165443125 0.1856619890625 0.571691284375 0.23897066250000001 0.571691284375 0.24080867343749998 0.569853028125
25 0.5661766578125 0.23529394374999998 0.56801466875 0.2334556875 0.5716913265625 0.2334556875 0.5716913265625 0.2150738546875 0.5735293375 0.2132355984375 0.5735293375 0.21139734062499999 0.575367346875 0.209559084375 0.575367346875 0.1838234859375 0.5716913265625 0.180146971875 0.5643380109375 0.180146971875 0.5625 0.1819852296875 0.5625 0.2371322015625 0.5643380109375 0.23529394374999998 0.5661766578125 0.23529394374999998
26 0.7040440046875001 0.4669113734375 0.7040440046875001 0.522059084375 0.7169119890625 0.522059084375 0.7169119890625 0.4669113734375 0.7040440046875001 0.4669113734375
0 0.3033086734375 0.47058788749999997 0.299632653125 0.47058788749999997 0.2977940046875 0.46875036875 0.2959559953125 0.46875036875 0.2959559953125 0.47058788749999997 0.294117346875 0.4724261453125 0.294117346875 0.47794091562499996 0.2922793375 0.4797791734375 0.2922793375 0.5294113734375 0.294117346875 0.53125036875 0.294117346875 0.540440915625 0.2959559953125 0.5422791734375 0.2977940046875 0.5422791734375 0.3033086734375 0.54779394375 0.305147321875 0.54779394375 0.30698533125 0.5496322015625 0.3088233421875 0.5496322015625 0.31066198906250003 0.5514704578125 0.3125 0.5514704578125 0.31433801093749997 0.553308715625 0.31433801093749997 0.555146971875 0.3161766578125 0.5569852296875 0.3161766578125 0.5625 0.31801466875 0.56433825625 0.31801466875 0.5661765140624999 0.3216913265625 0.569853028125 0.3235293375 0.569853028125 0.325367346875 0.571691284375 0.3272059953125 0.571691284375 0.33088201562499997 0.5753677984375 0.33088201562499997 0.57720605625 0.3327206625 0.5790443125 0.336397321875 0.5790443125 0.33823533125 0.5808825703125 0.3400733421875 0.5808825703125 0.34191198906250003 0.5827208265625 0.36948533125 0.5827208265625 0.3713233421875 0.5808825703125 0.37316198906250003 0.5808825703125 0.375 0.5790443125 0.3786766578125 0.5790443125 0.3841913265625 0.5735295421875 0.3860293375 0.5735295421875 0.387867346875 0.571691284375 0.3915440046875 0.571691284375 0.398897321875 0.56433825625 0.40257334218749996 0.56433825625 0.40625 0.56066174375 0.4080880109375 0.56066174375 0.41176466874999995 0.5569852296875 0.413602678125 0.5569852296875 0.4154413265625 0.555146971875 0.4172793375 0.555146971875 0.4172793375 0.50183825625 0.4154413265625 0.5 0.4154413265625 0.4944852296875 0.413602678125 0.4944852296875 0.40992665781250004 0.49080871562499995 0.4080880109375 0.49080871562499995 0.40625 0.48897045781250004 0.402914540625 0.4905649921875 0.398382653125 0.46798449062499997 0.3766683671875 0.44645125625000004 0.357186225 0.4303434265625 0.3302991078125 0.44922378125 0.305147321875 0.4724261453125 0.3033086734375 0.47058788749999997
26 0.14522066250000001 0.4669113734375 0.14522066250000001 0.4650738546875 0.132352678125 0.4650738546875 0.132352678125 0.522059084375 0.148897321875 0.522059084375 0.148897321875 0.47058788749999997 0.14522066250000001 0.4669113734375
11 0.5606619890625 0.42647045781250004 0.5625 0.42463220156250003 0.5716913265625 0.42463220156250003 0.5735293375 0.42647045781250004 0.5772059953124999 0.42647045781250004 0.5790440046875001 0.42830871562499995 0.5900733421875 0.42830871562499995 0.5919119890625 0.42647045781250004 0.5919119890625 0.42463220156250003 0.59375 0.42279394375 0.59375 0.3694852296875 0.544117346875 0.3694852296875 0.544117346875 0.42830871562499995 0.55698533125 0.42830871562499995 0.5588233421875 0.42647045781250004 0.5606619890625 0.42647045781250004
4 0.6158086734375 0.86029394375 0.6139706625 0.8621322015624999 0.6121320156250001 0.8621322015624999 0.6121320156250001 0.8952208265625 0.6158086734375 0.898897340625 0.6158086734375 0.9007355984375 0.617647321875 0.9025731171875 0.617647321875 0.9080878875 0.61948533125 0.9099261453124999 0.6580880109375 0.9099261453124999 0.6672793375 0.9007355984375 0.6672793375 0.884191284375 0.6654413265625 0.8823530281249999 0.6580880109375 0.8823530281249999 0.6452206625 0.8694852296875 0.6452206625 0.8621322015624999 0.6433820156250001 0.86029394375 0.6415440046875001 0.86029394375 0.637867346875 0.8566174296875 0.637867346875 0.8547791734375 0.6360293375 0.8529409156250001 0.6268380109375 0.8529409156250001 0.625 0.8547791734375 0.625 0.8566174296875 0.6213233421875 0.86029394375 0.6158086734375 0.86029394375
9 0.31066198906250003 0.42463220156250003 0.31066198906250003 0.3713234859375 0.3088233421875 0.3694852296875 0.257352678125 0.3694852296875 0.257352678125 0.430146971875 0.30698533125 0.430146971875 0.30698533125 0.42830871562499995 0.31066198906250003 0.42463220156250003
31 0.6231619890625 0.102940915625 0.61948533125 0.10661742968750001 0.61948533125 0.13786779843750002 0.6268380109375 0.1452208265625 0.6580880109375 0.1452208265625 0.6599266578125 0.14338257031249999 0.6599266578125 0.10661742968750001 0.6525733421875 0.09926440156250001 0.6525733421875 0.0974261453125 0.65073533125 0.0955878875 0.648897321875 0.0955878875 0.6470586734375 0.09375036875000001 0.6452206625 0.09375036875000001 0.6433820156250001 0.0919121125 0.6397059953124999 0.0919121125 0.637867346875 0.09375036875000001 0.6360293375 0.09375036875000001 0.6268380109375 0.102940915625 0.6231619890625 0.102940915625
26 0.39338201562499997 0.5661765140624999 0.3860293375 0.5735295421875 0.3841913265625 0.5735295421875 0.37683801093749997 0.5808825703125 0.36948533125 0.5808825703125 0.3584559953125 0.5919113734375 0.3584559953125 0.5955878875 0.356617346875 0.5974261453125 0.356617346875 0.6047791734375 0.3602940046875 0.6084556875 0.3713233421875 0.6084556875 0.3786766578125 0.601102659375 0.3860293375 0.601102659375 0.387867346875 0.5992644015625 0.387867346875 0.5974261453125 0.3915440046875 0.59375036875 0.39338201562499997 0.59375036875 0.40073533125000005 0.586397340625 0.4044119890625 0.586397340625 0.40625 0.584559084375 0.4080880109375 0.584559084375 0.4080880109375 0.5827208265625 0.40992665781250004 0.5808825703125 0.41176466874999995 0.5808825703125 0.413602678125 0.5790443125 0.4154413265625 0.5790443125 0.4172793375 0.57720605625 0.4172793375 0.5753677984375 0.4209559953125 0.571691284375 0.424632015625 0.571691284375 0.424632015625 0.5588234859375001 0.4044119890625 0.5588234859375001 0.398897321875 0.56433825625 0.3970586734375 0.56433825625 0.3952206625 0.5661765140624999 0.39338201562499997 0.5661765140624999
29 0.575367346875 0.2058825703125 0.575367346875 0.240808715625 0.6047793375 0.240808715625 0.6084559953124999 0.2371322015625 0.6084559953124999 0.2297791734375 0.6121320156250001 0.22610265937500001 0.6158086734375 0.22610265937500001 0.617647321875 0.2242644015625 0.61948533125 0.2242644015625 0.6213233421875 0.2224261453125 0.6213233421875 0.2150738546875 0.6158086734375 0.209559084375 0.6158086734375 0.2077208265625 0.6139706625 0.2058825703125 0.6121320156250001 0.2058825703125 0.6084559953124999 0.20220605625000002 0.6084559953124999 0.1930147703125 0.606617346875 0.1911765140625 0.5974266578125 0.1911765140625 0.5955880109375 0.18933825625 0.5900733421875 0.18933825625 0.58823533125 0.1911765140625 0.586397321875 0.1911765140625 0.5845586734375 0.1930147703125 0.5808820156250001 0.1930147703125 0.5790440046875001 0.1911765140625 0.5772059953124999 0.1911765140625 0.575367346875 0.18933825625 0.575367346875 0.196691284375 0.5790440046875001 0.2003677984375 0.5790440046875001 0.20220605625000002 0.575367346875 0.2058825703125
26 0.21691198906250003 0.61029394375 0.21691198906250003 0.6084556875 0.20588265312499998 0.6084556875 0.20588265312499998 0.663602659375 0.21875 0.663602659375 0.21875 0.6121322015625 0.21691198906250003 0.61029394375
26 0.819852678125 0.5661765140624999 0.8180146687500001 0.5680147703125 0.8161766578125 0.5680147703125 0.8161766578125 0.569853028125 0.8125 0.5735295421875 0.8106619890625 0.5735295421875 0.8033086734375001 0.5808825703125 0.7959559953124999 0.5808825703125 0.794117346875 0.5827208265625 0.794117346875 0.584559084375 0.7904413265625 0.5882355984375 0.788602678125 0.5882355984375 0.78676466875 0.5900738546875 0.7849266578125 0.5900738546875 0.7849266578125 0.6084556875 0.7977940046875001 0.6084556875 0.805147321875 0.601102659375 0.8125 0.601102659375 0.8143380109375 0.5992644015625 0.8143380109375 0.5974261453125 0.8180146687500001 0.59375036875 0.8216913265624999 0.59375036875 0.8235293374999999 0.5919113734375 0.825367346875 0.5919113734375 0.8290440046875001 0.5882355984375 0.8308820156250001 0.5882355984375 0.8327206625000001 0.586397340625 0.8345586734375001 0.586397340625 0.836397321875 0.584559084375 0.836397321875 0.5827208265625 0.8400733421875 0.5790443125 0.8419119890625 0.5790443125 0.8474266578125 0.5735295421875 0.8492646687500001 0.5735295421875 0.851102678125 0.571691284375 0.851102678125 0.569853028125 0.8529413265624999 0.5680147703125 0.8529413265624999 0.5661765140624999 0.851102678125 0.56433825625 0.851102678125 0.5588234859375001 0.8327206625000001 0.5588234859375001 0.8308820156250001 0.56066174375 0.8308820156250001 0.5625 0.8272059953124999 0.5661765140624999 0.819852678125 0.5661765140624999
4 0.40073533125000005 0.242646971875 0.398897321875 0.24448522968750003 0.398897321875 0.2775738546875 0.40257334218749996 0.28125036875 0.40257334218749996 0.28308788749999997 0.40625 0.2867644015625 0.4080880109375 0.2867644015625 0.40992665781250004 0.288602659375 0.40992665781250004 0.29044091562499996 0.41176466874999995 0.29044091562499996 0.413602678125 0.2922791734375 0.444852678125 0.2922791734375 0.4466913265625 0.29044091562499996 0.4466913265625 0.288602659375 0.45036734687499996 0.2849261453125 0.4522059953125 0.2849261453125 0.4540440046875 0.28308788749999997 0.4540440046875 0.2683825703125 0.45036734687499996 0.26470605625 0.4466913265625 0.26470605625 0.444852678125 0.26286779843749997 0.44301466874999995 0.26286779843749997 0.4393380109375 0.259191284375 0.4393380109375 0.257353028125 0.4375 0.2555147703125 0.4375 0.2536765140625 0.43382334218749996 0.25 0.43382334218749996 0.24816174375000002 0.43198533125000005 0.2463234859375 0.43198533125000005 0.24448522968750003 0.430147321875 0.242646971875 0.4283086734375 0.242646971875 0.424632015625 0.23897045781249998 0.424632015625 0.2371322015625 0.40992665781250004 0.2371322015625 0.40625 0.240808715625 0.4044119890625 0.240808715625 0.40257334218749996 0.242646971875 0.40073533125000005 0.242646971875
8 0.4779413265625 0.5680147703125 0.4797793375 0.5661765140624999 0.4834559953125 0.5661765140624999 0.4852940046875 0.56433825625 0.4889706625 0.56433825625 0.492647321875 0.5680147703125 0.492647321875 0.569853028125 0.5220586734375 0.569853028125 0.5220586734375 0.5680147703125 0.523897321875 0.5661765140624999 0.523897321875 0.51470605625 0.5220586734375 0.5128677984375 0.47242665781250004 0.5128677984375 0.47242665781250004 0.569853028125 0.47426466874999995 0.569853028125 0.476102678125 0.5680147703125 0.4779413265625 0.5680147703125
28 0.3014706625 0.2959556875 0.3014706625 0.29779394375 0.3033086734375 0.29963220156250003 0.305147321875 0.29963220156250003 0.3125 0.3069852296875 0.319852678125 0.3069852296875 0.3235293375 0.31066174375 0.3235293375 0.3125 0.325367346875 0.31433825625 0.3272059953125 0.31433825625 0.3327206625 0.319853028125 0.3345586734375 0.319853028125 0.336397321875 0.321691284375 0.351102678125 0.321691284375 0.3529413265625 0.319853028125 0.3529413265625 0.31066174375 0.351102678125 0.3088234859375 0.351102678125 0.305146971875 0.3474266578125 0.3014704578125 0.3400733421875 0.3014704578125 0.336397321875 0.29779394375 0.336397321875 0.2959556875 0.3345586734375 0.2941174296875 0.3327206625 0.2941174296875 0.33088201562499997 0.2922791734375 0.3290440046875 0.2922791734375 0.3272059953125 0.29044091562499996 0.3272059953125 0.288602659375 0.3235293375 0.288602659375 0.3216913265625 0.2867644015625 0.31801466875 0.2867644015625 0.31433801093749997 0.28308788749999997 0.31433801093749997 0.28125036875 0.3125 0.27941211250000003 0.31066198906250003 0.27941211250000003 0.305147321875 0.273897340625 0.3033086734375 0.273897340625 0.3014706625 0.27205908437500004 0.28676466875 0.27205908437500004 0.28676466875 0.288602659375 0.2904413265625 0.2922791734375 0.2977940046875 0.2922791734375 0.3014706625 0.2959556875
3 0.2610293375 0.5275738546875 0.2591913265625 0.5275738546875 0.2591913265625 0.5294113734375 0.257352678125 0.53125036875 0.257352678125 0.56433825625 0.262867346875 0.569853028125 0.262867346875 0.571691284375 0.2647059953125 0.5735295421875 0.2647059953125 0.5753677984375 0.2665440046875 0.57720605625 0.299632653125 0.57720605625 0.305147321875 0.571691284375 0.30698533125 0.571691284375 0.3088233421875 0.569853028125 0.31066198906250003 0.569853028125 0.3125 0.5680147703125 0.3125 0.5514704578125 0.31066198906250003 0.5514704578125 0.305147321875 0.5459556875 0.2977940046875 0.5459556875 0.2922793375 0.540440915625 0.2922793375 0.53125036875 0.2904413265625 0.5294113734375 0.2904413265625 0.5275738546875 0.28676466875 0.523897340625 0.2904413265625 0.5202208265625 0.268382653125 0.5202208265625 0.2647059953125 0.523897340625 0.262867346875 0.523897340625 0.262867346875 0.5257355984375 0.2610293375 0.5275738546875
28 0.2922793375 0.1819852296875 0.2775733421875 0.1819852296875 0.2775733421875 0.2702208265625 0.2904413265625 0.2702208265625 0.2922793375 0.2683825703125 0.2922793375 0.1819852296875
13 0.8069853312499999 0.5680147703125 0.8088233421875 0.5661765140624999 0.8088233421875 0.56066174375 0.8106619890625 0.5588234859375001 0.8106619890625 0.5349261453125 0.8088233421875 0.5330878875 0.8088233421875 0.5275738546875 0.8069853312499999 0.5257355984375 0.8069853312499999 0.5128677984375 0.757352678125 0.5128677984375 0.757352678125 0.571691284375 0.805147321875 0.571691284375 0.8069853312499999 0.569853028125 0.8069853312499999 0.5680147703125
36 0.4595586734375 0.564042096875 0.461397321875 0.565879615625 0.46323533125000005 0.565879615625 0.46507334218749996 0.5677178734375 0.476102678125 0.5677178734375 0.4779413265625 0.565879615625 0.4834559953125 0.565879615625 0.4852940046875 0.564042096875 0.4889706625 0.564042096875 0.49632334218749996 0.5713943875 0.5036766578125 0.5713943875 0.507352678125 0.5750709015625 0.5147059953124999 0.5750709015625 0.5165440046875001 0.57323264375 0.5183820156250001 0.57323264375 0.5202206625 0.5713943875 0.5294119890625 0.5713943875 0.53125 0.5695561296875 0.5330880109375 0.5695561296875 0.538602678125 0.564042096875 0.544117346875 0.564042096875 0.5459559953124999 0.562203840625 0.5477940046875001 0.562203840625 0.5533086734375 0.55668906875 0.555147321875 0.55668906875 0.55698533125 0.5548508125 0.5588233421875 0.5548508125 0.5588233421875 0.5530125546875 0.5606619890625 0.5511742984375 0.5606619890625 0.5346299859375 0.5588233421875 0.5327917281250001 0.5588233421875 0.503379615625 0.5592289546875 0.48797119687499996 0.5393756375 0.4622540625 0.4997385203125 0.427173559375 0.46045663281250004 0.45702732656249995 0.4573475765625 0.475762925 0.437382015625 0.493742984375 0.44301466874999995 0.55668906875 0.444852678125 0.55668906875 0.4522059953125 0.564042096875 0.4595586734375 0.564042096875
5 0.45663265312499995 0.47119645468750004 0.45599489843749996 0.455686853125 0.45280612187499997 0.45273264375 0.4375 0.45273264375 0.43303571406249997 0.436484490625 0.42155612187499997 0.42762186093750004 0.414540815625 0.42688330937499996 0.4068877546875 0.4305760703125 0.39987244843749997 0.43870014843750005 0.39732142812500004 0.44830132968749997 0.3966836734375 0.45937961562499996 0.4075255109375 0.483751846875 0.446428571875 0.483751846875 0.45663265312499995 0.47119645468750004
5 0.528061225 0.6122599703125 0.52742346875 0.5982274734375 0.5235969390624999 0.5952732640625 0.5095663265625 0.5952732640625 0.5025510203125 0.57754800625 0.48979591874999995 0.567946825 0.473852040625 0.57754800625 0.46875 0.59084195 0.4681122453125 0.6026587890624999 0.47895408125000005 0.6262924671875 0.5153061218749999 0.627769571875 0.528061225 0.6122599703125
34 0.7334183671875001 0.279172821875 0.7302295921875 0.25184638125 0.713647959375 0.2363367796875 0.70854591875 0.2363367796875 0.692602040625 0.25184638125 0.689413265625 0.26809453437499997 0.6887755109375 0.28212703125 0.6989795921875 0.2917282125 0.72257653125 0.2909896609375 0.7334183671875001 0.279172821875
13 0.3744789546875 0.5744549484375 0.382132015625 0.570023634375 0.383407525 0.522017725 0.3808565046875 0.5131550953125 0.37639221875 0.5109394390625 0.3413156890625 0.5102008859375 0.3349381375 0.5109394390625 0.329836096875 0.515370753125 0.3291983421875 0.5537754796875001 0.3317493625 0.5715007390625 0.340040178125 0.5751934999999999 0.3744789546875 0.5744549484375
11 0.522959184375 0.8574593796875 0.5255102046875 0.8485967499999999 0.5255102046875 0.8072378140625001 0.5223214281249999 0.798375184375 0.47895408125000005 0.7968980796875 0.47321428593750003 0.7991137375 0.47193877500000003 0.8035450515625 0.4713010203125 0.845642540625 0.473852040625 0.8567208265625 0.48086734687500005 0.8596750375 0.522959184375 0.8574593796875
10 0.7040816328124999 0.7097488921874999 0.716836734375 0.71787296875 0.7283163265625 0.7171344171875 0.7372448984375 0.7127031015624999 0.7391581625 0.66838995625 0.7359693875 0.6558345640625001 0.69132653125 0.654357459375 0.685586734375 0.6580502218750001 0.6849489796875 0.7104874453125001 0.6887755109375 0.7149187593749999 0.699617346875 0.7097488921874999 0.7040816328124999 0.7097488921874999
28 0.397959184375 0.4342688328125 0.36607142812500004 0.41358936562500004 0.3571428578125 0.41654357500000005 0.3565051015625 0.42688330937499996 0.359693878125 0.4313146234375 0.3947704078125 0.45494830156250005 0.397959184375 0.4342688328125
27 0.7091836734375 0.8441654359375 0.7130102046875 0.8441654359375 0.7181122453125 0.8397341218750001 0.7181122453125 0.777695715625 0.7161989796875 0.775480059375 0.7174744890625 0.77252585 0.7059948984375 0.77104874375 0.7034438781250001 0.77474150625 0.7040816328124999 0.824839734375 0.7028061218749999 0.83530280625 0.7059948984375 0.8419497781249999 0.7091836734375 0.8441654359375
27 0.6116071421875 0.866322009375 0.6090561218749999 0.862629246875 0.5784438781250001 0.8419497781249999 0.5701530609375001 0.8471196453125 0.570790815625 0.855982275 0.5809948984375 0.8670605609375001 0.6090561218749999 0.8810930578124999 0.6116071421875 0.866322009375
27 0.6798469390624999 0.7385524375 0.6830357140625 0.7259970453125 0.6811224484375 0.7200886265625 0.651147959375 0.6994091578125 0.6422193875 0.701624815625 0.6403061218749999 0.7104874453125001 0.6434948984375 0.7156573109375 0.6785714281249999 0.7400295421875 0.6798469390624999 0.7385524375
27 0.5401785718750001 0.722304284375 0.5089285718750001 0.7001477109375001 0.5044642859375 0.6994091578125 0.4993622453125 0.7031019203125 0.5 0.71418020625 0.52742346875 0.7326440171875 0.536352040625 0.7422451999999999 0.5401785718750001 0.722304284375
26 0.848852040625 0.47045790312499997 0.8545918374999999 0.463072378125 0.8520408156249999 0.45199409218750003 0.8112244890625 0.425406203125 0.8067602046875001 0.4239290984375 0.7997448984375 0.42983751875 0.7971938781250001 0.4350073859375 0.7997448984375 0.44091580468749997 0.8411989796875 0.4675036921875 0.848852040625 0.47045790312499997
26 0.2920918375 0.472673559375 0.286352040625 0.46602658750000003 0.2825255109375 0.46602658750000003 0.27678571406249997 0.47119645468750004 0.27678571406249997 0.5192023640625 0.289540815625 0.5288035453125 0.29145408125 0.5265878875000001 0.2920918375 0.472673559375
2 0.3737244890625 0.722304284375 0.3807397953125 0.7163958640625 0.3858418375 0.7067946828125 0.3858418375 0.6964549484375 0.383290815625 0.69128508125 0.36479591875 0.6875923187499999 0.3622448984375 0.675036928125 0.3463010203125 0.6624815359375 0.3290816328125 0.675036928125 0.3258928578125 0.6883308718750001 0.3252551015625 0.6964549484375 0.3309948984375 0.7127031015624999 0.3380102046875 0.72156573125 0.3737244890625 0.722304284375
7 0.30698533125 0.7150738546875 0.31066198906250003 0.711397340625 0.3125 0.711397340625 0.3125 0.6544113734375 0.257352678125 0.6544113734375 0.257352678125 0.711397340625 0.2591913265625 0.711397340625 0.262867346875 0.7150738546875 0.30698533125 0.7150738546875
20 0.5875 0.9546875921875 0.5875 0.953124815625 0.5890625 0.9515627765625 0.5890625 0.95 0.5875 0.9484372234375 0.5875 0.9203124078125 0.5890625 0.9187496312500001 0.5890625 0.9125 0.5875 0.9109372234374999 0.5875 0.9078124078125 0.5890625 0.90625036875 0.5890625 0.8796875921874999 0.5875 0.8781248156249999 0.5875 0.875 0.5375 0.875 0.5375 0.9562496312500001 0.584375 0.9562496312500001 0.5859375 0.9546875921875 0.5875 0.9546875921875
18 0.1609375 0.59374963125 0.109375 0.59374963125 0.109375 0.6703124078125 0.159375 0.6703124078125 0.1609375 0.6687496312500001 0.1609375 0.59374963125
18 0.9453125 0.4484372234375 0.890625 0.4484372234375 0.890625 0.5265627765625001 0.94375 0.5265627765625001 0.9453125 0.525 0.9453125 0.4484372234375
18 0.8015625 0.7328124078125 0.75 0.7328124078125 0.75 0.8125 0.7984375 0.8125 0.8015625 0.8093751843750001 0.8015625 0.7328124078125
18 0.803125 0.16406277656249998 0.746875 0.16406277656249998 0.746875 0.23906277656250002 0.8 0.23906277656250002 0.803125 0.23593722343749998 0.803125 0.16406277656249998
22 0.2515625 0.8781248156249999 0.2515625 0.959375184375 0.3046875 0.959375184375 0.3046875 0.8781248156249999 0.2515625 0.8781248156249999
21 0.303125 0.0203124078125 0.2515625 0.0203124078125 0.2515625 0.0984372234375 0.3015625 0.0984372234375 0.303125 0.096875184375 0.303125 0.0203124078125
19 0.1078125 0.30312481562500004 0.1078125 0.38437518437499996 0.1609375 0.38437518437499996 0.1609375 0.30312481562500004 0.1078125 0.30312481562500004
23 0.590625 0.021875184375000002 0.534375 0.021875184375000002 0.534375 0.0984372234375 0.5890625 0.0984372234375 0.590625 0.096875184375 0.590625 0.021875184375000002