34 0.6125 0.27343740625 0.6109377484375 0.275 0.6109377484375 0.27656259375 0.609374834375 0.2781251859375 0.609374834375 0.30312518593750004 0.6125 0.306249628125 0.6125 0.3093748140625 0.6140622515625 0.31093740625 0.615625165625 0.31093740625 0.6171874171875 0.3125 0.61875033125 0.3125 0.621874834375 0.3156251859375 0.6421874171875 0.3156251859375 0.6421874171875 0.31406259375 0.6453125828124999 0.31093740625 0.6468748343749999 0.31093740625 0.6484377484375 0.3093748140625 0.6484377484375 0.3078122203125 0.6515622515625 0.3046877796875 0.653125165625 0.3046877796875 0.653125165625 0.2781251859375 0.6515622515625 0.27656259375 0.6515622515625 0.275 0.65 0.27343740625 0.65 0.27187481406249997 0.6484377484375 0.2703122203125 0.6484377484375 0.2671877796875 0.6468748343749999 0.2656251859375 0.6468748343749999 0.26406259374999996 0.6453125828124999 0.26406259374999996 0.6437503312499999 0.2625 0.6421874171875 0.2625 0.640625165625 0.26093740625 0.61875033125 0.26093740625 0.6140622515625 0.2656251859375 0.6140622515625 0.2671877796875 0.6125 0.268750371875 0.6125 0.27343740625
35 0.3140622515625 0.1203122203125 0.3109377484375 0.12343740624999999 0.309374834375 0.12343740624999999 0.3078125828125 0.125 0.30625033125 0.125 0.3015622515625 0.1296877796875 0.3 0.1296877796875 0.2984377484375 0.13124962812500002 0.2953125828125 0.13124962812500002 0.29375033125 0.1328122203125 0.29375033125 0.13437481406250001 0.29218741718749996 0.13593740625 0.29062516562499996 0.13593740625 0.2890622515625 0.1375 0.2875 0.1375 0.2859377484375 0.13906259375000002 0.284374834375 0.13906259375000002 0.2734377484375 0.15 0.27187483437500004 0.15 0.27187483437500004 0.24687481406249998 0.2734377484375 0.24843740625000002 0.275 0.24843740625000002 0.2765622515625 0.25 0.278125165625 0.25 0.2828125828125 0.2546877796875 0.2859377484375 0.2546877796875 0.2875 0.256249628125 0.2890622515625 0.256249628125 0.29218741718749996 0.25937481406249996 0.29375033125 0.25937481406249996 0.2953125828125 0.26093740625 0.30312516562499997 0.26093740625 0.3046874171875 0.2625 0.3078125828125 0.2625 0.309374834375 0.26406259374999996 0.3109377484375 0.2625 0.3171874171875 0.2625 0.31875033125 0.26093740625 0.33125033125000003 0.26093740625 0.33281258281250004 0.25937481406249996 0.33437483437500004 0.25937481406249996 0.3359377484375 0.26093740625 0.34375033125 0.26093740625 0.3453125828125 0.2625 0.346874834375 0.2625 0.3515622515625 0.2671877796875 0.35625033125 0.2671877796875 0.3578125828125 0.268750371875 0.3671874171875 0.268750371875 0.36875033125 0.2671877796875 0.3734377484375 0.2671877796875 0.375 0.2656251859375 0.3765622515625 0.2656251859375 0.3796874171875 0.2625 0.38125033125 0.2625 0.3828125828125 0.26093740625 0.38437483437500003 0.26093740625 0.3859377484375 0.25937481406249996 0.3875 0.25937481406249996 0.3921874171875 0.2546877796875 0.39375033125000003 0.2546877796875 0.39531258281250004 0.2531251859375 0.39687483437500004 0.2531251859375 0.39687483437500004 0.25156259375 0.4 0.24843740625000002 0.4 0.24687481406249998 0.403125165625 0.243749628125 0.403125165625 0.1578122203125 0.39531258281250004 0.15 0.39375033125000003 0.15 0.3890622515625 0.1453122203125 0.3875 0.1453122203125 0.3859377484375 0.143749628125 0.38437483437500003 0.143749628125 0.378125165625 0.1375 0.3765622515625 0.1375 0.375 0.13593740625 0.3734377484375 0.13593740625 0.36875033125 0.13124962812500002 0.3671874171875 0.13124962812500002 0.36562516562499997 0.1296877796875 0.3640622515625 0.1296877796875 0.359374834375 0.125 0.3578125828125 0.125 0.35625033125 0.12343740624999999 0.35468741718749996 0.12343740624999999 0.35 0.118750371875 0.3484377484375 0.118750371875 0.346874834375 0.11718777968750001 0.3453125828125 0.11718777968750001 0.3421874171875 0.11406259375000001 0.3234377484375 0.11406259375000001 0.31875033125 0.118750371875 0.3171874171875 0.118750371875 0.315625165625 0.1203122203125 0.3140622515625 0.1203122203125
35 0.4 0.27656259375 0.39687483437500004 0.2796877796875 0.3828125828125 0.2796877796875 0.38125033125 0.281250371875 0.378125165625 0.281250371875 0.3765622515625 0.2828122203125 0.375 0.2828122203125 0.371874834375 0.28593740625 0.3703125828125 0.28593740625 0.36875033125 0.2875 0.3671874171875 0.2875 0.3625 0.2921877796875 0.3625 0.293749628125 0.3609377484375 0.2953122203125 0.3609377484375 0.2968748140625 0.359374834375 0.29843740625000004 0.359374834375 0.3 0.3578125828125 0.30156259375 0.3578125828125 0.30312518593750004 0.35625033125 0.3046877796875 0.35625033125 0.3093748140625 0.35312516562499996 0.3125 0.3515622515625 0.3125 0.35 0.31406259375 0.3484377484375 0.31406259375 0.3484377484375 0.3156251859375 0.346874834375 0.3171877796875 0.3453125828125 0.3171877796875 0.3453125828125 0.3921877796875 0.3484377484375 0.3953122203125 0.3484377484375 0.39687481406249997 0.35468741718749996 0.40312518593749996 0.35625033125 0.40312518593749996 0.3578125828125 0.4046877796875 0.3609377484375 0.4046877796875 0.3625 0.406250371875 0.3640622515625 0.406250371875 0.3671874171875 0.40937481406250004 0.36875033125 0.40937481406250004 0.3703125828125 0.41093740624999997 0.371874834375 0.41093740624999997 0.3734377484375 0.4125 0.375 0.4125 0.378125165625 0.4156251859375 0.3796874171875 0.4156251859375 0.38125033125 0.4171877796875 0.3828125828125 0.4171877796875 0.38437483437500003 0.41874962812499994 0.3859377484375 0.41874962812499994 0.3890622515625 0.42187481406250005 0.390625165625 0.42187481406250005 0.3921874171875 0.42343740625 0.3984377484375 0.42343740625 0.4 0.425 0.40625033125 0.425 0.4078125828125 0.42343740625 0.42031258281249995 0.42343740625 0.42187483437499995 0.42187481406250005 0.4265622515625 0.42187481406250005 0.428125165625 0.4203122203125 0.42968741718750003 0.4203122203125 0.43125033124999995 0.41874962812499994 0.43281258281249996 0.41874962812499994 0.43437483437499996 0.4171877796875 0.4359377484375 0.4171877796875 0.4375 0.4156251859375 0.4390622515625 0.4156251859375 0.44218741718750004 0.4125 0.44375033124999996 0.4125 0.44531258281249997 0.41093740624999997 0.446874834375 0.41093740624999997 0.45468741718750005 0.40312518593749996 0.45468741718750005 0.40156259375000003 0.45625033125 0.4 0.45625033125 0.39843740625 0.459374834375 0.3953122203125 0.459374834375 0.3921877796875 0.4609377484375 0.3906251859375 0.4609377484375 0.37656259375 0.4625 0.375 0.4625 0.37343740625 0.465625165625 0.3703122203125 0.465625165625 0.368749628125 0.4671874171875 0.3671877796875 0.4671874171875 0.36406259375 0.4703125828125 0.36093740625000004 0.471874834375 0.36093740625000004 0.4734377484375 0.3593748140625 0.4734377484375 0.3078122203125 0.465625165625 0.3 0.4625 0.3 0.4609377484375 0.29843740625000004 0.459374834375 0.29843740625000004 0.45625033125 0.2953122203125 0.45468741718750005 0.2953122203125 0.45312516562500005 0.293749628125 0.4515622515625 0.293749628125 0.44531258281249997 0.2875 0.44062516562500004 0.2875 0.4390622515625 0.28593740625 0.4375 0.28593740625 0.43437483437499996 0.2828122203125 0.43281258281249996 0.2828122203125 0.43125033124999995 0.281250371875 0.42968741718750003 0.281250371875 0.428125165625 0.2796877796875 0.4265622515625 0.2796877796875 0.4234377484375 0.27656259375 0.42187483437499995 0.27656259375 0.415625165625 0.2703122203125 0.4109377484375 0.2703122203125 0.409374834375 0.27187481406249997 0.40625033125 0.27187481406249997 0.4015622515625 0.27656259375 0.4 0.27656259375
36 0.1578125828125 0.4203122203125 0.153125165625 0.425 0.15 0.425 0.1484377484375 0.42656259375000005 0.14687483437499999 0.42656259375000005 0.1421874171875 0.43124962812499995 0.13906225156250002 0.43124962812499995 0.1328125828125 0.4375 0.13125033125000002 0.4375 0.12968741718750001 0.43906259375 0.12968741718750001 0.4406251859375 0.125 0.4453122203125 0.125 0.4468748140625 0.1234377484375 0.44843740624999995 0.1234377484375 0.45 0.12187483437499999 0.45156259375 0.12187483437499999 0.53593740625 0.128125165625 0.5421877796875 0.12968741718750001 0.5421877796875 0.13125033125000002 0.5437496281249999 0.1328125828125 0.5437496281249999 0.1359377484375 0.5468748140625 0.1375 0.5468748140625 0.13906225156250002 0.5484374062499999 0.140625165625 0.5484374062499999 0.14375033125 0.55156259375 0.14375033125 0.5531251859374999 0.14531258281249998 0.5546877796875 0.14687483437499999 0.5546877796875 0.1484377484375 0.556249628125 0.15 0.556249628125 0.153125165625 0.5593748140625 0.1546874171875 0.5593748140625 0.15625033125 0.56093740625 0.159374834375 0.56093740625 0.1625 0.56406259375 0.1625 0.5656251859375 0.1640622515625 0.5671877796875 0.16562516562500001 0.5671877796875 0.16718741718750002 0.568750371875 0.16875033125 0.568750371875 0.171874834375 0.5718748140625001 0.17343774843749998 0.5718748140625001 0.175 0.57343740625 0.178125165625 0.57343740625 0.1796874171875 0.575 0.18125033125 0.575 0.18281258281249999 0.5765625937500001 0.190625165625 0.5765625937500001 0.19218741718750001 0.575 0.19375033125000002 0.575 0.1953125828125 0.57343740625 0.2 0.57343740625 0.20156225156250002 0.5718748140625001 0.203125165625 0.5718748140625001 0.2078125828125 0.5671877796875 0.209374834375 0.5671877796875 0.21562516562499998 0.56093740625 0.21718741718749998 0.56093740625 0.21875033125 0.5593748140625 0.22031258281250002 0.5593748140625 0.225 0.5546877796875 0.2265622515625 0.5546877796875 0.228125165625 0.5531251859374999 0.228125165625 0.55156259375 0.2296874171875 0.55 0.2296874171875 0.5453122203125 0.234374834375 0.5406251859375 0.234374834375 0.53906259375 0.23593774843749998 0.5375 0.23593774843749998 0.5218748140625 0.2375 0.5203122203125 0.2375 0.5187496281249999 0.2390622515625 0.5171877796875 0.24062516562499997 0.5171877796875 0.24062516562499997 0.5156251859375 0.24218741718749998 0.5140625937500001 0.24218741718749998 0.5093748140625001 0.2484377484375 0.5031251859375 0.2484377484375 0.45312518593749995 0.24375033125 0.44843740624999995 0.24375033125 0.4468748140625 0.24218741718749998 0.4453122203125 0.24218741718749998 0.4421877796875 0.24062516562499997 0.4406251859375 0.24062516562499997 0.43906259375 0.2390622515625 0.43906259375 0.2375 0.4375 0.2328125828125 0.4375 0.2265622515625 0.43124962812499995 0.22187483437500002 0.43124962812499995 0.21562516562499998 0.425 0.2140622515625 0.425 0.2125 0.42343740625 0.2109377484375 0.42343740625 0.2078125828125 0.4203122203125 0.20625033125 0.4203122203125 0.2046874171875 0.41874962812499994 0.203125165625 0.41874962812499994 0.1984377484375 0.41406259375000004 0.16718741718750002 0.41406259375000004 0.1625 0.41874962812499994 0.1609377484375 0.41874962812499994 0.159374834375 0.4203122203125 0.1578125828125 0.4203122203125
37 0.3296874171875 0.4171877796875 0.3265622515625 0.4203122203125 0.325 0.4203122203125 0.3234377484375 0.42187481406250005 0.3234377484375 0.42656259375000005 0.32187483437500003 0.4281251859375 0.315625165625 0.4281251859375 0.3140622515625 0.42656259375000005 0.30312516562499997 0.42656259375000005 0.3 0.4296877796875 0.2984377484375 0.4296877796875 0.296874834375 0.43124962812499995 0.29375033125 0.43124962812499995 0.29218741718749996 0.4328122203125 0.2890622515625 0.4328122203125 0.284374834375 0.4375 0.278125165625 0.4375 0.27031258281250004 0.4453122203125 0.27031258281250004 0.4468748140625 0.26875033125000003 0.44843740624999995 0.26875033125000003 0.5031251859375 0.2734377484375 0.5078122203125 0.2734377484375 0.5093748140625001 0.275 0.51093740625 0.275 0.5156251859375 0.28125033125 0.5218748140625 0.28125033125 0.52656259375 0.2828125828125 0.5281251859375 0.2828125828125 0.5296877796875 0.2859377484375 0.5328122203125 0.2859377484375 0.53593740625 0.2875 0.5375 0.2875 0.5468748140625 0.2890622515625 0.5484374062499999 0.2890622515625 0.55 0.2953125828125 0.556249628125 0.296874834375 0.556249628125 0.2984377484375 0.5578122203125 0.2984377484375 0.5593748140625 0.3 0.56093740625 0.3015622515625 0.56093740625 0.30625033125 0.5656251859375 0.3078125828125 0.5656251859375 0.309374834375 0.5671877796875 0.3109377484375 0.5671877796875 0.3125 0.568750371875 0.3140622515625 0.568750371875 0.3171874171875 0.5718748140625001 0.31875033125 0.5718748140625001 0.3203125828125 0.57343740625 0.3359377484375 0.57343740625 0.3375 0.5718748140625001 0.3390622515625 0.5718748140625001 0.34375033125 0.5671877796875 0.3453125828125 0.5671877796875 0.346874834375 0.5656251859375 0.3484377484375 0.5656251859375 0.3515622515625 0.5625 0.35312516562499996 0.5625 0.35468741718749996 0.56093740625 0.3578125828125 0.56093740625 0.359374834375 0.5593748140625 0.3609377484375 0.5593748140625 0.3609377484375 0.5578122203125 0.3625 0.556249628125 0.3640622515625 0.556249628125 0.36562516562499997 0.5546877796875 0.371874834375 0.5546877796875 0.3765622515625 0.55 0.378125165625 0.55 0.3796874171875 0.5484374062499999 0.3796874171875 0.5468748140625 0.38437483437500003 0.5421877796875 0.38437483437500003 0.5406251859375 0.3859377484375 0.53906259375 0.3859377484375 0.5281251859375 0.3875 0.52656259375 0.3875 0.525 0.390625165625 0.5218748140625 0.390625165625 0.5187496281249999 0.3921874171875 0.5171877796875 0.3921874171875 0.5140625937500001 0.3984377484375 0.5078122203125 0.3984377484375 0.5046877796875 0.4 0.5031251859375 0.4 0.50156259375 0.4015622515625 0.5 0.4015622515625 0.45312518593749995 0.4 0.45156259375 0.4 0.45 0.3984377484375 0.44843740624999995 0.3984377484375 0.4453122203125 0.390625165625 0.4375 0.3890622515625 0.4375 0.3875 0.43593740625 0.3859377484375 0.43593740625 0.38437483437500003 0.4343748140625 0.3828125828125 0.4343748140625 0.3796874171875 0.43124962812499995 0.3765622515625 0.43124962812499995 0.371874834375 0.42656259375000005 0.3703125828125 0.42656259375000005 0.36875033125 0.425 0.3671874171875 0.425 0.36562516562499997 0.42343740625 0.3640622515625 0.42343740625 0.359374834375 0.41874962812499994 0.35625033125 0.41874962812499994 0.3515622515625 0.41406259375000004 0.3484377484375 0.41406259375000004 0.346874834375 0.4125 0.3390622515625 0.4125 0.3375 0.41406259375000004 0.33437483437500004 0.41406259375000004 0.33125033125000003 0.4171877796875 0.3296874171875 0.4171877796875
37 0.5437503312499999 0.2703122203125 0.5406251656250001 0.27343740625 0.5390622515625 0.27343740625 0.5375 0.275 0.5328125828125 0.275 0.528125165625 0.2796877796875 0.5265622515625 0.2796877796875 0.525 0.281250371875 0.5234377484375 0.281250371875 0.5218748343749999 0.2828122203125 0.5203125828124999 0.2828122203125 0.515625165625 0.2875 0.5140622515625 0.2875 0.5125 0.28906259375 0.5109377484375 0.28906259375 0.50625033125 0.293749628125 0.5046874171875 0.293749628125 0.5 0.29843740625000004 0.4984377484375 0.29843740625000004 0.49687483437499996 0.3 0.49531258281249996 0.3 0.49375033124999995 0.30156259375 0.49375033124999995 0.3593748140625 0.49531258281249996 0.36093740625000004 0.49687483437499996 0.36093740625000004 0.5 0.36406259375 0.5 0.3718748140625 0.5015622515625 0.37343740625 0.5015622515625 0.37656259375 0.503125165625 0.3781251859375 0.503125165625 0.3796877796875 0.5046874171875 0.381249628125 0.5046874171875 0.38437481406249996 0.50625033125 0.38593740625 0.50625033125 0.39843740625 0.5078125828125 0.4 0.5078125828125 0.40156259375000003 0.5140622515625 0.4078122203125 0.5140622515625 0.40937481406250004 0.515625165625 0.40937481406250004 0.5171874171875 0.41093740624999997 0.5187503312499999 0.41093740624999997 0.525 0.4171877796875 0.5265622515625 0.4171877796875 0.528125165625 0.41874962812499994 0.5296874171875 0.41874962812499994 0.53125033125 0.4203122203125 0.53125033125 0.42187481406250005 0.5328125828125 0.42187481406250005 0.534374834375 0.42343740625 0.5359377484375 0.42343740625 0.5375 0.425 0.5390622515625 0.425 0.5421874171875001 0.4281251859375 0.5437503312499999 0.4281251859375 0.5453125828125 0.4296877796875 0.5640622515625 0.4296877796875 0.565625165625 0.4281251859375 0.5671874171875 0.4281251859375 0.5703125828125 0.425 0.571874834375 0.425 0.5734377484375 0.42343740625 0.578125165625 0.42343740625 0.5796874171875 0.42187481406250005 0.5812503312499999 0.42187481406250005 0.5843748343749999 0.41874962812499994 0.5859377484375 0.41874962812499994 0.5875 0.4171877796875 0.590625165625 0.4171877796875 0.5953125828125 0.4125 0.5984377484375 0.4125 0.6 0.41093740624999997 0.6031251656250001 0.41093740624999997 0.6046874171875001 0.40937481406250004 0.6046874171875001 0.4078122203125 0.6062503312499999 0.406250371875 0.6078125828125 0.406250371875 0.609374834375 0.4046877796875 0.6109377484375 0.4046877796875 0.6125 0.40312518593749996 0.6140622515625 0.40312518593749996 0.615625165625 0.40156259375000003 0.615625165625 0.4 0.621874834375 0.39374962812500003 0.621874834375 0.3921877796875 0.6234377484375 0.3906251859375 0.6234377484375 0.3203122203125 0.615625165625 0.3125 0.6140622515625 0.3125 0.6109377484375 0.3093748140625 0.6109377484375 0.3078122203125 0.609374834375 0.306249628125 0.6078125828125 0.306249628125 0.6046874171875001 0.30312518593750004 0.6046874171875001 0.2953122203125 0.590625165625 0.281250371875 0.5875 0.281250371875 0.5859377484375 0.2796877796875 0.5828125828124999 0.2796877796875 0.5796874171875 0.27656259375 0.578125165625 0.27656259375 0.5765622515625 0.275 0.5734377484375 0.275 0.571874834375 0.27343740625 0.5703125828125 0.27343740625 0.565625165625 0.268750371875 0.5640622515625 0.268750371875 0.5625 0.2671877796875 0.5515622515625 0.2671877796875 0.55 0.268750371875 0.546874834375 0.268750371875 0.5453125828125 0.2703122203125 0.5437503312499999 0.2703122203125
35 0.3109377484375 0.71093740625 0.309374834375 0.71093740625 0.3078125828125 0.7125 0.30625033125 0.7125 0.30312516562499997 0.7156251859375 0.3015622515625 0.7156251859375 0.3 0.7171877796875 0.296874834375 0.7171877796875 0.2953125828125 0.718750371875 0.29218741718749996 0.718750371875 0.29062516562499996 0.7203122203125 0.2890622515625 0.7203122203125 0.2875 0.7218748140625 0.2859377484375 0.7218748140625 0.284374834375 0.72343740625 0.2828125828125 0.72343740625 0.28125033125 0.725 0.2796874171875 0.725 0.278125165625 0.72656259375 0.2765622515625 0.72656259375 0.2765622515625 0.7281251859375 0.275 0.7296877796875 0.275 0.7312496281249999 0.27187483437500004 0.7343748140625 0.27187483437500004 0.7359374062499999 0.27031258281250004 0.7375 0.27031258281250004 0.7406251859374999 0.26875033125000003 0.7421877796875 0.26875033125000003 0.8234374062500001 0.27031258281250004 0.825 0.27031258281250004 0.82656259375 0.27187483437500004 0.8281251859375001 0.2734377484375 0.8281251859375001 0.275 0.8296877796875 0.2765622515625 0.8296877796875 0.2828125828125 0.83593740625 0.284374834375 0.83593740625 0.2859377484375 0.8375 0.2875 0.8375 0.29062516562499996 0.8406251859375 0.29218741718749996 0.8406251859375 0.29375033125 0.8421877796875 0.2953125828125 0.8421877796875 0.296874834375 0.8437503718749999 0.2984377484375 0.8437503718749999 0.30312516562499997 0.8484374062500001 0.30625033125 0.8484374062500001 0.3078125828125 0.85 0.309374834375 0.85 0.3140622515625 0.8546877796875 0.315625165625 0.8546877796875 0.3171874171875 0.856250371875 0.3171874171875 0.8578122203125 0.3203125828125 0.86093740625 0.3234377484375 0.86093740625 0.325 0.8625 0.3265622515625 0.8625 0.328125165625 0.8640625937499999 0.3296874171875 0.8640625937499999 0.33125033125000003 0.8656251859375 0.3359377484375 0.8656251859375 0.3375 0.8640625937499999 0.3390622515625 0.8640625937499999 0.340625165625 0.8625 0.3421874171875 0.8625 0.34375033125 0.86093740625 0.346874834375 0.86093740625 0.359374834375 0.8484374062500001 0.3609377484375 0.8484374062500001 0.3625 0.8468748140625 0.3640622515625 0.8468748140625 0.36562516562499997 0.8453122203125 0.3671874171875 0.8453122203125 0.36875033125 0.8437503718749999 0.3703125828125 0.8437503718749999 0.371874834375 0.8421877796875 0.375 0.8421877796875 0.3765622515625 0.8406251859375 0.378125165625 0.8406251859375 0.378125165625 0.8390625937499999 0.3796874171875 0.8375 0.3796874171875 0.83593740625 0.38125033125 0.8343748140624999 0.38125033125 0.8328122203125 0.3859377484375 0.8281251859375001 0.3859377484375 0.8140625937499999 0.3875 0.8125 0.3875 0.8109374062500001 0.3890622515625 0.8093748140624999 0.3890622515625 0.8078122203125 0.3921874171875 0.8046877796875 0.3921874171875 0.8015625937499999 0.3984377484375 0.7953122203125 0.3984377484375 0.7906251859375 0.4 0.78906259375 0.4 0.7796877796875 0.4015622515625 0.7781251859375 0.4 0.77656259375 0.4 0.76093740625 0.3984377484375 0.7593748140625001 0.3984377484375 0.7453122203125 0.39687483437500004 0.743749628125 0.39687483437500004 0.7406251859374999 0.39375033125000003 0.7375 0.39375033125000003 0.7359374062499999 0.3921874171875 0.7343748140625 0.3921874171875 0.7328122203125 0.390625165625 0.7312496281249999 0.3890622515625 0.7312496281249999 0.38437483437500003 0.72656259375 0.38125033125 0.72656259375 0.3796874171875 0.725 0.3765622515625 0.725 0.3703125828125 0.718750371875 0.36875033125 0.718750371875 0.3671874171875 0.7203122203125 0.36562516562499997 0.7203122203125 0.3640622515625 0.718750371875 0.3625 0.718750371875 0.3578125828125 0.71406259375 0.35625033125 0.71406259375 0.3484377484375 0.7062496281249999 0.3484377484375 0.7046877796875 0.346874834375 0.7031251859375 0.346874834375 0.7015625937500001 0.3203125828125 0.7015625937500001 0.3203125828125 0.7031251859375 0.3140622515625 0.7093748140625 0.3125 0.7093748140625 0.3109377484375 0.71093740625
36 0.4578125828125 0.125 0.4515622515625 0.13124962812500002 0.4484377484375 0.13124962812500002 0.446874834375 0.1328122203125 0.44531258281249997 0.1328122203125 0.44062516562500004 0.1375 0.4390622515625 0.1375 0.43281258281249996 0.143749628125 0.43125033124999995 0.143749628125 0.425 0.15 0.4234377484375 0.15 0.41875033124999994 0.1546877796875 0.41875033124999994 0.156250371875 0.4171874171875 0.1578122203125 0.4171874171875 0.1593748140625 0.415625165625 0.16093740625 0.415625165625 0.1625 0.4140622515625 0.16406259375 0.4140622515625 0.243749628125 0.415625165625 0.2453122203125 0.415625165625 0.24687481406249998 0.42187483437499995 0.2531251859375 0.4234377484375 0.2531251859375 0.425 0.2546877796875 0.4265622515625 0.2546877796875 0.428125165625 0.256249628125 0.42968741718750003 0.256249628125 0.43125033124999995 0.2578122203125 0.43125033124999995 0.25937481406249996 0.43281258281249996 0.25937481406249996 0.43437483437499996 0.26093740625 0.4390622515625 0.26093740625 0.44375033124999996 0.2656251859375 0.44531258281249997 0.2656251859375 0.446874834375 0.2671877796875 0.45 0.2671877796875 0.4515622515625 0.268750371875 0.45312516562500005 0.268750371875 0.4578125828125 0.27343740625 0.459374834375 0.27343740625 0.4640622515625 0.2781251859375 0.465625165625 0.2781251859375 0.4671874171875 0.2796877796875 0.4703125828125 0.2796877796875 0.471874834375 0.281250371875 0.4734377484375 0.281250371875 0.4765622515625 0.2843748140625 0.4859377484375 0.2843748140625 0.4890622515625 0.281250371875 0.490625165625 0.281250371875 0.49218741718750003 0.2796877796875 0.49531258281249996 0.2796877796875 0.49687483437499996 0.2781251859375 0.4984377484375 0.2781251859375 0.4984377484375 0.27656259375 0.5 0.275 0.5015622515625 0.275 0.503125165625 0.27343740625 0.5078125828125 0.27343740625 0.5125 0.268750371875 0.5140622515625 0.268750371875 0.515625165625 0.2671877796875 0.5203125828124999 0.2671877796875 0.525 0.2625 0.5265622515625 0.2625 0.528125165625 0.26093740625 0.5328125828125 0.26093740625 0.5390622515625 0.2546877796875 0.5406251656250001 0.2546877796875 0.5421874171875001 0.2531251859375 0.5421874171875001 0.25156259375 0.5453125828125 0.24843740625000002 0.546874834375 0.24843740625000002 0.5484377484375 0.24687481406249998 0.5484377484375 0.2421877796875 0.55 0.2406251859375 0.55 0.2 0.5484377484375 0.19843740625 0.5484377484375 0.16406259375 0.546874834375 0.1625 0.546874834375 0.16093740625 0.5453125828125 0.16093740625 0.5437503312499999 0.1593748140625 0.5437503312499999 0.1578122203125 0.5359377484375 0.15 0.534374834375 0.15 0.5328125828125 0.14843740625 0.53125033125 0.14843740625 0.5296874171875 0.1468748140625 0.5296874171875 0.1453122203125 0.528125165625 0.1453122203125 0.525 0.14218777968750002 0.5234377484375 0.14218777968750002 0.5187503312499999 0.1375 0.515625165625 0.1375 0.5078125828125 0.1296877796875 0.50625033125 0.1296877796875 0.5046874171875 0.1281251859375 0.5046874171875 0.12656259375 0.503125165625 0.12656259375 0.5015622515625 0.125 0.5 0.125 0.49531258281249996 0.1203122203125 0.49375033124999995 0.1203122203125 0.490625165625 0.11718777968750001 0.46875033125 0.11718777968750001 0.4671874171875 0.118750371875 0.465625165625 0.118750371875 0.459374834375 0.125 0.4578125828125 0.125
36 0.5265622515625 0.5703122203125 0.5234377484375 0.57343740625 0.5218748343749999 0.57343740625 0.5203125828124999 0.575 0.5187503312499999 0.575 0.5140622515625 0.5796877796875 0.5125 0.5796877796875 0.5109377484375 0.5812496281249999 0.509374834375 0.5812496281249999 0.5078125828125 0.5828122203125 0.50625033125 0.5828122203125 0.50625033125 0.5843748140625 0.503125165625 0.5875 0.5015622515625 0.5875 0.49531258281249996 0.593750371875 0.49531258281249996 0.6593748140625 0.5 0.66406259375 0.5 0.6656251859375 0.5015622515625 0.6671877796875 0.50625033125 0.6671877796875 0.5078125828125 0.6687496281249999 0.509374834375 0.6687496281249999 0.5109377484375 0.6703122203125 0.5109377484375 0.6718748140625 0.5140622515625 0.675 0.5140622515625 0.67656259375 0.515625165625 0.6781251859374999 0.515625165625 0.6796877796875 0.5171874171875 0.681249628125 0.5171874171875 0.693749628125 0.5187503312499999 0.6953122203125 0.5187503312499999 0.6968748140625001 0.5265622515625 0.7046877796875 0.528125165625 0.7046877796875 0.5296874171875 0.7062496281249999 0.53125033125 0.7062496281249999 0.534374834375 0.7093748140625 0.5359377484375 0.7093748140625 0.5375 0.71093740625 0.5390622515625 0.71093740625 0.5406251656250001 0.7125 0.5421874171875001 0.7125 0.5453125828125 0.7156251859375 0.546874834375 0.7156251859375 0.5484377484375 0.7171877796875 0.5546874171875 0.7171877796875 0.55625033125 0.718750371875 0.559374834375 0.718750371875 0.5609377484375 0.7171877796875 0.565625165625 0.7171877796875 0.5671874171875 0.7156251859375 0.56875033125 0.7156251859375 0.571874834375 0.7125 0.5734377484375 0.7125 0.575 0.71093740625 0.578125165625 0.71093740625 0.5796874171875 0.7093748140625 0.5812503312499999 0.7093748140625 0.5843748343749999 0.7062496281249999 0.5859377484375 0.7062496281249999 0.5875 0.7046877796875 0.5890622515625 0.7046877796875 0.590625165625 0.7031251859375 0.5921874171875 0.7031251859375 0.5953125828125 0.7 0.596874834375 0.7 0.5984377484375 0.69843740625 0.6 0.69843740625 0.6031251656250001 0.6953122203125 0.6031251656250001 0.693749628125 0.6046874171875001 0.6921877796875 0.6046874171875001 0.6828122203125 0.6062503312499999 0.681249628125 0.6062503312499999 0.67656259375 0.609374834375 0.6734374062499999 0.609374834375 0.6687496281249999 0.6109377484375 0.6671877796875 0.6109377484375 0.6593748140625 0.6171874171875 0.6531251859375 0.6171874171875 0.64843740625 0.61875033125 0.6468748140625 0.61875033125 0.5968748140625 0.6171874171875 0.5953122203125 0.6171874171875 0.5906251859375 0.609374834375 0.5828122203125 0.6078125828125 0.5828122203125 0.6062503312499999 0.5812496281249999 0.6031251656250001 0.5812496281249999 0.6 0.5781251859375 0.5984377484375 0.5781251859375 0.596874834375 0.5765625937500001 0.5953125828125 0.5765625937500001 0.59375033125 0.575 0.5812503312499999 0.575 0.5796874171875 0.5765625937500001 0.5765622515625 0.5765625937500001 0.5734377484375 0.57343740625 0.5734377484375 0.5718748140625001 0.5703125828125 0.568750371875 0.5671874171875 0.568750371875 0.565625165625 0.5671877796875 0.5625 0.5671877796875 0.5609377484375 0.568750371875 0.5578125828125 0.568750371875 0.55625033125 0.5703122203125 0.55625033125 0.5718748140625001 0.5546874171875 0.57343740625 0.5546874171875 0.575 0.5515622515625 0.5781251859375 0.55 0.5765625937500001 0.5453125828125 0.5765625937500001 0.5375 0.568750371875 0.5359377484375 0.568750371875 0.534374834375 0.5671877796875 0.5328125828125 0.5671877796875 0.53125033125 0.568750371875 0.5296874171875 0.568750371875 0.528125165625 0.5703122203125 0.5265622515625 0.5703122203125
0 0.2484377484375 0.56093740625 0.24687483437500002 0.5625 0.24375033125 0.5625 0.24218741718749998 0.56406259375 0.2390622515625 0.56406259375 0.234374834375 0.568750371875 0.2328125828125 0.568750371875 0.228125165625 0.57343740625 0.2265622515625 0.57343740625 0.225 0.575 0.22187483437500002 0.575 0.22031258281250002 0.5765625937500001 0.21875033125 0.5765625937500001 0.21562516562499998 0.5796877796875 0.2140622515625 0.5796877796875 0.2125 0.5812496281249999 0.2109377484375 0.5812496281249999 0.209374834375 0.5828122203125 0.2078125828125 0.5828122203125 0.20625033125 0.5843748140625 0.20625033125 0.58593740625 0.203125165625 0.58906259375 0.20156225156250002 0.58906259375 0.20156225156250002 0.5906251859375 0.2 0.5921877796875 0.2 0.593750371875 0.1984377484375 0.5953122203125 0.1984377484375 0.59843740625 0.1953125828125 0.60156259375 0.1953125828125 0.681249628125 0.2 0.68593740625 0.20156225156250002 0.68593740625 0.2078125828125 0.6921877796875 0.2109377484375 0.6921877796875 0.2125 0.693749628125 0.2140622515625 0.693749628125 0.21718741718749998 0.6968748140625001 0.21875033125 0.6968748140625001 0.22031258281250002 0.69843740625 0.22187483437500002 0.69843740625 0.228125165625 0.7046877796875 0.23125033125 0.7046877796875 0.2328125828125 0.7062496281249999 0.234374834375 0.7062496281249999 0.2390622515625 0.71093740625 0.24062516562499997 0.71093740625 0.24687483437500002 0.7171877796875 0.25 0.7171877796875 0.253125165625 0.7203122203125 0.2546874171875 0.7203122203125 0.25625033125 0.7218748140625 0.2625 0.7218748140625 0.2640622515625 0.7203122203125 0.265625165625 0.7203122203125 0.2671874171875 0.718750371875 0.26875033125000003 0.718750371875 0.27031258281250004 0.7171877796875 0.27187483437500004 0.7171877796875 0.2734377484375 0.7156251859375 0.275 0.7156251859375 0.2796874171875 0.71093740625 0.28125033125 0.71093740625 0.29218741718749996 0.7 0.29375033125 0.7 0.2953125828125 0.69843740625 0.296874834375 0.69843740625 0.3046874171875 0.6906251859375 0.3046874171875 0.68906259375 0.30625033125 0.6875 0.30625033125 0.6843748140625 0.3078125828125 0.6828122203125 0.3078125828125 0.681249628125 0.309374834375 0.6796877796875 0.309374834375 0.67656259375 0.3109377484375 0.675 0.3109377484375 0.66406259375 0.3140622515625 0.66093740625 0.315625165625 0.66093740625 0.315625165625 0.6593748140625 0.3171874171875 0.6578122203125 0.3171874171875 0.6546877796875 0.31875033125 0.6531251859375 0.31875033125 0.65156259375 0.32187483437500003 0.64843740625 0.32187483437500003 0.59843740625 0.3171874171875 0.593750371875 0.3171874171875 0.5921877796875 0.3109377484375 0.58593740625 0.309374834375 0.58593740625 0.3046874171875 0.5812496281249999 0.30312516562499997 0.5812496281249999 0.296874834375 0.575 0.2953125828125 0.575 0.29375033125 0.57343740625 0.29218741718749996 0.57343740625 0.29062516562499996 0.5718748140625001 0.2890622515625 0.5718748140625001 0.2875 0.5703122203125 0.2859377484375 0.5703122203125 0.284374834375 0.568750371875 0.2828125828125 0.568750371875 0.28125033125 0.5671877796875 0.2796874171875 0.5671877796875 0.275 0.5625 0.2734377484375 0.5625 0.27031258281250004 0.5593748140625 0.2625 0.5593748140625 0.2609377484375 0.5578122203125 0.25625033125 0.5578122203125 0.2546874171875 0.5593748140625 0.2515622515625 0.5593748140625 0.25 0.56093740625 0.2484377484375 0.56093740625
24 0.3578125828125 0.7093748140625 0.359374834375 0.71093740625 0.3625 0.71093740625 0.3640622515625 0.7125 0.36562516562499997 0.7125 0.3703125828125 0.7171877796875 0.371874834375 0.7171877796875 0.375 0.7203122203125 0.375 0.7218748140625 0.3765622515625 0.72343740625 0.3796874171875 0.72343740625 0.38125033125 0.725 0.3828125828125 0.725 0.3859377484375 0.7281251859375 0.3875 0.7281251859375 0.3890622515625 0.7296877796875 0.390625165625 0.7296877796875 0.39375033125000003 0.7328122203125 0.39375033125000003 0.7343748140625 0.403125165625 0.7343748140625 0.4046874171875 0.7328122203125 0.4046874171875 0.7203122203125 0.403125165625 0.718750371875 0.4015622515625 0.718750371875 0.3984377484375 0.7156251859375 0.3984377484375 0.71406259375 0.39687483437500004 0.7125 0.39531258281250004 0.7125 0.3921874171875 0.7093748140625 0.3921874171875 0.7078122203125 0.390625165625 0.7062496281249999 0.3890622515625 0.7062496281249999 0.3828125828125 0.7 0.3765622515625 0.7 0.3734377484375 0.6968748140625001 0.3734377484375 0.6953122203125 0.371874834375 0.693749628125 0.3703125828125 0.693749628125 0.36875033125 0.6921877796875 0.3515622515625 0.6921877796875 0.3515622515625 0.7015625937500001 0.35625033125 0.7062496281249999 0.35625033125 0.7093748140625 0.3578125828125 0.7093748140625
37 0.6078125828125 0.7062496281249999 0.6062503312499999 0.7078122203125 0.6046874171875001 0.7078122203125 0.6031251656250001 0.7093748140625 0.6015622515625 0.7093748140625 0.6 0.71093740625 0.5984377484375 0.71093740625 0.596874834375 0.7125 0.5953125828125 0.7125 0.59375033125 0.71406259375 0.59375033125 0.7156251859375 0.5921874171875 0.7171877796875 0.590625165625 0.7171877796875 0.5890622515625 0.718750371875 0.5859377484375 0.718750371875 0.5812503312499999 0.72343740625 0.5796874171875 0.72343740625 0.578125165625 0.725 0.5765622515625 0.725 0.5703125828125 0.7312496281249999 0.56875033125 0.7312496281249999 0.56875033125 0.7328122203125 0.565625165625 0.7359374062499999 0.565625165625 0.7375 0.5640622515625 0.73906259375 0.5640622515625 0.8218748140625 0.56875033125 0.82656259375 0.56875033125 0.8281251859375001 0.5703125828125 0.8296877796875 0.571874834375 0.8296877796875 0.5765622515625 0.8343748140624999 0.578125165625 0.8343748140624999 0.5796874171875 0.83593740625 0.5812503312499999 0.83593740625 0.5859377484375 0.8406251859375 0.5875 0.8406251859375 0.5890622515625 0.8421877796875 0.590625165625 0.8421877796875 0.596874834375 0.8484374062500001 0.5984377484375 0.8484374062500001 0.6 0.85 0.6015622515625 0.85 0.6046874171875001 0.8531251859375001 0.6062503312499999 0.8531251859375001 0.6078125828125 0.8546877796875 0.609374834375 0.8546877796875 0.615625165625 0.86093740625 0.6203125828125 0.86093740625 0.621874834375 0.8625 0.625 0.8625 0.6265622515625 0.8640625937499999 0.634374834375 0.8640625937499999 0.6359377484375 0.8625 0.6375 0.8625 0.6390622515625 0.86093740625 0.6421874171875 0.86093740625 0.6453125828124999 0.8578122203125 0.6468748343749999 0.8578122203125 0.65 0.8546877796875 0.6515622515625 0.8546877796875 0.65625033125 0.85 0.6578125828125 0.85 0.659374834375 0.8484374062500001 0.6625 0.8484374062500001 0.6640622515625 0.8468748140625 0.6656251656250001 0.8468748140625 0.6703125828125 0.8421877796875 0.6734377484375 0.8421877796875 0.675 0.8406251859375 0.6765622515625 0.8406251859375 0.6796874171875 0.8375 0.68125033125 0.8375 0.6828125828125 0.83593740625 0.684374834375 0.83593740625 0.690625165625 0.8296877796875 0.6921874171875 0.8296877796875 0.696874834375 0.825 0.696874834375 0.8234374062500001 0.6984377484375 0.8218748140625 0.6984377484375 0.8 0.7 0.7984374062499999 0.7 0.7406251859374999 0.6984377484375 0.73906259375 0.6984377484375 0.7343748140625 0.690625165625 0.72656259375 0.6890622515625 0.72656259375 0.6875 0.725 0.684374834375 0.725 0.6796874171875 0.7203122203125 0.678125165625 0.7203122203125 0.6765622515625 0.718750371875 0.675 0.718750371875 0.6734377484375 0.7171877796875 0.6703125828125 0.7171877796875 0.6687503312499999 0.7156251859375 0.6687503312499999 0.71406259375 0.6671874171875001 0.71406259375 0.6656251656250001 0.7125 0.6640622515625 0.7125 0.659374834375 0.7078122203125 0.6578125828125 0.7078122203125 0.65625033125 0.7062496281249999 0.653125165625 0.7062496281249999 0.6515622515625 0.7046877796875 0.65 0.7046877796875 0.6484377484375 0.7031251859375 0.615625165625 0.7031251859375 0.6140622515625 0.7046877796875 0.6125 0.7046877796875 0.6109377484375 0.7062496281249999 0.6078125828125 0.7062496281249999
35 0.6765622515625 0.57343740625 0.675 0.575 0.6671874171875001 0.575 0.6656251656250001 0.5765625937500001 0.6625 0.5765625937500001 0.659374834375 0.5796877796875 0.6578125828125 0.5796877796875 0.65625033125 0.5812496281249999 0.653125165625 0.5812496281249999 0.6515622515625 0.5828122203125 0.65 0.5828122203125 0.6437503312499999 0.58906259375 0.6437503312499999 0.6531251859375 0.6453125828124999 0.6546877796875 0.6468748343749999 0.6546877796875 0.65 0.6578122203125 0.65 0.66406259375 0.6515622515625 0.6656251859375 0.6515622515625 0.6687496281249999 0.653125165625 0.6703122203125 0.653125165625 0.6734374062499999 0.6546874171875 0.675 0.6546874171875 0.681249628125 0.65625033125 0.6828122203125 0.65625033125 0.6906251859375 0.6578125828125 0.6921877796875 0.6578125828125 0.693749628125 0.6625 0.69843740625 0.6640622515625 0.69843740625 0.6656251656250001 0.7 0.6671874171875001 0.7 0.6703125828125 0.7031251859375 0.671874834375 0.7031251859375 0.6734377484375 0.7046877796875 0.675 0.7046877796875 0.6765622515625 0.7062496281249999 0.678125165625 0.7062496281249999 0.68125033125 0.7093748140625 0.6828125828125 0.7093748140625 0.684374834375 0.71093740625 0.6859377484375 0.71093740625 0.6921874171875 0.7171877796875 0.69375033125 0.7171877796875 0.6984377484375 0.7218748140625 0.7046874171875 0.7218748140625 0.7062503312499999 0.72343740625 0.7078125828124999 0.72343740625 0.7093748343749999 0.7218748140625 0.7109377484375 0.7218748140625 0.7125 0.7203122203125 0.7140622515625 0.7203122203125 0.721874834375 0.7125 0.7234377484375 0.7125 0.725 0.71093740625 0.7265622515625 0.71093740625 0.7281251656250001 0.7093748140625 0.7296874171875001 0.7093748140625 0.7328125828125 0.7062496281249999 0.734374834375 0.7062496281249999 0.7375 0.7031251859375 0.7390622515625 0.7031251859375 0.7421874171875 0.7 0.74375033125 0.7 0.7453125828125 0.69843740625 0.7484377484375 0.69843740625 0.7515622515625 0.6953122203125 0.753125165625 0.6953122203125 0.75625033125 0.6921877796875 0.759374834375 0.6921877796875 0.765625165625 0.68593740625 0.7671874171875 0.68593740625 0.7703125828124999 0.6828122203125 0.7703125828124999 0.62343740625 0.7687503312499999 0.6218748140625 0.7687503312499999 0.6109374062499999 0.7671874171875 0.6093748140625 0.7671874171875 0.6062496281249999 0.7687503312499999 0.6046877796875 0.7687503312499999 0.60156259375 0.7671874171875 0.6 0.7671874171875 0.5906251859375 0.7640622515625 0.5875 0.7625 0.5875 0.7609377484375 0.58593740625 0.759374834375 0.58593740625 0.75625033125 0.5828122203125 0.7546874171875 0.5828122203125 0.753125165625 0.5812496281249999 0.7484377484375 0.5812496281249999 0.746874834375 0.5796877796875 0.7453125828125 0.5796877796875 0.7421874171875 0.5765625937500001 0.7390622515625 0.5765625937500001 0.7375 0.575 0.71875033125 0.575 0.7171874171875 0.57343740625 0.7093748343749999 0.57343740625 0.7078125828124999 0.5718748140625001 0.6984377484375 0.5718748140625001 0.696874834375 0.5703122203125 0.6953125828125 0.5718748140625001 0.69375033125 0.5718748140625001 0.6921874171875 0.57343740625 0.6765622515625 0.57343740625
37 0.4 0.5656251859375 0.4015622515625 0.5671877796875 0.4015622515625 0.5718748140625001 0.3921874171875 0.5812496281249999 0.3875 0.5812496281249999 0.3859377484375 0.5828122203125 0.3828125828125 0.5828122203125 0.3765622515625 0.5765625937500001 0.3703125828125 0.5765625937500001 0.3671874171875 0.5796877796875 0.36562516562499997 0.5796877796875 0.3640622515625 0.5812496281249999 0.359374834375 0.5812496281249999 0.3578125828125 0.5828122203125 0.35468741718749996 0.5828122203125 0.3484377484375 0.58906259375 0.346874834375 0.58906259375 0.346874834375 0.5906251859375 0.3453125828125 0.5921877796875 0.3453125828125 0.593750371875 0.34375033125 0.5953122203125 0.34375033125 0.65156259375 0.35 0.6578122203125 0.35 0.6625 0.3515622515625 0.66406259375 0.3515622515625 0.6656251859375 0.35468741718749996 0.6687496281249999 0.35468741718749996 0.6703122203125 0.35625033125 0.6718748140625 0.35625033125 0.67656259375 0.3578125828125 0.6781251859374999 0.3578125828125 0.6796877796875 0.3609377484375 0.6828122203125 0.3609377484375 0.68593740625 0.3625 0.6875 0.3625 0.6906251859375 0.3640622515625 0.6921877796875 0.36562516562499997 0.6921877796875 0.371874834375 0.69843740625 0.3765622515625 0.69843740625 0.378125165625 0.7 0.3796874171875 0.7 0.38125033125 0.7015625937500001 0.38125033125 0.7031251859375 0.3828125828125 0.7031251859375 0.38437483437500003 0.7046877796875 0.3859377484375 0.7046877796875 0.3875 0.7062496281249999 0.3890622515625 0.7062496281249999 0.3921874171875 0.7093748140625 0.39375033125000003 0.7093748140625 0.39531258281250004 0.71093740625 0.3984377484375 0.71093740625 0.4015622515625 0.71406259375 0.403125165625 0.71406259375 0.4046874171875 0.7156251859375 0.40625033125 0.7156251859375 0.4078125828125 0.7171877796875 0.42031258281249995 0.7171877796875 0.42187483437499995 0.7156251859375 0.4234377484375 0.7156251859375 0.4265622515625 0.7125 0.428125165625 0.7125 0.42968741718750003 0.71093740625 0.43125033124999995 0.71093740625 0.43281258281249996 0.7093748140625 0.43437483437499996 0.7093748140625 0.4390622515625 0.7046877796875 0.44062516562500004 0.7046877796875 0.4484377484375 0.6968748140625001 0.4484377484375 0.6953122203125 0.4515622515625 0.6921877796875 0.4515622515625 0.6906251859375 0.45312516562500005 0.68906259375 0.45312516562500005 0.68593740625 0.4515622515625 0.6843748140625 0.4515622515625 0.6781251859374999 0.45312516562500005 0.67656259375 0.45312516562500005 0.6687496281249999 0.45468741718750005 0.6671877796875 0.45468741718750005 0.6593748140625 0.4671874171875 0.6468748140625 0.4671874171875 0.6453122203125 0.4703125828125 0.6421877796875 0.4703125828125 0.58906259375 0.4625 0.5812496281249999 0.459374834375 0.5812496281249999 0.45312516562500005 0.575 0.45 0.575 0.4484377484375 0.57343740625 0.446874834375 0.57343740625 0.44218741718750004 0.568750371875 0.4390622515625 0.568750371875 0.4375 0.5671877796875 0.4359377484375 0.5671877796875 0.43437483437499996 0.5656251859375 0.43281258281249996 0.5656251859375 0.43125033124999995 0.56406259375 0.42968741718750003 0.56406259375 0.428125165625 0.5625 0.425 0.5625 0.4234377484375 0.56093740625 0.42187483437499995 0.56093740625 0.41875033124999994 0.5578122203125 0.4046874171875 0.5578122203125 0.4015622515625 0.56093740625 0.4015622515625 0.5625 0.4 0.56406259375 0.4 0.5656251859375
17 0.465625165625 0.42187481406250005 0.45312516562500005 0.43124962812499995 0.45625033125 0.4281251859375 0.4515622515625 0.42656259375000005 0.45 0.4281251859375 0.4484377484375 0.4281251859375 0.44531258281249997 0.43124962812499995 0.44375033124999996 0.43124962812499995 0.44218741718750004 0.4328122203125 0.4390622515625 0.4328122203125 0.4359377484375 0.43593740625 0.43437483437499996 0.43593740625 0.43281258281249996 0.4375 0.43125033124999995 0.4375 0.42968741718750003 0.43906259375 0.42968741718750003 0.4406251859375 0.428125165625 0.4421877796875 0.4265622515625 0.4421877796875 0.425 0.44375037187500005 0.42187483437499995 0.44375037187500005 0.41875033124999994 0.4468748140625 0.41875033124999994 0.44843740624999995 0.4171874171875 0.45 0.4171874171875 0.45156259375 0.415625165625 0.45312518593749995 0.415625165625 0.49843740625 0.4171874171875 0.5 0.4171874171875 0.50156259375 0.4234377484375 0.5078122203125 0.4234377484375 0.5093748140625001 0.425 0.51093740625 0.425 0.5125 0.4265622515625 0.5140625937500001 0.4265622515625 0.5156251859375 0.428125165625 0.5156251859375 0.42968741718750003 0.5171877796875 0.42968741718750003 0.5187496281249999 0.43125033124999995 0.5203122203125 0.43125033124999995 0.5296877796875 0.43281258281249996 0.531250371875 0.43281258281249996 0.53593740625 0.43437483437499996 0.5375 0.43437483437499996 0.53906259375 0.4359377484375 0.5406251859375 0.4359377484375 0.5437496281249999 0.4375 0.5453122203125 0.4375 0.5468748140625 0.44531258281249997 0.5546877796875 0.446874834375 0.5546877796875 0.45 0.5578122203125 0.45 0.5593748140625 0.4515622515625 0.56093740625 0.45312516562500005 0.56093740625 0.4578125828125 0.5656251859375 0.459374834375 0.5656251859375 0.4609377484375 0.5671877796875 0.4625 0.5671877796875 0.4671874171875 0.5718748140625001 0.46875033125 0.5718748140625001 0.4703125828125 0.57343740625 0.475 0.57343740625 0.4765622515625 0.575 0.48125033124999994 0.575 0.48281258281249995 0.5765625937500001 0.48437483437499995 0.5765625937500001 0.4859377484375 0.575 0.4890622515625 0.575 0.490625165625 0.57343740625 0.49375033124999995 0.57343740625 0.49531258281249996 0.5718748140625001 0.49687483437499996 0.5718748140625001 0.5 0.568750371875 0.5015622515625 0.568750371875 0.503125165625 0.5671877796875 0.50625033125 0.5671877796875 0.5109377484375 0.5625 0.5125 0.5625 0.5140622515625 0.56093740625 0.5203125828124999 0.56093740625 0.5265622515625 0.5546877796875 0.528125165625 0.5546877796875 0.528125165625 0.5531251859374999 0.5296874171875 0.55156259375 0.5296874171875 0.5484374062499999 0.528125165625 0.5468748140625 0.528125165625 0.52656259375 0.5296874171875 0.525 0.5296874171875 0.5140625937500001 0.53125033125 0.5125 0.53125033125 0.51093740625 0.5421874171875001 0.5 0.5421874171875001 0.49843740625 0.5453125828125 0.4953122203125 0.5453125828125 0.4453122203125 0.5406251656250001 0.4406251859375 0.5406251656250001 0.43906259375 0.5390622515625 0.43906259375 0.5375 0.4375 0.5359377484375 0.4375 0.534374834375 0.43593740625 0.5328125828125 0.43593740625 0.53125033125 0.4343748140625 0.53125033125 0.4328122203125 0.5296874171875 0.43124962812499995 0.528125165625 0.43124962812499995 0.5265622515625 0.4296877796875 0.525 0.4296877796875 0.5234377484375 0.4281251859375 0.5234377484375 0.42656259375000005 0.5218748343749999 0.425 0.5187503312499999 0.425 0.515625165625 0.42187481406250005 0.5140622515625 0.42187481406250005 0.5125 0.4203122203125 0.5109377484375 0.4203122203125 0.509374834375 0.41874962812499994 0.5078125828125 0.41874962812499994 0.5046874171875 0.4156251859375 0.5046874171875 0.41406259375000004 0.503125165625 0.41406259375000004 0.5015622515625 0.4125 0.4703125828125 0.4125 0.4671874171875 0.4156251859375 0.4671874171875 0.41874962812499994 0.465625165625 0.4203122203125 0.465625165625 0.42187481406250005
17 0.615625165625 0.1203122203125 0.6125 0.12343740624999999 0.6109377484375 0.12343740624999999 0.609374834375 0.125 0.6078125828125 0.125 0.6015622515625 0.13124962812500002 0.5984377484375 0.13124962812500002 0.59375033125 0.13593740625 0.5921874171875 0.13593740625 0.590625165625 0.1375 0.5890622515625 0.1375 0.5875 0.13906259375000002 0.5859377484375 0.13906259375000002 0.5859377484375 0.1406251859375 0.5843748343749999 0.14218777968750002 0.5828125828124999 0.14218777968750002 0.5812503312499999 0.143749628125 0.5796874171875 0.143749628125 0.5734377484375 0.15 0.571874834375 0.15 0.5640622515625 0.1578122203125 0.5640622515625 0.243749628125 0.5734377484375 0.2531251859375 0.575 0.2531251859375 0.5765622515625 0.2546877796875 0.578125165625 0.2546877796875 0.5796874171875 0.256249628125 0.5812503312499999 0.256249628125 0.5843748343749999 0.25937481406249996 0.5859377484375 0.25937481406249996 0.5875 0.26093740625 0.590625165625 0.26093740625 0.5921874171875 0.2625 0.59375033125 0.2625 0.5953125828125 0.26406259374999996 0.596874834375 0.26406259374999996 0.5984377484375 0.2656251859375 0.6 0.2656251859375 0.6015622515625 0.2671877796875 0.609374834375 0.2671877796875 0.6109377484375 0.2656251859375 0.6109377484375 0.26406259374999996 0.6140622515625 0.26093740625 0.621874834375 0.26093740625 0.628125165625 0.2546877796875 0.63125033125 0.2546877796875 0.6328125828125 0.256249628125 0.634374834375 0.256249628125 0.6375 0.25937481406249996 0.6390622515625 0.25937481406249996 0.640625165625 0.26093740625 0.6484377484375 0.26093740625 0.65 0.2625 0.6609377484375 0.2625 0.6625 0.26093740625 0.6687503312499999 0.26093740625 0.6703125828125 0.25937481406249996 0.671874834375 0.25937481406249996 0.6765622515625 0.2546877796875 0.6796874171875 0.2546877796875 0.68125033125 0.2531251859375 0.6828125828125 0.2531251859375 0.6859377484375 0.25 0.6875 0.25 0.6890622515625 0.24843740625000002 0.690625165625 0.24843740625000002 0.6921874171875 0.24687481406249998 0.6921874171875 0.2453122203125 0.69375033125 0.243749628125 0.69375033125 0.2421877796875 0.6953125828125 0.2406251859375 0.6953125828125 0.18906259375 0.69375033125 0.1875 0.69375033125 0.18593740625 0.6921874171875 0.1843748140625 0.6921874171875 0.17812518593749999 0.690625165625 0.17656259375 0.690625165625 0.175 0.6890622515625 0.175 0.6859377484375 0.1718748140625 0.6859377484375 0.17031222031249998 0.684374834375 0.168749628125 0.6828125828125 0.168749628125 0.68125033125 0.1671877796875 0.68125033125 0.1656251859375 0.6796874171875 0.16406259375 0.6796874171875 0.1578122203125 0.678125165625 0.156250371875 0.678125165625 0.1531251859375 0.6765622515625 0.15156259375 0.6765622515625 0.15 0.6734377484375 0.1468748140625 0.6734377484375 0.1453122203125 0.6671874171875001 0.13906259375000002 0.6671874171875001 0.1375 0.6656251656250001 0.1375 0.659374834375 0.13124962812500002 0.6578125828125 0.13124962812500002 0.6515622515625 0.125 0.6468748343749999 0.125 0.640625165625 0.118750371875 0.6390622515625 0.118750371875 0.6375 0.11718777968750001 0.621874834375 0.11718777968750001 0.6203125828125 0.118750371875 0.61875033125 0.118750371875 0.6171874171875 0.1203122203125 0.615625165625 0.1203122203125
17 0.475 0.7078122203125 0.4734377484375 0.7093748140625 0.471874834375 0.7093748140625 0.4703125828125 0.71093740625 0.465625165625 0.71093740625 0.4640622515625 0.7125 0.45625033125 0.7125 0.45468741718750005 0.71406259375 0.4515622515625 0.71406259375 0.45 0.7156251859375 0.4484377484375 0.7156251859375 0.44531258281249997 0.718750371875 0.44375033124999996 0.718750371875 0.4390622515625 0.72343740625 0.4375 0.72343740625 0.4359377484375 0.725 0.43437483437499996 0.725 0.43281258281249996 0.72656259375 0.43281258281249996 0.7328122203125 0.4359377484375 0.7328122203125 0.4375 0.7343748140625 0.44375033124999996 0.7343748140625 0.44531258281249997 0.7359374062499999 0.4484377484375 0.7359374062499999 0.45468741718750005 0.7421877796875 0.45468741718750005 0.7453122203125 0.45625033125 0.7468748140625 0.45625033125 0.7593748140625001 0.4578125828125 0.76093740625 0.459374834375 0.76093740625 0.4609377484375 0.7625 0.4609377484375 0.7640625937500001 0.4625 0.7656251859375 0.4625 0.77656259375 0.45625033125 0.7828122203125 0.45625033125 0.7843748140625 0.446874834375 0.7937503718750001 0.44375033124999996 0.7937503718750001 0.44218741718750004 0.7953122203125 0.44062516562500004 0.7953122203125 0.4359377484375 0.8 0.43437483437499996 0.8 0.43125033124999995 0.8031251859375 0.43125033124999995 0.8234374062500001 0.43281258281249996 0.825 0.43281258281249996 0.8281251859375001 0.4359377484375 0.831249628125 0.4359377484375 0.8328122203125 0.4375 0.8343748140624999 0.4375 0.8375 0.44218741718750004 0.8421877796875 0.44531258281249997 0.8421877796875 0.446874834375 0.8437503718749999 0.4484377484375 0.8437503718749999 0.45312516562500005 0.8484374062500001 0.45468741718750005 0.8484374062500001 0.459374834375 0.8531251859375001 0.4609377484375 0.8531251859375001 0.4625 0.8546877796875 0.4640622515625 0.8546877796875 0.4703125828125 0.86093740625 0.4734377484375 0.86093740625 0.475 0.8625 0.4765622515625 0.8625 0.478125165625 0.8640625937499999 0.4796874171875 0.8640625937499999 0.48125033124999994 0.8656251859375 0.48437483437499995 0.8656251859375 0.4859377484375 0.8640625937499999 0.4875 0.8640625937499999 0.490625165625 0.86093740625 0.49218741718750003 0.86093740625 0.49375033124999995 0.8593748140624999 0.49531258281249996 0.8593748140624999 0.5015622515625 0.8531251859375001 0.503125165625 0.8531251859375001 0.50625033125 0.85 0.5078125828125 0.85 0.509374834375 0.8484374062500001 0.5125 0.8484374062500001 0.5140622515625 0.8468748140625 0.515625165625 0.8468748140625 0.5187503312499999 0.8437503718749999 0.5203125828124999 0.8437503718749999 0.5218748343749999 0.8421877796875 0.525 0.8421877796875 0.5265622515625 0.8406251859375 0.528125165625 0.8406251859375 0.5328125828125 0.83593740625 0.534374834375 0.83593740625 0.5484377484375 0.8218748140625 0.5484377484375 0.8187496281250001 0.55 0.8171877796875 0.55 0.7828122203125 0.5484377484375 0.781250371875 0.5484377484375 0.74843740625 0.546874834375 0.7468748140625 0.546874834375 0.7421877796875 0.5453125828125 0.7406251859374999 0.5453125828125 0.73906259375 0.5421874171875001 0.7359374062499999 0.5421874171875001 0.7343748140625 0.534374834375 0.72656259375 0.5328125828125 0.72656259375 0.53125033125 0.725 0.5296874171875 0.725 0.528125165625 0.72343740625 0.5265622515625 0.72343740625 0.5203125828124999 0.7171877796875 0.5187503312499999 0.7171877796875 0.5171874171875 0.7156251859375 0.515625165625 0.7156251859375 0.5125 0.7125 0.509374834375 0.7125 0.5046874171875 0.7078122203125 0.503125165625 0.7078122203125 0.5015622515625 0.7062496281249999 0.49218741718750003 0.7062496281249999 0.490625165625 0.7046877796875 0.4875 0.7046877796875 0.4859377484375 0.7062496281249999 0.4796874171875 0.7062496281249999 0.478125165625 0.7078122203125 0.475 0.7078122203125
36 0.6703125828125 0.2828122203125 0.6703125828125 0.2843748140625 0.6671874171875001 0.2875 0.6656251656250001 0.2875 0.6609377484375 0.2921877796875 0.6609377484375 0.293749628125 0.6578125828125 0.2968748140625 0.6578125828125 0.3 0.65625033125 0.30156259375 0.65625033125 0.3046877796875 0.6546874171875 0.306249628125 0.6546874171875 0.3078122203125 0.6453125828124999 0.3171877796875 0.6437503312499999 0.3171877796875 0.6421874171875 0.318749628125 0.6375 0.318749628125 0.6359377484375 0.3203122203125 0.634374834375 0.3203122203125 0.634374834375 0.35156259375 0.6359377484375 0.35312518593750003 0.6359377484375 0.3625 0.6375 0.36406259375 0.6375 0.38906259374999996 0.6390622515625 0.3906251859375 0.6390622515625 0.3921877796875 0.640625165625 0.3921877796875 0.6437503312499999 0.3953122203125 0.6437503312499999 0.39687481406249997 0.6453125828124999 0.39843740625 0.6468748343749999 0.39843740625 0.6484377484375 0.4 0.65 0.4 0.653125165625 0.40312518593749996 0.6546874171875 0.40312518593749996 0.65625033125 0.4046877796875 0.659374834375 0.4046877796875 0.6656251656250001 0.41093740624999997 0.6703125828125 0.41093740624999997 0.6765622515625 0.4171877796875 0.678125165625 0.4171877796875 0.6796874171875 0.41874962812499994 0.68125033125 0.41874962812499994 0.684374834375 0.42187481406250005 0.6859377484375 0.42187481406250005 0.6875 0.42343740625 0.690625165625 0.42343740625 0.69375033125 0.42656259375000005 0.6953125828125 0.42656259375000005 0.696874834375 0.4281251859375 0.7 0.4281251859375 0.7015622515625 0.4296877796875 0.7078125828124999 0.4296877796875 0.7093748343749999 0.4281251859375 0.7109377484375 0.4281251859375 0.715625165625 0.42343740625 0.71875033125 0.42343740625 0.7203125828125 0.42187481406250005 0.721874834375 0.42187481406250005 0.7265622515625 0.4171877796875 0.7296874171875001 0.4171877796875 0.7312503312499999 0.4156251859375 0.7328125828125 0.4156251859375 0.7359377484375 0.4125 0.7375 0.4125 0.7390622515625 0.41093740624999997 0.740625165625 0.41093740624999997 0.7421874171875 0.40937481406250004 0.74375033125 0.40937481406250004 0.746874834375 0.406250371875 0.7484377484375 0.406250371875 0.75 0.4046877796875 0.753125165625 0.4046877796875 0.7671874171875 0.3906251859375 0.7671874171875 0.3078122203125 0.765625165625 0.306249628125 0.765625165625 0.3046877796875 0.7640622515625 0.30312518593750004 0.7640622515625 0.30156259375 0.75625033125 0.293749628125 0.7546874171875 0.293749628125 0.7515622515625 0.29062518593750003 0.75 0.29062518593750003 0.746874834375 0.2875 0.7421874171875 0.2875 0.740625165625 0.28593740625 0.7390622515625 0.28593740625 0.7375 0.2843748140625 0.7359377484375 0.2843748140625 0.734374834375 0.2828122203125 0.7328125828125 0.2828122203125 0.7312503312499999 0.281250371875 0.721874834375 0.281250371875 0.7203125828125 0.2796877796875 0.7109377484375 0.2796877796875 0.7093748343749999 0.281250371875 0.7062503312499999 0.281250371875 0.7046874171875 0.2796877796875 0.6828125828125 0.2796877796875 0.68125033125 0.281250371875 0.675 0.281250371875 0.6734377484375 0.2828122203125 0.6703125828125 0.2828122203125
0 0.24218741718749998 0.27343740625 0.24062516562499997 0.275 0.2390622515625 0.275 0.2375 0.27656259375 0.23593774843749998 0.27656259375 0.2328125828125 0.2796877796875 0.23125033125 0.2796877796875 0.2296874171875 0.281250371875 0.2265622515625 0.281250371875 0.225 0.2828122203125 0.2234377484375 0.2828122203125 0.22187483437500002 0.2843748140625 0.22031258281250002 0.2843748140625 0.21718741718749998 0.2875 0.2140622515625 0.2875 0.2125 0.28906259375 0.2109377484375 0.28906259375 0.2046874171875 0.2953122203125 0.203125165625 0.2953122203125 0.20156225156250002 0.2968748140625 0.20156225156250002 0.29843740625000004 0.2 0.3 0.2 0.36406259375 0.20625033125 0.3703122203125 0.20625033125 0.3781251859375 0.2078125828125 0.3796877796875 0.2078125828125 0.381249628125 0.2109377484375 0.38437481406249996 0.2109377484375 0.3875 0.2125 0.38906259374999996 0.2125 0.39687481406249997 0.22031258281250002 0.4046877796875 0.22187483437500002 0.4046877796875 0.225 0.4078122203125 0.2265622515625 0.4078122203125 0.228125165625 0.40937481406250004 0.2296874171875 0.40937481406250004 0.23125033125 0.41093740624999997 0.2390622515625 0.41093740624999997 0.24062516562499997 0.4125 0.2484377484375 0.4125 0.25 0.41406259375000004 0.253125165625 0.41406259375000004 0.25625033125 0.4171877796875 0.2578125828125 0.4171877796875 0.25937483437500003 0.41874962812499994 0.26875033125000003 0.41874962812499994 0.27031258281250004 0.4171877796875 0.275 0.4171877796875 0.2765622515625 0.4156251859375 0.278125165625 0.4156251859375 0.28125033125 0.4125 0.2828125828125 0.4125 0.284374834375 0.41093740624999997 0.2875 0.41093740624999997 0.2890622515625 0.40937481406250004 0.29062516562499996 0.40937481406250004 0.2953125828125 0.4046877796875 0.30312516562499997 0.4046877796875 0.309374834375 0.39843740625 0.3140622515625 0.39843740625 0.3171874171875 0.3953122203125 0.3171874171875 0.39374962812500003 0.31875033125 0.3921877796875 0.31875033125 0.3906251859375 0.3203125828125 0.38906259374999996 0.3203125828125 0.32187481406249996 0.31875033125 0.3203122203125 0.31875033125 0.318749628125 0.3171874171875 0.3171877796875 0.3171874171875 0.3156251859375 0.30625033125 0.3046877796875 0.30625033125 0.30312518593750004 0.3046874171875 0.30156259375 0.3046874171875 0.2921877796875 0.30312516562499997 0.29062518593750003 0.30312516562499997 0.28906259375 0.3015622515625 0.28906259375 0.3 0.2875 0.296874834375 0.2875 0.2953125828125 0.28593740625 0.29375033125 0.28593740625 0.29218741718749996 0.2843748140625 0.29218741718749996 0.2828122203125 0.29062516562499996 0.2828122203125 0.2890622515625 0.281250371875 0.2875 0.281250371875 0.2859377484375 0.2796877796875 0.284374834375 0.2796877796875 0.28125033125 0.27656259375 0.2796874171875 0.27656259375 0.278125165625 0.275 0.2765622515625 0.275 0.275 0.27343740625 0.2734377484375 0.27343740625 0.27031258281250004 0.2703122203125 0.26875033125000003 0.2703122203125 0.2671874171875 0.268750371875 0.2515622515625 0.268750371875 0.25 0.2703122203125 0.24687483437500002 0.2703122203125 0.24375033125 0.27343740625 0.24218741718749998 0.27343740625
0 0.6035695359375 0.4223964234375 0.6020072843750001 0.4223964234375 0.6004450328125001 0.42395901562500005 0.6004450328125001 0.42552160937499994 0.59888211875 0.427084203125 0.5973198671875 0.427084203125 0.595757615625 0.42864679531250005 0.5941947015625 0.42864679531250005 0.589507284375 0.43333457500000006 0.5879450328125 0.43333457500000006 0.58638211875 0.4348964234375 0.5848198671875 0.4348964234375 0.583257615625 0.436459015625 0.583257615625 0.43802160937499995 0.58013245 0.4411467953125 0.5785695359374999 0.4411467953125 0.577007284375 0.44270938906249996 0.5754450328125 0.44270938906249996 0.5723198671875 0.445834575 0.5723198671875 0.44739716874999996 0.570757615625 0.448959015625 0.570757615625 0.45052160937499997 0.56763245 0.4536467953125 0.56763245 0.5114590156250001 0.5691947015625 0.513021609375 0.5691947015625 0.514584203125 0.570757615625 0.5161467953125001 0.570757615625 0.5192719828125 0.5723198671875 0.5208345750000001 0.5738821187500001 0.5208345750000001 0.577007284375 0.523959015625 0.577007284375 0.5255216093749999 0.5785695359374999 0.527084203125 0.58013245 0.527084203125 0.589507284375 0.536459015625 0.589507284375 0.5427093890625 0.5910695359375 0.5442719828125 0.5910695359375 0.5473964234375 0.5973198671875 0.5536467953125 0.59888211875 0.5536467953125 0.6004450328125001 0.5552093890625 0.6020072843750001 0.5552093890625 0.6035695359375 0.5567719828125 0.6051324499999999 0.5567719828125 0.6066947015624999 0.558334575 0.6129450328125 0.558334575 0.614507284375 0.5598964234375 0.61763245 0.5598964234375 0.620757615625 0.563021609375 0.62388211875 0.563021609375 0.6254450328125001 0.564584203125 0.6270072843750001 0.564584203125 0.6285695359375 0.5661467953125 0.63013245 0.5661467953125 0.6348198671875 0.570834575 0.6363821187500001 0.570834575 0.6410695359374999 0.5661467953125 0.64263245 0.5661467953125 0.6441947015625 0.564584203125 0.64888211875 0.564584203125 0.6504450328125 0.563021609375 0.6535695359375 0.563021609375 0.65513245 0.561459015625 0.6566947015625 0.561459015625 0.658257615625 0.5598964234375 0.6598198671875 0.5598964234375 0.66138211875 0.558334575 0.6645072843750001 0.558334575 0.6660695359375 0.5567719828125 0.6676324499999999 0.5567719828125 0.6691947015624999 0.5552093890625 0.670757615625 0.5552093890625 0.6723198671875 0.5536467953125 0.67388211875 0.5536467953125 0.68013245 0.5473964234375 0.68013245 0.545834575 0.6816947015625 0.5442719828125 0.6816947015625 0.538021609375 0.683257615625 0.536459015625 0.683257615625 0.5348971687499999 0.6848198671875 0.533334575 0.6848198671875 0.5317719828125 0.68638211875 0.5302093890624999 0.68638211875 0.527084203125 0.6879450328125001 0.5255216093749999 0.6879450328125001 0.5192719828125 0.6941947015625 0.513021609375 0.6941947015625 0.50989716875 0.695757615625 0.508334575 0.695757615625 0.5067719828125 0.6973198671875 0.5052093890625 0.6973198671875 0.46614679531250003 0.695757615625 0.464584203125 0.695757615625 0.4598964234375 0.6941947015625 0.458334575 0.6941947015625 0.4536467953125 0.6816947015625 0.4411467953125 0.68013245 0.4411467953125 0.67388211875 0.4348964234375 0.6723198671875 0.4348964234375 0.670757615625 0.43333457500000006 0.6691947015624999 0.43333457500000006 0.6645072843750001 0.42864679531250005 0.6629450328125001 0.42864679531250005 0.658257615625 0.42395901562500005 0.6566947015625 0.42395901562500005 0.6535695359375 0.42083457500000004 0.652007284375 0.42083457500000004 0.6473198671875 0.41614679531250004 0.645757615625 0.41614679531250004 0.6410695359374999 0.41145901562500004 0.6379450328125 0.41145901562500004 0.6363821187500001 0.40989716875 0.620757615625 0.40989716875 0.620757615625 0.41145901562500004 0.61763245 0.414584203125 0.614507284375 0.414584203125 0.6129450328125 0.41614679531250004 0.6098198671875 0.41614679531250004 0.608257615625 0.4177093890625 0.608257615625 0.4192719828125 0.6066947015624999 0.42083457500000004 0.6051324499999999 0.42083457500000004 0.6035695359375 0.4223964234375
6 0.7625 0.4171877796875 0.7609377484375 0.41874962812499994 0.759374834375 0.41874962812499994 0.7546874171875 0.42343740625 0.753125165625 0.42343740625 0.7515622515625 0.425 0.75 0.425 0.7484377484375 0.42656259375000005 0.746874834375 0.42656259375000005 0.7421874171875 0.43124962812499995 0.740625165625 0.43124962812499995 0.7359377484375 0.43593740625 0.734374834375 0.43593740625 0.7328125828125 0.4375 0.7312503312499999 0.4375 0.7265622515625 0.4421877796875 0.7234377484375 0.4421877796875 0.721874834375 0.44375037187500005 0.7203125828125 0.44375037187500005 0.7140622515625 0.45 0.7140622515625 0.5031251859375 0.71875033125 0.5078122203125 0.71875033125 0.5093748140625001 0.7234377484375 0.5140625937500001 0.7234377484375 0.5156251859375 0.725 0.5171877796875 0.725 0.52656259375 0.7265622515625 0.5281251859375 0.7265622515625 0.531250371875 0.7296874171875001 0.5343748140625 0.7296874171875001 0.5375 0.7312503312499999 0.53906259375 0.7312503312499999 0.5406251859375 0.7328125828125 0.5421877796875 0.7328125828125 0.5437496281249999 0.7390622515625 0.55 0.740625165625 0.55 0.7453125828125 0.5546877796875 0.746874834375 0.5546877796875 0.7484377484375 0.556249628125 0.75 0.556249628125 0.7515622515625 0.5578122203125 0.753125165625 0.5578122203125 0.7546874171875 0.5593748140625 0.75625033125 0.5593748140625 0.7578125828125 0.56093740625 0.7609377484375 0.56093740625 0.7625 0.5625 0.7640622515625 0.5625 0.7671874171875 0.5656251859375 0.7687503312499999 0.5656251859375 0.7703125828124999 0.5671877796875 0.7718748343749999 0.5671877796875 0.7734377484375 0.568750371875 0.775 0.568750371875 0.778125165625 0.5718748140625001 0.7859377484375 0.5718748140625001 0.7875 0.5703122203125 0.7906251656250001 0.5703122203125 0.7921874171875001 0.568750371875 0.7937503312499999 0.568750371875 0.7953125828125 0.5671877796875 0.7984377484375 0.5671877796875 0.8 0.5656251859375 0.8015622515624999 0.5656251859375 0.8046874171875 0.5625 0.80625033125 0.5625 0.8078125828125 0.56093740625 0.809374834375 0.56093740625 0.8140622515624999 0.556249628125 0.815625165625 0.556249628125 0.8171874171875 0.5546877796875 0.8187503312500001 0.5546877796875 0.8203125828125 0.5531251859374999 0.8218748343750001 0.5531251859374999 0.8218748343750001 0.55156259375 0.8234377484375001 0.55 0.825 0.55 0.8265622515625 0.5484374062499999 0.8281251656249999 0.5484374062499999 0.834374834375 0.5421877796875 0.8359377484375001 0.5421877796875 0.8437503312500001 0.5343748140625 0.8437503312500001 0.5328122203125 0.8468748343750001 0.5296877796875 0.8468748343750001 0.456249628125 0.8406251656249999 0.45 0.8390622515624999 0.45 0.8359377484375001 0.4468748140625 0.8359377484375001 0.4453122203125 0.8296874171875 0.43906259375 0.8281251656249999 0.43906259375 0.8265622515625 0.4375 0.8234377484375001 0.4375 0.8218748343750001 0.43593740625 0.8203125828125 0.43593740625 0.815625165625 0.43124962812499995 0.8140622515624999 0.43124962812499995 0.809374834375 0.42656259375000005 0.8078125828125 0.42656259375000005 0.80625033125 0.425 0.8031251656249999 0.425 0.7984377484375 0.4203122203125 0.796874834375 0.4203122203125 0.7953125828125 0.41874962812499994 0.7937503312499999 0.41874962812499994 0.7906251656250001 0.4156251859375 0.7890622515625 0.4156251859375 0.7859377484375 0.4125 0.7828125828125 0.4125 0.78125033125 0.41093740624999997 0.7734377484375 0.41093740624999997 0.7718748343749999 0.4125 0.7687503312499999 0.4125 0.7640622515625 0.4171877796875 0.7625 0.4171877796875
34 0.6875 0.125 0.6875 0.1281251859375 0.6828125828125 0.1328122203125 0.6828125828125 0.16093740625 0.6890622515625 0.1671877796875 0.690625165625 0.1671877796875 0.6921874171875 0.168749628125 0.69375033125 0.168749628125 0.696874834375 0.1718748140625 0.7093748343749999 0.1718748140625 0.7125 0.168749628125 0.7140622515625 0.168749628125 0.715625165625 0.1671877796875 0.721874834375 0.1671877796875 0.7234377484375 0.1656251859375 0.7234377484375 0.16406259375 0.7265622515625 0.16093740625 0.7281251656250001 0.16093740625 0.7281251656250001 0.14218777968750002 0.7265622515625 0.1406251859375 0.7265622515625 0.13906259375000002 0.725 0.1375 0.725 0.13593740625 0.7234377484375 0.13437481406250001 0.7234377484375 0.12656259375 0.721874834375 0.125 0.7203125828125 0.125 0.7171874171875 0.1218748140625 0.7171874171875 0.1203122203125 0.715625165625 0.118750371875 0.7140622515625 0.118750371875 0.7125 0.11718777968750001 0.7109377484375 0.11718777968750001 0.7093748343749999 0.1156251859375 0.69375033125 0.1156251859375 0.69375033125 0.11718777968750001 0.6890622515625 0.1218748140625 0.6890622515625 0.12343740624999999 0.6875 0.125
34 0.6125 0.675 0.6109377484375 0.67656259375 0.6109377484375 0.693749628125 0.6125 0.6953122203125 0.6125 0.6968748140625001 0.6140622515625 0.69843740625 0.6468748343749999 0.69843740625 0.6484377484375 0.6968748140625001 0.6484377484375 0.6953122203125 0.653125165625 0.6906251859375 0.653125165625 0.6687496281249999 0.6515622515625 0.6671877796875 0.6515622515625 0.6656251859375 0.65 0.66406259375 0.65 0.66093740625 0.6484377484375 0.6593748140625 0.6484377484375 0.656250371875 0.6390622515625 0.6468748140625 0.621874834375 0.6468748140625 0.6203125828125 0.64843740625 0.6203125828125 0.65 0.6125 0.6578122203125 0.6125 0.675
25 0.22187483437500002 0.4296877796875 0.2234377484375 0.4296877796875 0.225 0.43124962812499995 0.2265622515625 0.43124962812499995 0.23125033125 0.43593740625 0.2328125828125 0.43593740625 0.2390622515625 0.4421877796875 0.25625033125 0.4421877796875 0.25625033125 0.4343748140625 0.2546874171875 0.4328122203125 0.2546874171875 0.42656259375000005 0.24687483437500002 0.41874962812499994 0.2453125828125 0.41874962812499994 0.24218741718749998 0.4156251859375 0.24218741718749998 0.41406259375000004 0.24062516562499997 0.4125 0.2375 0.4125 0.23593774843749998 0.41093740624999997 0.234374834375 0.41093740624999997 0.23125033125 0.4078122203125 0.2296874171875 0.4078122203125 0.228125165625 0.406250371875 0.2265622515625 0.406250371875 0.225 0.4046877796875 0.203125165625 0.4046877796875 0.203125165625 0.4125 0.2140622515625 0.42343740625 0.21562516562499998 0.42343740625 0.22187483437500002 0.4296877796875
4 0.5328125828125 0.506250371875 0.53125033125 0.5078122203125 0.53125033125 0.5156251859375 0.5296874171875 0.5171877796875 0.5296874171875 0.5187496281249999 0.528125165625 0.5203122203125 0.528125165625 0.5375 0.5296874171875 0.53906259375 0.5296874171875 0.5421877796875 0.53125033125 0.5437496281249999 0.53125033125 0.5468748140625 0.5390622515625 0.5546877796875 0.578125165625 0.5546877796875 0.5796874171875 0.5531251859374999 0.5812503312499999 0.5531251859374999 0.5843748343749999 0.55 0.5843748343749999 0.5484374062499999 0.5859377484375 0.5468748140625 0.5859377484375 0.5328122203125 0.5843748343749999 0.531250371875 0.5843748343749999 0.5296877796875 0.5812503312499999 0.52656259375 0.5796874171875 0.52656259375 0.578125165625 0.525 0.5765622515625 0.525 0.575 0.52343740625 0.5734377484375 0.52343740625 0.5671874171875 0.5171877796875 0.5671874171875 0.5140625937500001 0.565625165625 0.5125 0.5640622515625 0.5125 0.5609377484375 0.5093748140625001 0.5609377484375 0.5078122203125 0.5546874171875 0.50156259375 0.5546874171875 0.5 0.5390622515625 0.5 0.5375 0.50156259375 0.5375 0.5031251859375 0.534374834375 0.506250371875 0.5328125828125 0.506250371875
31 0.16875033125 0.36406259375 0.16875033125 0.3703122203125 0.16718741718750002 0.3718748140625 0.16718741718750002 0.37343740625 0.16562516562500001 0.375 0.16562516562500001 0.406250371875 0.1703125828125 0.41093740624999997 0.203125165625 0.41093740624999997 0.2046874171875 0.40937481406250004 0.2046874171875 0.40156259375000003 0.20625033125 0.4 0.20625033125 0.39843740625 0.2078125828125 0.39687481406249997 0.2078125828125 0.3953122203125 0.20625033125 0.39374962812500003 0.20625033125 0.3906251859375 0.2046874171875 0.38906259374999996 0.2046874171875 0.3703122203125 0.203125165625 0.368749628125 0.203125165625 0.3671877796875 0.19375033125000002 0.3578122203125 0.175 0.3578122203125 0.175 0.3593748140625 0.171874834375 0.3625 0.1703125828125 0.3625 0.16875033125 0.36406259375
25 0.3 0.40156259375000003 0.2984377484375 0.40156259375000003 0.2953125828125 0.4046877796875 0.29375033125 0.4046877796875 0.29218741718749996 0.406250371875 0.2890622515625 0.406250371875 0.2875 0.4078122203125 0.2875 0.40937481406250004 0.284374834375 0.4125 0.2828125828125 0.4125 0.28125033125 0.41406259375000004 0.28125033125 0.4156251859375 0.278125165625 0.41874962812499994 0.275 0.41874962812499994 0.2734377484375 0.4203122203125 0.27187483437500004 0.4203122203125 0.2671874171875 0.425 0.2671874171875 0.44375037187500005 0.275 0.44375037187500005 0.2765622515625 0.4421877796875 0.2828125828125 0.4421877796875 0.2890622515625 0.43593740625 0.29062516562499996 0.43593740625 0.29218741718749996 0.4343748140625 0.29218741718749996 0.4328122203125 0.2953125828125 0.4296877796875 0.2984377484375 0.4296877796875 0.3015622515625 0.42656259375000005 0.30312516562499997 0.42656259375000005 0.30625033125 0.42343740625 0.309374834375 0.42343740625 0.3109377484375 0.42187481406250005 0.3109377484375 0.4203122203125 0.3140622515625 0.4171877796875 0.315625165625 0.4171877796875 0.32187483437500003 0.41093740624999997 0.3265622515625 0.41093740624999997 0.3296874171875 0.4078122203125 0.3296874171875 0.40156259375000003 0.33125033125000003 0.4 0.33125033125000003 0.3953122203125 0.30625033125 0.3953122203125 0.30625033125 0.39687481406249997 0.30312516562499997 0.4 0.3015622515625 0.4 0.3 0.40156259375000003
28 0.6687503312499999 0.25937481406249996 0.6656251656250001 0.2625 0.6640622515625 0.2625 0.6578125828125 0.268750371875 0.65625033125 0.268750371875 0.65625033125 0.28906259375 0.6625 0.28906259375 0.6656251656250001 0.28593740625 0.671874834375 0.28593740625 0.6734377484375 0.2843748140625 0.6734377484375 0.2828122203125 0.6765622515625 0.2796877796875 0.678125165625 0.2796877796875 0.684374834375 0.27343740625 0.6890622515625 0.27343740625 0.6953125828125 0.2671877796875 0.696874834375 0.2671877796875 0.6984377484375 0.2656251859375 0.6984377484375 0.26406259374999996 0.7015622515625 0.26093740625 0.703125165625 0.26093740625 0.703125165625 0.25 0.6828125828125 0.25 0.6765622515625 0.256249628125 0.6703125828125 0.256249628125 0.6687503312499999 0.2578122203125 0.6687503312499999 0.25937481406249996
30 0.24062516562499997 0.5187496281249999 0.24062516562499997 0.55156259375 0.24218741718749998 0.5531251859374999 0.24375033125 0.5531251859374999 0.2453125828125 0.5546877796875 0.2734377484375 0.5546877796875 0.275 0.5531251859374999 0.2765622515625 0.5531251859374999 0.28125033125 0.5484374062499999 0.28125033125 0.5468748140625 0.2828125828125 0.5453122203125 0.2828125828125 0.531250371875 0.2796874171875 0.5281251859375 0.2796874171875 0.5140625937500001 0.278125165625 0.5125 0.2765622515625 0.5125 0.2734377484375 0.5093748140625001 0.2734377484375 0.5078122203125 0.27187483437500004 0.506250371875 0.27031258281250004 0.506250371875 0.2671874171875 0.5031251859375 0.2671874171875 0.50156259375 0.25 0.50156259375 0.25 0.5031251859375 0.24375033125 0.5093748140625001 0.24375033125 0.5156251859375 0.24062516562499997 0.5187496281249999
14 0.6140622515625 0.26406259374999996 0.615625165625 0.26406259374999996 0.61875033125 0.26093740625 0.621874834375 0.26093740625 0.6234377484375 0.25937481406249996 0.625 0.25937481406249996 0.6265622515625 0.2578122203125 0.634374834375 0.2578122203125 0.6359377484375 0.25937481406249996 0.6375 0.25937481406249996 0.6390622515625 0.26093740625 0.640625165625 0.26093740625 0.6421874171875 0.2625 0.6437503312499999 0.2625 0.6453125828124999 0.26406259374999996 0.6484377484375 0.26406259374999996 0.65 0.2625 0.6515622515625 0.2625 0.6546874171875 0.25937481406249996 0.6546874171875 0.23906259375 0.65625033125 0.2375 0.65625033125 0.2203122203125 0.6578125828125 0.218750371875 0.6578125828125 0.2078122203125 0.65625033125 0.206250371875 0.65625033125 0.20468777968750002 0.6546874171875 0.2031251859375 0.6546874171875 0.20156259375 0.6031251656250001 0.20156259375 0.6031251656250001 0.26093740625 0.6078125828125 0.2656251859375 0.6125 0.2656251859375 0.6140622515625 0.26406259374999996
11 0.6828125828125 0.40937481406250004 0.725 0.40937481406250004 0.7296874171875001 0.4046877796875 0.7296874171875001 0.37656259375 0.7312503312499999 0.375 0.7312503312499999 0.34843740625 0.7296874171875001 0.3468748140625 0.7296874171875001 0.3453122203125 0.6796874171875 0.3453122203125 0.6796874171875 0.406250371875 0.68125033125 0.406250371875 0.6828125828125 0.4078122203125 0.6828125828125 0.40937481406250004
30 0.39375033125000003 0.5078122203125 0.39375033125000003 0.5156251859375 0.390625165625 0.5187496281249999 0.3890622515625 0.5187496281249999 0.3875 0.5203122203125 0.3875 0.55156259375 0.390625165625 0.5546877796875 0.42187483437499995 0.5546877796875 0.4234377484375 0.5531251859374999 0.4234377484375 0.55156259375 0.4265622515625 0.5484374062499999 0.428125165625 0.5484374062499999 0.42968741718750003 0.5468748140625 0.42968741718750003 0.5203122203125 0.425 0.5156251859375 0.425 0.5140625937500001 0.4234377484375 0.5125 0.4234377484375 0.5078122203125 0.42187483437499995 0.506250371875 0.42031258281249995 0.506250371875 0.4171874171875 0.5031251859375 0.4171874171875 0.50156259375 0.4 0.50156259375 0.4 0.5031251859375 0.39687483437500004 0.506250371875 0.39531258281250004 0.506250371875 0.39375033125000003 0.5078122203125
4 0.4609377484375 0.65 0.459374834375 0.65156259375 0.4578125828125 0.65156259375 0.4578125828125 0.6531251859375 0.45625033125 0.6546877796875 0.45625033125 0.66093740625 0.45468741718750005 0.6625 0.45468741718750005 0.6875 0.45625033125 0.68906259375 0.45625033125 0.6906251859375 0.4578125828125 0.6921877796875 0.459374834375 0.6921877796875 0.4625 0.6953122203125 0.4625 0.6968748140625001 0.4640622515625 0.69843740625 0.4671874171875 0.69843740625 0.46875033125 0.7 0.471874834375 0.7 0.4734377484375 0.7015625937500001 0.49687483437499996 0.7015625937500001 0.4984377484375 0.7 0.5 0.7 0.5015622515625 0.69843740625 0.503125165625 0.69843740625 0.5109377484375 0.6906251859375 0.5109377484375 0.68593740625 0.5125 0.6843748140625 0.5125 0.681249628125 0.5109377484375 0.6796877796875 0.5109377484375 0.6718748140625 0.509374834375 0.6703122203125 0.5078125828125 0.6703122203125 0.50625033125 0.6687496281249999 0.49531258281249996 0.6687496281249999 0.49218741718750003 0.6656251859375 0.49218741718750003 0.6593748140625 0.4859377484375 0.6531251859375 0.4859377484375 0.65156259375 0.48437483437499995 0.65 0.48281258281249995 0.65 0.4796874171875 0.6468748140625 0.4671874171875 0.6468748140625 0.465625165625 0.64843740625 0.4640622515625 0.64843740625 0.4625 0.65 0.4609377484375 0.65
16 0.45468741718750005 0.8343748140624999 0.45625033125 0.83593740625 0.45625033125 0.8406251859375 0.4578125828125 0.8406251859375 0.459374834375 0.8421877796875 0.5015622515625 0.8421877796875 0.503125165625 0.8406251859375 0.5046874171875 0.8406251859375 0.5109377484375 0.8343748140624999 0.5109377484375 0.7828122203125 0.509374834375 0.781250371875 0.50625033125 0.781250371875 0.5046874171875 0.7796877796875 0.5015622515625 0.7796877796875 0.5 0.7781251859375 0.459374834375 0.7781251859375 0.45625033125 0.781250371875 0.45625033125 0.78593740625 0.45468741718750005 0.7875 0.45468741718750005 0.8343748140624999
27 0.653125165625 0.5546877796875 0.65 0.5578122203125 0.65 0.5593748140625 0.6468748343749999 0.5625 0.6453125828124999 0.5625 0.6375 0.5703122203125 0.6375 0.5843748140625 0.6390622515625 0.58593740625 0.6468748343749999 0.58593740625 0.6484377484375 0.5843748140625 0.6515622515625 0.5843748140625 0.6546874171875 0.5812496281249999 0.65625033125 0.5812496281249999 0.6578125828125 0.5796877796875 0.659374834375 0.5796877796875 0.6656251656250001 0.57343740625 0.671874834375 0.57343740625 0.6734377484375 0.5718748140625001 0.6734377484375 0.5703122203125 0.6765622515625 0.5671877796875 0.678125165625 0.5671877796875 0.6796874171875 0.5656251859375 0.6796874171875 0.56406259375 0.6828125828125 0.56093740625 0.684374834375 0.56093740625 0.6859377484375 0.5593748140625 0.6859377484375 0.556249628125 0.6875 0.5546877796875 0.6875 0.5484374062499999 0.6703125828125 0.5484374062499999 0.6687503312499999 0.55 0.659374834375 0.55 0.6546874171875 0.5546877796875 0.653125165625 0.5546877796875
27 0.7265622515625 0.56093740625 0.7390622515625 0.57343740625 0.740625165625 0.57343740625 0.7421874171875 0.575 0.74375033125 0.575 0.7484377484375 0.5796877796875 0.7515622515625 0.5796877796875 0.7578125828125 0.58593740625 0.7703125828124999 0.58593740625 0.7718748343749999 0.5843748140625 0.7718748343749999 0.5703122203125 0.7703125828124999 0.568750371875 0.7687503312499999 0.568750371875 0.7625 0.5625 0.7609377484375 0.5625 0.759374834375 0.56093740625 0.7578125828125 0.56093740625 0.75625033125 0.5593748140625 0.75625033125 0.5578122203125 0.7546874171875 0.5578122203125 0.753125165625 0.556249628125 0.7515622515625 0.556249628125 0.746874834375 0.55156259375 0.7453125828125 0.55156259375 0.74375033125 0.55 0.7203125828125 0.55 0.7203125828125 0.5593748140625 0.721874834375 0.5593748140625 0.7234377484375 0.56093740625 0.7265622515625 0.56093740625
31 0.31875033125 0.2656251859375 0.315625165625 0.268750371875 0.3140622515625 0.268750371875 0.3125 0.2703122203125 0.3125 0.3093748140625 0.3140622515625 0.31093740625 0.3171874171875 0.31093740625 0.31875033125 0.3125 0.3203125828125 0.3125 0.3234377484375 0.3156251859375 0.34375033125 0.3156251859375 0.3484377484375 0.31093740625 0.3515622515625 0.31093740625 0.35312516562499996 0.3093748140625 0.35312516562499996 0.3078122203125 0.35468741718749996 0.306249628125 0.35468741718749996 0.27656259375 0.35312516562499996 0.275 0.35312516562499996 0.27343740625 0.3484377484375 0.268750371875 0.3484377484375 0.2671877796875 0.3453125828125 0.26406259374999996 0.34375033125 0.26406259374999996 0.3421874171875 0.2625 0.340625165625 0.2625 0.3390622515625 0.26093740625 0.3234377484375 0.26093740625 0.32187483437500003 0.2625 0.3203125828125 0.2625 0.31875033125 0.26406259374999996 0.31875033125 0.2656251859375
27 0.5890622515625 0.568750371875 0.590625165625 0.568750371875 0.5921874171875 0.5703122203125 0.5921874171875 0.5718748140625001 0.59375033125 0.5718748140625001 0.5953125828125 0.57343740625 0.596874834375 0.57343740625 0.609374834375 0.58593740625 0.625 0.58593740625 0.625 0.5703122203125 0.615625165625 0.56093740625 0.6140622515625 0.56093740625 0.6125 0.5593748140625 0.6125 0.5578122203125 0.6109377484375 0.5578122203125 0.6078125828125 0.5546877796875 0.6062503312499999 0.5546877796875 0.6046874171875001 0.5531251859374999 0.6046874171875001 0.55156259375 0.5828125828124999 0.55156259375 0.5828125828124999 0.56406259375 0.5859377484375 0.5671877796875 0.5875 0.5671877796875 0.5890622515625 0.568750371875
33 0.690625165625 0.51093740625 0.6890622515625 0.51093740625 0.6890622515625 0.5125 0.6875 0.5140625937500001 0.6875 0.5281251859375 0.6859377484375 0.5296877796875 0.6859377484375 0.531250371875 0.684374834375 0.5328122203125 0.684374834375 0.55156259375 0.6859377484375 0.5531251859374999 0.6875 0.5531251859374999 0.6890622515625 0.5546877796875 0.721874834375 0.5546877796875 0.7234377484375 0.5531251859374999 0.7234377484375 0.5140625937500001 0.721874834375 0.5125 0.7203125828125 0.5125 0.7171874171875 0.5093748140625001 0.7171874171875 0.5078122203125 0.7125 0.5031251859375 0.69375033125 0.5031251859375 0.69375033125 0.506250371875 0.6921874171875 0.5078122203125 0.6921874171875 0.5093748140625001 0.690625165625 0.51093740625
25 0.27031258281250004 0.2625 0.27031258281250004 0.26406259374999996 0.2734377484375 0.2671877796875 0.275 0.2671877796875 0.28125033125 0.27343740625 0.2828125828125 0.27343740625 0.2890622515625 0.2796877796875 0.29062516562499996 0.2796877796875 0.29375033125 0.2828122203125 0.29375033125 0.2843748140625 0.2953125828125 0.28593740625 0.3015622515625 0.28593740625 0.30312516562499997 0.2875 0.30625033125 0.2875 0.3078125828125 0.28906259375 0.309374834375 0.28906259375 0.309374834375 0.2875 0.3109377484375 0.28593740625 0.3109377484375 0.2703122203125 0.30312516562499997 0.2625 0.3015622515625 0.2625 0.3 0.26093740625 0.2984377484375 0.26093740625 0.29375033125 0.256249628125 0.29062516562499996 0.256249628125 0.284374834375 0.25 0.2671874171875 0.25 0.2671874171875 0.256249628125 0.26875033125000003 0.2578122203125 0.26875033125000003 0.26093740625 0.27031258281250004 0.2625
25 0.21875033125 0.26093740625 0.21718741718749998 0.2625 0.2140622515625 0.2625 0.2078125828125 0.268750371875 0.20625033125 0.268750371875 0.20156225156250002 0.27343740625 0.2 0.27343740625 0.1984377484375 0.275 0.1953125828125 0.275 0.19218741718750001 0.2781251859375 0.19218741718750001 0.3 0.19375033125000002 0.29843740625000004 0.20625033125 0.29843740625000004 0.2078125828125 0.2968748140625 0.209374834375 0.2968748140625 0.2140622515625 0.2921877796875 0.21562516562499998 0.2921877796875 0.22187483437500002 0.28593740625 0.2234377484375 0.28593740625 0.225 0.2843748140625 0.2265622515625 0.2843748140625 0.23125033125 0.2796877796875 0.2328125828125 0.2796877796875 0.2390622515625 0.27343740625 0.24062516562499997 0.27343740625 0.24687483437500002 0.2671877796875 0.2484377484375 0.2671877796875 0.25 0.2656251859375 0.2515622515625 0.2656251859375 0.2546874171875 0.2625 0.2546874171875 0.26093740625 0.2578125828125 0.2578122203125 0.2578125828125 0.25 0.2328125828125 0.25 0.228125165625 0.2546877796875 0.2265622515625 0.2546877796875 0.22031258281250002 0.26093740625 0.21875033125 0.26093740625
25 0.4890622515625 0.3546877796875 0.4890622515625 0.30156259375 0.4765622515625 0.30156259375 0.4765622515625 0.356249628125 0.48125033124999994 0.356249628125 0.48281258281249995 0.3546877796875 0.4890622515625 0.3546877796875
25 0.2640622515625 0.2453122203125 0.265625165625 0.2453122203125 0.265625165625 0.243749628125 0.2671874171875 0.2421877796875 0.2671874171875 0.1531251859375 0.25625033125 0.1531251859375 0.25625033125 0.243749628125 0.25937483437500003 0.24687481406249998 0.2625 0.24687481406249998 0.2640622515625 0.2453122203125
12 0.2109377484375 0.55156259375 0.2125 0.55 0.2125 0.5484374062499999 0.2140622515625 0.5468748140625 0.2140622515625 0.49374962812499995 0.2125 0.49374962812499995 0.2109377484375 0.4921877796875 0.1609377484375 0.4921877796875 0.1609377484375 0.55156259375 0.1625 0.5531251859374999 0.2109377484375 0.5531251859374999 0.2109377484375 0.55156259375
7 0.6062503312499999 0.8421877796875 0.653125165625 0.8421877796875 0.659374834375 0.83593740625 0.659374834375 0.7828122203125 0.6578125828125 0.7828122203125 0.65625033125 0.781250371875 0.6515622515625 0.781250371875 0.65 0.7796877796875 0.6046874171875001 0.7796877796875 0.6031251656250001 0.781250371875 0.6031251656250001 0.8406251859375 0.6046874171875001 0.8406251859375 0.6062503312499999 0.8421877796875
12 0.6062503312499999 0.5531251859374999 0.6078125828125 0.5546877796875 0.6546874171875 0.5546877796875 0.65625033125 0.5531251859374999 0.6578125828125 0.5531251859374999 0.659374834375 0.55156259375 0.659374834375 0.49374962812499995 0.6578125828125 0.49374962812499995 0.6546874171875 0.4906251859375 0.6062503312499999 0.4906251859375 0.6046874171875001 0.4921877796875 0.6046874171875001 0.55 0.6062503312499999 0.55156259375 0.6062503312499999 0.5531251859374999
28 0.7015622515625 0.24843740625000002 0.7093748343749999 0.24843740625000002 0.7109377484375 0.24687481406249998 0.7109377484375 0.23593740625 0.7125 0.2343748140625 0.7125 0.225 0.7109377484375 0.22343740625000003 0.7109377484375 0.1828122203125 0.7125 0.181249628125 0.7125 0.175 0.7109377484375 0.17343740624999998 0.696874834375 0.17343740624999998 0.696874834375 0.2421877796875 0.7 0.2453122203125 0.7 0.24687481406249998 0.7015622515625 0.24843740625000002
25 0.340625165625 0.31406259375 0.3296874171875 0.31406259375 0.3296874171875 0.3906251859375 0.3359377484375 0.3906251859375 0.340625165625 0.38593740625 0.340625165625 0.31406259375
28 0.634374834375 0.6421877796875 0.6359377484375 0.6406251859375 0.6359377484375 0.58906259375 0.625 0.58906259375 0.625 0.6468748140625 0.63125033125 0.6468748140625 0.634374834375 0.6437496281249999 0.634374834375 0.6421877796875
15 0.6828125828125 0.69843740625 0.721874834375 0.69843740625 0.7265622515625 0.693749628125 0.7281251656250001 0.693749628125 0.7281251656250001 0.6921877796875 0.7296874171875001 0.6906251859375 0.7296874171875001 0.6828122203125 0.7312503312499999 0.681249628125 0.7312503312499999 0.65 0.7328125828125 0.64843740625 0.7328125828125 0.6390625937500001 0.7312503312499999 0.6375 0.7312503312499999 0.63593740625 0.7296874171875001 0.6343748140625001 0.678125165625 0.6343748140625001 0.678125165625 0.6921877796875 0.6796874171875 0.693749628125 0.6796874171875 0.6953122203125 0.6828125828125 0.69843740625
7 0.43437483437499996 0.406250371875 0.43437483437499996 0.4046877796875 0.4359377484375 0.40312518593749996 0.4359377484375 0.3453122203125 0.38125033125 0.3453122203125 0.38125033125 0.40312518593749996 0.3875 0.40937481406250004 0.43125033124999995 0.40937481406250004 0.43437483437499996 0.406250371875
14 0.3828125828125 0.6953122203125 0.3828125828125 0.6968748140625001 0.38437483437500003 0.69843740625 0.4234377484375 0.69843740625 0.425 0.7 0.42968741718750003 0.7 0.43125033124999995 0.69843740625 0.43437483437499996 0.69843740625 0.4359377484375 0.6968748140625001 0.4359377484375 0.6390625937500001 0.43437483437499996 0.6375 0.43281258281249996 0.6375 0.42968741718750003 0.6343748140625001 0.3828125828125 0.6343748140625001 0.3828125828125 0.63593740625 0.38125033125 0.6375 0.38125033125 0.693749628125 0.3828125828125 0.6953122203125
25 0.18125033125 0.3 0.18125033125 0.3546877796875 0.19218741718750001 0.3546877796875 0.19218741718750001 0.3 0.18125033125 0.3
8 0.459374834375 0.5531251859374999 0.4609377484375 0.5546877796875 0.5015622515625 0.5546877796875 0.503125165625 0.5531251859374999 0.5046874171875 0.5531251859374999 0.5109377484375 0.5468748140625 0.5109377484375 0.4953122203125 0.50625033125 0.4906251859375 0.45625033125 0.4906251859375 0.45468741718750005 0.4921877796875 0.45468741718750005 0.55 0.4578125828125 0.5531251859374999 0.459374834375 0.5531251859374999
16 0.53125033125 0.4078122203125 0.5328125828125 0.40937481406250004 0.578125165625 0.40937481406250004 0.5828125828124999 0.4046877796875 0.5843748343749999 0.4046877796875 0.5843748343749999 0.34843740625 0.5828125828124999 0.34843740625 0.5812503312499999 0.3468748140625 0.5812503312499999 0.3453122203125 0.53125033125 0.3453122203125 0.5296874171875 0.3468748140625 0.5296874171875 0.4046877796875 0.53125033125 0.406250371875 0.53125033125 0.4078122203125
9 0.3078125828125 0.8390625937499999 0.309374834375 0.8406251859375 0.3109377484375 0.8406251859375 0.3125 0.8421877796875 0.359374834375 0.8421877796875 0.3609377484375 0.8406251859375 0.3609377484375 0.7828122203125 0.359374834375 0.781250371875 0.3515622515625 0.781250371875 0.35 0.7796877796875 0.309374834375 0.7796877796875 0.30625033125 0.7828122203125 0.30625033125 0.83593740625 0.3078125828125 0.8375 0.3078125828125 0.8390625937499999
24 0.3578125828125 0.556249628125 0.35625033125 0.5578122203125 0.35625033125 0.5593748140625 0.35312516562499996 0.5625 0.3515622515625 0.5625 0.3453125828125 0.568750371875 0.340625165625 0.568750371875 0.3390622515625 0.5703122203125 0.3390622515625 0.58906259375 0.3453125828125 0.58906259375 0.346874834375 0.5875 0.3484377484375 0.5875 0.35 0.58593740625 0.35625033125 0.58593740625 0.3578125828125 0.5843748140625 0.359374834375 0.5843748140625 0.3640622515625 0.5796877796875 0.36562516562499997 0.5796877796875 0.3671874171875 0.5781251859375 0.3671874171875 0.5765625937500001 0.3703125828125 0.57343740625 0.375 0.57343740625 0.3765622515625 0.5718748140625001 0.378125165625 0.5718748140625001 0.378125165625 0.5703122203125 0.3796874171875 0.568750371875 0.38125033125 0.568750371875 0.3828125828125 0.5671877796875 0.38437483437500003 0.5671877796875 0.3859377484375 0.5656251859375 0.3859377484375 0.56406259375 0.3890622515625 0.56093740625 0.3921874171875 0.56093740625 0.39375033125000003 0.5593748140625 0.39375033125000003 0.5484374062499999 0.3734377484375 0.5484374062499999 0.371874834375 0.55 0.3703125828125 0.55 0.3640622515625 0.556249628125 0.3578125828125 0.556249628125
29 0.4265622515625 0.7421877796875 0.4265622515625 0.743749628125 0.425 0.7453122203125 0.425 0.75156259375 0.4234377484375 0.7531251859375 0.4234377484375 0.7546877796875 0.42031258281249995 0.7578122203125 0.42031258281249995 0.7593748140625001 0.41875033124999994 0.76093740625 0.41875033124999994 0.7625 0.4171874171875 0.7640625937500001 0.4171874171875 0.7656251859375 0.415625165625 0.7671877796875 0.415625165625 0.7921877796875 0.42031258281249995 0.7921877796875 0.42187483437499995 0.7937503718750001 0.4234377484375 0.7937503718750001 0.4265622515625 0.7968748140625 0.4359377484375 0.7968748140625 0.4375 0.7953122203125 0.4390622515625 0.7953122203125 0.44062516562500004 0.7937503718750001 0.44218741718750004 0.7937503718750001 0.44375033124999996 0.7921877796875 0.446874834375 0.7921877796875 0.4484377484375 0.7906251859375 0.4484377484375 0.78906259375 0.45312516562500005 0.7843748140625 0.45312516562500005 0.7828122203125 0.45625033125 0.7796877796875 0.4578125828125 0.7796877796875 0.459374834375 0.7781251859375 0.459374834375 0.7687496281249999 0.45468741718750005 0.7640625937500001 0.45468741718750005 0.7578122203125 0.45312516562500005 0.756249628125 0.4515622515625 0.756249628125 0.45 0.7546877796875 0.45 0.7531251859375 0.4484377484375 0.75156259375 0.4484377484375 0.7453122203125 0.446874834375 0.743749628125 0.446874834375 0.7421877796875 0.44375033124999996 0.73906259375 0.44218741718750004 0.73906259375 0.44062516562500004 0.7375 0.43437483437499996 0.7375 0.43281258281249996 0.73906259375 0.43125033124999995 0.73906259375 0.428125165625 0.7421877796875 0.4265622515625 0.7421877796875
27 0.48281258281249995 0.64843740625 0.48437483437499995 0.64843740625 0.48437483437499995 0.6468748140625 0.4859377484375 0.6453122203125 0.4859377484375 0.58906259375 0.478125165625 0.58906259375 0.478125165625 0.6453122203125 0.4796874171875 0.6468748140625 0.48125033124999994 0.6468748140625 0.48281258281249995 0.64843740625
15 0.2671874171875 0.406250371875 0.27031258281250004 0.406250371875 0.27187483437500004 0.4046877796875 0.2734377484375 0.406250371875 0.2828125828125 0.406250371875 0.2859377484375 0.40312518593749996 0.2859377484375 0.3468748140625 0.2828125828125 0.343750371875 0.23593774843749998 0.343750371875 0.234374834375 0.3453122203125 0.234374834375 0.40937481406250004 0.2640622515625 0.40937481406250004 0.2671874171875 0.406250371875
31 0.4640622515625 0.368749628125 0.4625 0.3703122203125 0.4625 0.4078122203125 0.465625165625 0.41093740624999997 0.49687483437499996 0.41093740624999997 0.5046874171875 0.40312518593749996 0.5046874171875 0.3718748140625 0.49218741718750003 0.3593748140625 0.49218741718750003 0.3578122203125 0.475 0.3578122203125 0.46875033125 0.36406259375 0.46875033125 0.36562518593750004 0.465625165625 0.368749628125 0.4640622515625 0.368749628125
30 0.39375033125000003 0.8 0.3921874171875 0.8015625937499999 0.3921874171875 0.8031251859375 0.3875 0.8078122203125 0.3875 0.8390625937499999 0.390625165625 0.8421877796875 0.42187483437499995 0.8421877796875 0.4234377484375 0.8406251859375 0.425 0.8406251859375 0.425 0.8390625937499999 0.4265622515625 0.8375 0.428125165625 0.8375 0.428125165625 0.83593740625 0.42968741718750003 0.8343748140624999 0.42968741718750003 0.8078122203125 0.4234377484375 0.8015625937499999 0.4234377484375 0.8 0.4171874171875 0.7937503718750001 0.4171874171875 0.7921877796875 0.415625165625 0.7906251859375 0.4 0.7906251859375 0.39687483437500004 0.7937503718750001 0.39531258281250004 0.7937503718750001 0.39375033125000003 0.7953122203125 0.39375033125000003 0.8
10 0.45975761562499995 0.2619642328125 0.46131986718749995 0.263526825 0.46288278125 0.263526825 0.4644450328125 0.26508941875 0.50038278125 0.26508941875 0.5019450328125 0.263526825 0.50663245 0.263526825 0.5081953640625 0.2619642328125 0.5113198671875 0.2619642328125 0.51288278125 0.2604016390625 0.51288278125 0.20727645312499998 0.5113198671875 0.205713859375 0.5113198671875 0.2041512671875 0.509757615625 0.20258941875 0.45819536406249994 0.20258941875 0.45663245 0.2041512671875 0.45663245 0.2604016390625 0.45819536406249994 0.2619642328125 0.45975761562499995 0.2619642328125
24 0.266225165625 0.50223546875 0.26887417187499996 0.5 0.26887417187499996 0.44932935937499996 0.26225165625 0.44411326406249996 0.2529801328125 0.44858420312499997 0.2529801328125 0.49925484375 0.25430463593749997 0.5014903125 0.26225165625 0.5 0.266225165625 0.50223546875
24 0.3350993375 0.587928465625 0.32715231718750004 0.5953800296875 0.3278145703125 0.6460506703125 0.34238410625000004 0.6453055140624999 0.3430463578125 0.5938897171875 0.3350993375 0.587928465625
30 0.358940396875 0.689269746875 0.353642384375 0.66020864375 0.33774834375 0.6453055140624999 0.331125828125 0.6460506703125 0.3158940390625 0.66020864375 0.31258278125 0.6766020859374999 0.3119205296875 0.690760059375 0.32384105937499996 0.70119225 0.3483443703125 0.70119225 0.358940396875 0.689269746875
24 0.41125827812500004 0.7771982109375 0.4105960265625 0.771236959375 0.4192052984375 0.75782414375 0.41721854374999995 0.7414307 0.41125827812500004 0.7339791359375 0.40728476875 0.7339791359375 0.401324503125 0.73919523125 0.401324503125 0.7868852453125 0.4145695359375 0.7906110281250001 0.41523178749999995 0.77943368125 0.41125827812500004 0.7771982109375
11 0.3430463578125 0.5543964234375001 0.356291390625 0.5536512671875 0.3615894046875 0.550670640625 0.363576159375 0.5461997015625 0.363576159375 0.49776453125 0.3596026484375 0.491058121875 0.3132450328125 0.490312965625 0.3079470203125 0.49776453125 0.3079470203125 0.5461997015625 0.309933775 0.551415796875 0.31390728437500004 0.5536512671875 0.3430463578125 0.5543964234375001
13 0.331125828125 0.2570789859375 0.341059603125 0.25931445625 0.3450331125 0.26602086406250003 0.356291390625 0.26602086406250003 0.3629139078125 0.261549925 0.3642384109375 0.2235469453125 0.363576159375 0.20715350156249998 0.3609271515625 0.20342772031249998 0.31390728437500004 0.20193740624999998 0.309933775 0.20342772031249998 0.3079470203125 0.20864381562499998 0.30728476875 0.248882265625 0.309933775 0.2637853953125 0.321192053125 0.267511178125 0.331125828125 0.2570789859375
13 0.58013245 0.698211625 0.5854304640625 0.6944858421875 0.5867549671875001 0.6467958265625 0.583443709375 0.6363636359375 0.5357615890625 0.6356184796875 0.5304635765625 0.6400894187499999 0.5304635765625 0.6929955296875 0.53245033125 0.6959761546875 0.5430463578125 0.6997019375 0.58013245 0.698211625
8 0.2867549671875 0.6959761546875 0.2894039734375 0.6751117734375 0.2894039734375 0.6453055140624999 0.2867549671875 0.6371087921874999 0.28211920468749996 0.6348733234374999 0.23708609218749999 0.6356184796875 0.23311258281249997 0.6400894187499999 0.233774834375 0.6937406859374999 0.243708609375 0.6997019375 0.2867549671875 0.6959761546875
18 0.5218748343749999 0.86093740625 0.5218748343749999 0.9406251859375001 0.5796874171875 0.9406251859375001 0.5796874171875 0.86093740625 0.5218748343749999 0.86093740625
18 0.28125033125 0.00156259375 0.2265622515625 0.00156259375 0.2265622515625 0.075 0.278125165625 0.075 0.28125033125 0.0718748140625 0.28125033125 0.00156259375
18 0.8015622515624999 0.2171877796875 0.8015622515624999 0.13593740625 0.74375033125 0.13593740625 0.74375033125 0.1375 0.7421874171875 0.13906259375000002 0.7421874171875 0.2171877796875 0.8015622515624999 0.2171877796875
18 0.075 0.2828122203125 0.075 0.3671877796875 0.1359377484375 0.3671877796875 0.1359377484375 0.2828122203125 0.075 0.2828122203125
19 0.8953125828124999 0.42343740625 0.8953125828124999 0.5046877796875 0.9468748343750001 0.5046877796875 0.9468748343750001 0.42343740625 0.8953125828124999 0.42343740625
21 0.5201119203125 0 0.5201119203125 0.07031222031249999 0.577924503125 0.07031222031249999 0.577924503125 0.06874962812499999 0.5794867546875 0.0671877796875 0.5794867546875 0 0.5201119203125 0
20 0.225 0.86093740625 0.225 0.9421877796875 0.284374834375 0.9421877796875 0.284374834375 0.86093740625 0.225 0.86093740625
22 0.1328125828125 0.64843740625 0.1328125828125 0.57343740625 0.078125165625 0.57343740625 0.078125165625 0.65 0.128125165625 0.65 0.12968741718750001 0.64843740625 0.1328125828125 0.64843740625