28 0.32536740000000003 0.42647027499999995 0.3235291078125 0.4283086890625 0.3235291078125 0.43014710312500004 0.31985316875 0.43382317031250006 0.316176584375 0.43382317031250006 0.3143382921875 0.43566158593750004 0.3125 0.43566158593750004 0.3106617078125 0.4375 0.308823415625 0.4375 0.308823415625 0.45772027499999995 0.3180148765625 0.45772027499999995 0.31985316875 0.455882621875 0.32169146249999997 0.455882621875 0.3235291078125 0.45404420781250004 0.32536740000000003 0.45404420781250004 0.33272056875 0.4466913109375 0.3345588609375 0.4466913109375 0.3400737390625 0.4411760671875 0.34191203125 0.4411760671875 0.3437503234375 0.43933841406249996 0.349264553125 0.43933841406249996 0.35110284531249997 0.4375 0.35110284531249997 0.43566158593750004 0.35477943125 0.43198551875 0.35845601562499996 0.43198551875 0.35845601562499996 0.4154413109375 0.3566177234375 0.41727972500000005 0.35477943125 0.41727972500000005 0.3529411390625 0.4154413109375 0.34558796875 0.4154413109375 0.34191203125 0.419117378125 0.3400737390625 0.419117378125 0.33272056875 0.42647027499999995 0.32536740000000003 0.42647027499999995
17 0.691176584375 0.59375 0.6893382921875 0.5955884140625 0.6856617078125 0.5955884140625 0.6764702453125 0.604779725 0.6764702453125 0.61948551875 0.6746326 0.6213231703125001 0.6746326 0.6231615859375 0.6727943078124999 0.625 0.6709560156250001 0.625 0.6691177234375 0.6268384140625 0.66727943125 0.6268384140625 0.6636028453125 0.63051448125 0.661764553125 0.63051448125 0.6599262609375 0.632352896875 0.6562503234375 0.632352896875 0.6525737390625 0.636029725 0.6525737390625 0.7003673781249999 0.6544120312499999 0.7022057921875 0.6544120312499999 0.7040442078125 0.6562503234375 0.7058826218750001 0.6562503234375 0.707720275 0.6580879687500001 0.7095586890625001 0.6599262609375 0.7095586890625001 0.661764553125 0.711397103125 0.6654411390625 0.711397103125 0.66727943125 0.71323551875 0.6691177234375 0.71323551875 0.6727943078124999 0.7169115859375 0.6746326 0.7169115859375 0.6764702453125 0.71875 0.6819851234375001 0.71875 0.683823415625 0.7205884140625 0.6856617078125 0.7205884140625 0.6893382921875 0.72426448125 0.691176584375 0.72426448125 0.6930148765624999 0.726102896875 0.69485316875 0.726102896875 0.6966914625 0.72426448125 0.7003674 0.72426448125 0.7022056921875001 0.7224260671875 0.70772056875 0.7224260671875 0.7113971546875 0.71875 0.713235446875 0.71875 0.7150737390625 0.7169115859375 0.7187503234375 0.7169115859375 0.7205879687500001 0.71875 0.746323415625 0.71875 0.75 0.7224260671875 0.7555148765624999 0.7224260671875 0.75735316875 0.7205884140625 0.7591914625 0.7205884140625 0.7610297546875 0.71875 0.7665439843749999 0.71875 0.7738971546875 0.711397103125 0.775735446875 0.711397103125 0.7775737390625 0.7095586890625001 0.7794120312499999 0.7095586890625001 0.7794120312499999 0.7058826218750001 0.7775737390625 0.7040442078125 0.7775737390625 0.6397057921875 0.7794120312499999 0.6378673781249999 0.7794120312499999 0.6341913109374999 0.775735446875 0.63051448125 0.7738971546875 0.63051448125 0.7720588609375 0.6286760671875 0.7720588609375 0.6268384140625 0.7683822765625 0.6231615859375 0.7683822765625 0.6213231703125001 0.7647056921875001 0.617647103125 0.7647056921875001 0.613970275 0.7628674 0.6121326218750001 0.7628674 0.6084557921875 0.7610297546875 0.6066173781249999 0.7610297546875 0.604779725 0.7591914625 0.604779725 0.75735316875 0.6029413109374999 0.7555148765624999 0.6029413109374999 0.75 0.5974260671875 0.7481617078125 0.5974260671875 0.746323415625 0.5955884140625 0.7444851234375001 0.5955884140625 0.7389702453125 0.5900731703125001 0.7371326 0.5900731703125001 0.7352943078124999 0.58823551875 0.7316177234375 0.58823551875 0.7261028453125 0.582720275 0.7058822765625 0.582720275 0.7003674 0.58823551875 0.6985297546875 0.58823551875 0.6930148765624999 0.59375 0.691176584375 0.59375
17 0.3474262609375 0.7279413109374999 0.34558796875 0.729779725 0.3437503234375 0.729779725 0.3400737390625 0.7334557921875 0.338235446875 0.7334557921875 0.33639715468750003 0.7352942078125 0.3345588609375 0.7352942078125 0.33272056875 0.7371326218750001 0.3308822765625 0.7371326218750001 0.3308822765625 0.738970275 0.3272056921875 0.742647103125 0.32536740000000003 0.742647103125 0.3235291078125 0.74448551875 0.32169146249999997 0.74448551875 0.32169146249999997 0.7628673781249999 0.31985316875 0.7647057921875 0.31985316875 0.7665442078125 0.308823415625 0.7775731703125001 0.3069851234375 0.7775731703125001 0.30514683125 0.7794115859375 0.29595601562499996 0.7794115859375 0.2941177234375 0.78125 0.2941177234375 0.856617378125 0.29595601562499996 0.8584557921875 0.29963259999999997 0.8584557921875 0.3014708921875 0.8602942078125 0.30330853750000003 0.8602942078125 0.3069851234375 0.863970275 0.308823415625 0.863970275 0.3106617078125 0.8658086890625001 0.3125 0.8658086890625001 0.316176584375 0.86948551875 0.316176584375 0.8713231703125001 0.3180148765625 0.8731615859374999 0.32536740000000003 0.8731615859374999 0.33272056875 0.88051448125 0.3345588609375 0.88051448125 0.338235446875 0.8841913109374999 0.338235446875 0.886029725 0.3400737390625 0.887867378125 0.3437503234375 0.887867378125 0.34558796875 0.8897057921875 0.3474262609375 0.8897057921875 0.35110284531249997 0.893382621875 0.3529411390625 0.893382621875 0.35477943125 0.895220275 0.3639708921875 0.895220275 0.3694851234375 0.8897057921875 0.371323415625 0.8897057921875 0.3731617078125 0.887867378125 0.378676584375 0.887867378125 0.3805148765625 0.886029725 0.3805148765625 0.8841913109374999 0.38419146249999997 0.88051448125 0.38786740000000003 0.88051448125 0.39154398437500004 0.8768384140625001 0.3933822765625 0.8768384140625001 0.3970588609375 0.8731615859374999 0.400735446875 0.8731615859374999 0.40257373906250005 0.8713231703125001 0.40257373906250005 0.86948551875 0.40441203124999997 0.8676471031249999 0.4062503234375 0.8676471031249999 0.40808796875000003 0.8658086890625001 0.40992626093749995 0.8658086890625001 0.411764553125 0.863970275 0.4136028453125 0.863970275 0.41727943125 0.8602942078125 0.4191177234375 0.8602942078125 0.420956015625 0.8584557921875 0.42279430781249994 0.8584557921875 0.4264708921875 0.854779725 0.4264708921875 0.8511028968750001 0.4283085375 0.84926448125 0.4283085375 0.8400731703125001 0.4264708921875 0.83823551875 0.4264708921875 0.8216913109374999 0.42463259999999997 0.8198528968750001 0.42463259999999997 0.8161760671874999 0.4264708921875 0.8143384140625001 0.4264708921875 0.773897103125 0.4283085375 0.7720586890625001 0.4283085375 0.7647057921875 0.4264708921875 0.7647057921875 0.42463259999999997 0.7628673781249999 0.42463259999999997 0.761029725 0.42279430781249994 0.7591913109374999 0.420956015625 0.7591913109374999 0.4191177234375 0.757352896875 0.41727943125 0.757352896875 0.4154411390625 0.75551448125 0.4136028453125 0.75551448125 0.40808796875000003 0.75 0.40441203124999997 0.75 0.39889715468750003 0.74448551875 0.3970588609375 0.74448551875 0.39522056875 0.742647103125 0.39154398437500004 0.742647103125 0.3860291078125 0.7371326218750001 0.38419146249999997 0.7371326218750001 0.38235316875 0.7352942078125 0.3805148765625 0.7352942078125 0.3731617078125 0.7279413109374999 0.3731617078125 0.726102896875 0.371323415625 0.72426448125 0.3566177234375 0.72426448125 0.35477943125 0.726102896875 0.3529411390625 0.726102896875 0.35110284531249997 0.7279413109374999 0.3474262609375 0.7279413109374999
37 0.27941203125 0.28860289687499996 0.275735446875 0.292279725 0.27389715468750003 0.292279725 0.2720588609375 0.294117378125 0.2683822765625 0.294117378125 0.26286740000000003 0.299632621875 0.2610291078125 0.299632621875 0.25919146249999997 0.301470275 0.25735316875 0.301470275 0.2555148765625 0.30330868906249997 0.253676584375 0.30330868906249997 0.24816170781250002 0.3088231703125 0.2444851234375 0.3088231703125 0.23713259999999997 0.3161768296875 0.2352943078125 0.3161768296875 0.2316177234375 0.31985289687499996 0.22977943125000003 0.31985289687499996 0.22610284531249997 0.323529725 0.224264553125 0.323529725 0.224264553125 0.4154413109375 0.22610284531249997 0.41727972500000005 0.2316177234375 0.41727972500000005 0.23345601562499999 0.419117378125 0.2352943078125 0.419117378125 0.2389708921875 0.42279420781250004 0.24264683125 0.42279420781250004 0.2444851234375 0.424632621875 0.24816170781250002 0.424632621875 0.253676584375 0.43014710312500004 0.25735316875 0.43014710312500004 0.25919146249999997 0.43198551875 0.2849262609375 0.43198551875 0.286764553125 0.43014710312500004 0.2977943078125 0.43014710312500004 0.29963259999999997 0.43198551875 0.3143382921875 0.43198551875 0.316176584375 0.43014710312500004 0.31985316875 0.43014710312500004 0.3235291078125 0.42647027499999995 0.32536740000000003 0.42647027499999995 0.3272056921875 0.424632621875 0.3308822765625 0.424632621875 0.33272056875 0.42279420781250004 0.3345588609375 0.42279420781250004 0.3400737390625 0.41727972500000005 0.3474262609375 0.41727972500000005 0.349264553125 0.4154413109375 0.35110284531249997 0.4154413109375 0.35110284531249997 0.40073551875 0.3529411390625 0.39889710312500004 0.3529411390625 0.3290442078125 0.35110284531249997 0.3272057921875 0.35110284531249997 0.325367378125 0.34191203125 0.3161768296875 0.3400737390625 0.3161768296875 0.338235446875 0.31433841406249996 0.33639715468750003 0.31433841406249996 0.33272056875 0.31066158593750004 0.3308822765625 0.31066158593750004 0.32904398437500004 0.3088231703125 0.3272056921875 0.3088231703125 0.32169146249999997 0.30330868906249997 0.31985316875 0.30330868906249997 0.3180148765625 0.301470275 0.316176584375 0.301470275 0.3143382921875 0.299632621875 0.3125 0.299632621875 0.3069851234375 0.294117378125 0.30514683125 0.294117378125 0.2977943078125 0.28676448125 0.29595601562499996 0.28676448125 0.2941177234375 0.2849268296875 0.28860284531249997 0.2849268296875 0.286764553125 0.28676448125 0.28308796875 0.28676448125 0.2812503234375 0.28860289687499996 0.27941203125 0.28860289687499996
36 0.628676584375 0.1525731703125 0.6268382921875 0.1525731703125 0.625 0.15441158593749998 0.6194851234375001 0.15441158593749998 0.6139708921875 0.1599268296875 0.6121326 0.1599268296875 0.6102943078124999 0.16176448125 0.60477943125 0.16176448125 0.5974262609375 0.169117378125 0.5937503234375 0.169117378125 0.5919120312499999 0.1709557921875 0.5900737390625 0.1709557921875 0.588235446875 0.1727942078125 0.588235446875 0.174632621875 0.5863971546875 0.176470275 0.5863971546875 0.1783086890625 0.5845588609375 0.18014710312499999 0.5863971546875 0.18198551875 0.5863971546875 0.198529725 0.5845588609375 0.200367378125 0.5845588609375 0.207720275 0.58272056875 0.2095586890625 0.58272056875 0.24448551875 0.5863971546875 0.2481615859375 0.5863971546875 0.25 0.588235446875 0.25183841406249996 0.588235446875 0.2536768296875 0.5900737390625 0.25551448125 0.5919120312499999 0.25551448125 0.5937503234375 0.25735289687499996 0.5955879687500001 0.25735289687499996 0.60477943125 0.2665442078125 0.60477943125 0.268382621875 0.6084560156250001 0.27205868906249997 0.6084560156250001 0.2849268296875 0.6102943078124999 0.28676448125 0.6102943078124999 0.29044131093750003 0.6121326 0.29044131093750003 0.6139708921875 0.292279725 0.61764683125 0.292279725 0.6194851234375001 0.294117378125 0.621323415625 0.294117378125 0.6268382921875 0.299632621875 0.6305148765624999 0.299632621875 0.6341914625 0.30330868906249997 0.6360291078125 0.30330868906249997 0.6378674 0.30514710312500004 0.6397056921875001 0.30514710312500004 0.6415439843749999 0.30698551875 0.6488971546875 0.30698551875 0.650735446875 0.30514710312500004 0.6525737390625 0.30514710312500004 0.6525737390625 0.30330868906249997 0.6544120312499999 0.301470275 0.6562503234375 0.301470275 0.6580879687500001 0.299632621875 0.6654411390625 0.299632621875 0.66727943125 0.2977942078125 0.66727943125 0.2959557921875 0.6709560156250001 0.292279725 0.6746326 0.292279725 0.6764702453125 0.29044131093750003 0.6783085375 0.29044131093750003 0.6819851234375001 0.28676448125 0.683823415625 0.28676448125 0.6856617078125 0.2849268296875 0.6930148765624999 0.2849268296875 0.7003674 0.2775731703125 0.7022056921875001 0.2775731703125 0.7113971546875 0.268382621875 0.7113971546875 0.18014710312499999 0.7022056921875001 0.1709557921875 0.7003674 0.1709557921875 0.6985297546875 0.169117378125 0.69485316875 0.169117378125 0.6875 0.16176448125 0.683823415625 0.16176448125 0.6819851234375001 0.1599268296875 0.68014683125 0.1599268296875 0.6764702453125 0.15625 0.6746326 0.15625 0.6727943078124999 0.15441158593749998 0.6709560156250001 0.15441158593749998 0.6636028453125 0.1470586890625 0.6599262609375 0.1470586890625 0.6580879687500001 0.145220275 0.6562503234375 0.145220275 0.650735446875 0.1397057921875 0.6415439843749999 0.1397057921875 0.63235316875 0.14889710312499999 0.6305148765624999 0.14889710312499999 0.6305148765624999 0.15073551875 0.628676584375 0.1525731703125
37 0.6231617078125 0.7352942078125 0.621323415625 0.7371326218750001 0.6194851234375001 0.7371326218750001 0.6139708921875 0.742647103125 0.6121326 0.742647103125 0.6102943078124999 0.74448551875 0.6084560156250001 0.74448551875 0.60477943125 0.7481615859375 0.6029411390625 0.7481615859375 0.6011028453125 0.75 0.5974262609375 0.75 0.5955879687500001 0.7518384140625 0.5937503234375 0.7518384140625 0.5900737390625 0.75551448125 0.588235446875 0.75551448125 0.5863971546875 0.757352896875 0.5845588609375 0.757352896875 0.58272056875 0.7591913109374999 0.58272056875 0.8216913109374999 0.5845588609375 0.8216913109374999 0.588235446875 0.825367378125 0.588235446875 0.8272057921875 0.5900737390625 0.8290442078125 0.5900737390625 0.830882621875 0.5937503234375 0.8345586890625001 0.5937503234375 0.8363971031249999 0.5955879687500001 0.83823551875 0.5955879687500001 0.8676471031249999 0.5974262609375 0.86948551875 0.5974262609375 0.8713231703125001 0.599264553125 0.8713231703125001 0.6011028453125 0.8731615859374999 0.6066177234375 0.8731615859374999 0.6139708921875 0.88051448125 0.6194851234375001 0.88051448125 0.6268382921875 0.887867378125 0.6305148765624999 0.887867378125 0.6360291078125 0.893382621875 0.6378674 0.893382621875 0.6397056921875001 0.895220275 0.650735446875 0.895220275 0.6525737390625 0.893382621875 0.6544120312499999 0.893382621875 0.6580879687500001 0.8897057921875 0.6599262609375 0.8897057921875 0.661764553125 0.887867378125 0.6654411390625 0.887867378125 0.66727943125 0.886029725 0.66727943125 0.8841913109374999 0.6709560156250001 0.88051448125 0.6727943078124999 0.88051448125 0.6746326 0.8786760671874999 0.6764702453125 0.8786760671874999 0.68014683125 0.875 0.6819851234375001 0.875 0.683823415625 0.8731615859374999 0.6875 0.8731615859374999 0.6893382921875 0.8713231703125001 0.6893382921875 0.86948551875 0.6930148765624999 0.8658086890625001 0.6966914625 0.8658086890625001 0.6985297546875 0.863970275 0.7003674 0.863970275 0.7058822765625 0.8584557921875 0.7095588609375 0.8584557921875 0.7113971546875 0.856617378125 0.7113971546875 0.7959557921875 0.713235446875 0.7941173781249999 0.713235446875 0.7794115859375 0.70772056875 0.7794115859375 0.7040439843749999 0.77573551875 0.7040439843749999 0.773897103125 0.7022056921875001 0.7720586890625001 0.7003674 0.7720586890625001 0.6966914625 0.7683826218750001 0.6966914625 0.7647057921875 0.69485316875 0.7628673781249999 0.69485316875 0.761029725 0.6930148765624999 0.7591913109374999 0.6930148765624999 0.757352896875 0.691176584375 0.75551448125 0.691176584375 0.7536760671875 0.68014683125 0.742647103125 0.6709560156250001 0.742647103125 0.66727943125 0.738970275 0.66727943125 0.7371326218750001 0.6654411390625 0.7352942078125 0.6636028453125 0.7352942078125 0.6580879687500001 0.729779725 0.6562503234375 0.729779725 0.6544120312499999 0.7279413109374999 0.6488971546875 0.7279413109374999 0.6470588609375 0.726102896875 0.6397056921875001 0.726102896875 0.6378674 0.7279413109374999 0.6341914625 0.7279413109374999 0.6268382921875 0.7352942078125 0.6231617078125 0.7352942078125
17 0.483456015625 0.14889710312499999 0.47977943125 0.1525731703125 0.4779411390625 0.1525731703125 0.4761028453125 0.15441158593749998 0.474264553125 0.15441158593749998 0.46691203124999997 0.16176448125 0.463235446875 0.16176448125 0.4613971546875 0.16360289687500001 0.4595588609375 0.16360289687500001 0.454043984375 0.169117378125 0.4485291078125 0.169117378125 0.4466914625 0.1709557921875 0.4430148765625 0.1709557921875 0.4430148765625 0.1727942078125 0.44117658437499996 0.174632621875 0.44117658437499996 0.238970275 0.4430148765625 0.2408086890625 0.44485316875 0.2408086890625 0.4485291078125 0.24448551875 0.4485291078125 0.2463231703125 0.4558822765625 0.2536768296875 0.4558822765625 0.28308841406249996 0.45772056875 0.2849268296875 0.4595588609375 0.2849268296875 0.46507373906250005 0.29044131093750003 0.46691203124999997 0.29044131093750003 0.4687503234375 0.292279725 0.474264553125 0.292279725 0.4779411390625 0.2959557921875 0.4779411390625 0.2977942078125 0.47977943125 0.299632621875 0.48529430781249994 0.299632621875 0.48713259999999997 0.301470275 0.4889708921875 0.301470275 0.4944851234375 0.30698551875 0.5110291078125 0.30698551875 0.5165439843749999 0.301470275 0.5183822765625 0.301470275 0.52022056875 0.299632621875 0.525735446875 0.299632621875 0.5330879687500001 0.292279725 0.5386028453125 0.292279725 0.54227943125 0.28860289687499996 0.54227943125 0.28676448125 0.5441177234375 0.2849268296875 0.5441177234375 0.27573551875 0.54227943125 0.27389710312500004 0.54227943125 0.2536768296875 0.5441177234375 0.25183841406249996 0.5441177234375 0.2481615859375 0.5514708921875 0.2408086890625 0.5533085375 0.2408086890625 0.5643382921875 0.229779725 0.5643382921875 0.1783086890625 0.55514683125 0.169117378125 0.5514708921875 0.169117378125 0.5459560156250001 0.16360289687500001 0.5441177234375 0.16360289687500001 0.54227943125 0.16176448125 0.5386028453125 0.16176448125 0.5349262609375 0.15808841406250002 0.5349262609375 0.15625 0.5330879687500001 0.15441158593749998 0.5312503234375 0.15441158593749998 0.525735446875 0.14889710312499999 0.5238971546875 0.14889710312499999 0.5220588609375 0.1470586890625 0.52022056875 0.1470586890625 0.5183822765625 0.145220275 0.5147056921875001 0.145220275 0.5128674 0.1470586890625 0.48713259999999997 0.1470586890625 0.48529430781249994 0.14889710312499999 0.483456015625 0.14889710312499999
36 0.42463259999999997 0.5900731703125001 0.42279430781249994 0.5919115859375 0.420956015625 0.5919115859375 0.4191177234375 0.5900731703125001 0.411764553125 0.5900731703125001 0.40992626093749995 0.5919115859375 0.40808796875000003 0.5919115859375 0.4062503234375 0.59375 0.400735446875 0.59375 0.39889715468750003 0.5955884140625 0.39154398437500004 0.5955884140625 0.3897056921875 0.5974260671875 0.3897056921875 0.6213231703125001 0.38419146249999997 0.6268384140625 0.38235316875 0.6268384140625 0.38235316875 0.6286760671875 0.3805148765625 0.63051448125 0.378676584375 0.63051448125 0.3768382921875 0.632352896875 0.3731617078125 0.632352896875 0.371323415625 0.6341913109374999 0.3694851234375 0.6341913109374999 0.3694851234375 0.636029725 0.36764683125 0.6378673781249999 0.36764683125 0.711397103125 0.3768382921875 0.711397103125 0.38419146249999997 0.71875 0.3860291078125 0.71875 0.3933822765625 0.726102896875 0.400735446875 0.726102896875 0.40441203124999997 0.729779725 0.40441203124999997 0.7316173781249999 0.4062503234375 0.7316173781249999 0.4136028453125 0.738970275 0.4154411390625 0.738970275 0.41727943125 0.7408086890625001 0.42279430781249994 0.7408086890625001 0.4283085375 0.7463231703125001 0.43014683125 0.7463231703125001 0.43566170781249997 0.7408086890625001 0.4375 0.7408086890625001 0.43933829218750003 0.738970275 0.44117658437499996 0.738970275 0.4466914625 0.7334557921875 0.45036740000000003 0.7334557921875 0.45772056875 0.726102896875 0.4595588609375 0.726102896875 0.4613971546875 0.72426448125 0.463235446875 0.72426448125 0.46507373906250005 0.7224260671875 0.46691203124999997 0.7224260671875 0.47242626093749995 0.7169115859375 0.474264553125 0.7169115859375 0.474264553125 0.7150731703125001 0.4761028453125 0.71323551875 0.4761028453125 0.711397103125 0.4779411390625 0.7095586890625001 0.4779411390625 0.707720275 0.4816177234375 0.7040442078125 0.4816177234375 0.7022057921875 0.483456015625 0.7003673781249999 0.483456015625 0.6856615859375 0.48529430781249994 0.6838231703125001 0.48529430781249994 0.68198551875 0.4889708921875 0.6783086890625001 0.4889708921875 0.676470275 0.4908085375 0.6746326218750001 0.4908085375 0.6654413109374999 0.49264683125 0.663602896875 0.49264683125 0.66176448125 0.4908085375 0.6599260671875 0.4908085375 0.65625 0.49264683125 0.6544115859375 0.49264683125 0.6470586890625001 0.4908085375 0.645220275 0.4908085375 0.617647103125 0.4889708921875 0.6158086890625001 0.4889708921875 0.6121326218750001 0.48529430781249994 0.6121326218750001 0.483456015625 0.6102942078125 0.47977943125 0.6102942078125 0.4779411390625 0.6084557921875 0.4761028453125 0.6084557921875 0.47242626093749995 0.604779725 0.4687503234375 0.604779725 0.46507373906250005 0.601102896875 0.463235446875 0.601102896875 0.4595588609375 0.5974260671875 0.45772056875 0.5974260671875 0.4558822765625 0.5955884140625 0.454043984375 0.5955884140625 0.45220569218750006 0.59375 0.45036740000000003 0.59375 0.4466914625 0.5900731703125001 0.4430148765625 0.5900731703125001 0.44117658437499996 0.58823551875 0.43933829218750003 0.58823551875 0.43566170781249997 0.5845586890625001 0.43014683125 0.5845586890625001 0.4283085375 0.586397103125 0.4283085375 0.58823551875 0.4264708921875 0.5900731703125001 0.42463259999999997 0.5900731703125001
4 0.33639715468750003 0.625 0.338235446875 0.6268384140625 0.338235446875 0.6286760671875 0.3400737390625 0.63051448125 0.378676584375 0.63051448125 0.3805148765625 0.6286760671875 0.3805148765625 0.6268384140625 0.38419146249999997 0.6231615859375 0.3860291078125 0.6231615859375 0.38786740000000003 0.6213231703125001 0.38786740000000003 0.604779725 0.3860291078125 0.6029413109374999 0.38235316875 0.6029413109374999 0.3768382921875 0.5974260671875 0.375 0.5974260671875 0.3731617078125 0.5955884140625 0.371323415625 0.5955884140625 0.36580853750000003 0.5900731703125001 0.36580853750000003 0.582720275 0.3639708921875 0.5808826218750001 0.36213259999999997 0.5808826218750001 0.35845601562499996 0.5772057921875 0.35845601562499996 0.5753673781249999 0.3602943078125 0.573529725 0.34191203125 0.573529725 0.33272056875 0.582720275 0.33272056875 0.61948551875 0.33639715468750003 0.6231615859375 0.33639715468750003 0.625
36 0.33272056875 0.1525731703125 0.3308822765625 0.15441158593749998 0.32904398437500004 0.15441158593749998 0.3235291078125 0.1599268296875 0.32169146249999997 0.1599268296875 0.31985316875 0.16176448125 0.3180148765625 0.16176448125 0.316176584375 0.16360289687500001 0.316176584375 0.1654413109375 0.3125 0.169117378125 0.308823415625 0.169117378125 0.3069851234375 0.1709557921875 0.30514683125 0.1709557921875 0.29595601562499996 0.18014710312499999 0.29595601562499996 0.270220275 0.2977943078125 0.270220275 0.30330853750000003 0.27573551875 0.30514683125 0.27573551875 0.3069851234375 0.2775731703125 0.3106617078125 0.2775731703125 0.3180148765625 0.2849268296875 0.32536740000000003 0.2849268296875 0.3272056921875 0.28676448125 0.32904398437500004 0.28676448125 0.3308822765625 0.28860289687499996 0.3308822765625 0.29044131093750003 0.33272056875 0.292279725 0.3345588609375 0.292279725 0.338235446875 0.2959557921875 0.338235446875 0.2977942078125 0.3400737390625 0.299632621875 0.34558796875 0.299632621875 0.3474262609375 0.301470275 0.349264553125 0.301470275 0.35477943125 0.30698551875 0.36580853750000003 0.30698551875 0.36764683125 0.30514710312500004 0.3694851234375 0.30514710312500004 0.375 0.299632621875 0.378676584375 0.299632621875 0.3860291078125 0.292279725 0.3933822765625 0.292279725 0.39522056875 0.29044131093750003 0.3970588609375 0.29044131093750003 0.400735446875 0.28676448125 0.40257373906250005 0.28676448125 0.4062503234375 0.28308841406249996 0.40808796875000003 0.28308841406249996 0.40808796875000003 0.27573551875 0.40992626093749995 0.27389710312500004 0.40992626093749995 0.2481615859375 0.411764553125 0.2463231703125 0.411764553125 0.24448551875 0.41727943125 0.238970275 0.41727943125 0.237132621875 0.42279430781249994 0.231617378125 0.42279430781249994 0.1783086890625 0.41727943125 0.1727942078125 0.41727943125 0.1709557921875 0.4154411390625 0.169117378125 0.40808796875000003 0.169117378125 0.400735446875 0.16176448125 0.3970588609375 0.16176448125 0.39522056875 0.1599268296875 0.3933822765625 0.1599268296875 0.38786740000000003 0.15441158593749998 0.38419146249999997 0.15441158593749998 0.3805148765625 0.15073551875 0.3805148765625 0.14889710312499999 0.378676584375 0.1470586890625 0.375 0.1470586890625 0.3731617078125 0.145220275 0.36764683125 0.145220275 0.36580853750000003 0.1470586890625 0.3400737390625 0.1470586890625 0.3345588609375 0.1525731703125 0.33272056875 0.1525731703125
34 0.411764553125 0.450367378125 0.40992626093749995 0.45220579218749996 0.40992626093749995 0.47610289687499996 0.4154411390625 0.481617378125 0.4466914625 0.481617378125 0.4466914625 0.47977972500000005 0.45036740000000003 0.47610289687499996 0.45220569218750006 0.47610289687499996 0.454043984375 0.47426448125 0.454043984375 0.44485289687499996 0.4466914625 0.4375 0.4466914625 0.43566158593750004 0.44485316875 0.43382317031250006 0.4430148765625 0.43382317031250006 0.43933829218750003 0.43014710312500004 0.43933829218750003 0.4283086890625 0.4264708921875 0.4283086890625 0.420956015625 0.43382317031250006 0.41727943125 0.43382317031250006 0.411764553125 0.43933841406249996 0.411764553125 0.450367378125
35 0.483456015625 0.7352942078125 0.4816177234375 0.7371326218750001 0.47977943125 0.7371326218750001 0.474264553125 0.742647103125 0.46691203124999997 0.742647103125 0.4595588609375 0.75 0.4558822765625 0.75 0.454043984375 0.7518384140625 0.45220569218750006 0.7518384140625 0.44117658437499996 0.7628673781249999 0.43933829218750003 0.7628673781249999 0.4375 0.7647057921875 0.43566170781249997 0.7647057921875 0.43566170781249997 0.8511028968750001 0.4375 0.8511028968750001 0.4430148765625 0.856617378125 0.44485316875 0.856617378125 0.4466914625 0.8584557921875 0.45220569218750006 0.8584557921875 0.4595588609375 0.8658086890625001 0.46507373906250005 0.8658086890625001 0.47242626093749995 0.8731615859374999 0.474264553125 0.8731615859374999 0.4779411390625 0.8768384140625001 0.4779411390625 0.8786760671874999 0.47977943125 0.88051448125 0.4816177234375 0.88051448125 0.483456015625 0.8823528968750001 0.48529430781249994 0.8823528968750001 0.48713259999999997 0.8841913109374999 0.48713259999999997 0.886029725 0.4889708921875 0.886029725 0.4908085375 0.887867378125 0.49264683125 0.887867378125 0.4944851234375 0.8897057921875 0.49632341562500004 0.8897057921875 0.49816170781249997 0.8915442078125 0.49816170781249997 0.893382621875 0.5 0.895220275 0.5055148765624999 0.895220275 0.5055148765624999 0.893382621875 0.5110291078125 0.887867378125 0.5128674 0.887867378125 0.5147056921875001 0.886029725 0.5165439843749999 0.886029725 0.5220588609375 0.88051448125 0.5238971546875 0.88051448125 0.5312503234375 0.8731615859374999 0.5349262609375 0.8731615859374999 0.536764553125 0.8713231703125001 0.5404411390625 0.8713231703125001 0.5404411390625 0.86948551875 0.5441177234375 0.8658086890625001 0.5459560156250001 0.8658086890625001 0.5496326 0.862132621875 0.5496326 0.854779725 0.5514708921875 0.8529413109374999 0.5514708921875 0.84926448125 0.5533085375 0.8474260671874999 0.5533085375 0.8455884140625001 0.55514683125 0.84375 0.55514683125 0.83823551875 0.5569851234375001 0.8363971031249999 0.5569851234375001 0.830882621875 0.558823415625 0.8290442078125 0.558823415625 0.8272057921875 0.5625 0.823529725 0.5625 0.8216913109374999 0.5643382921875 0.8198528968750001 0.5643382921875 0.7665442078125 0.5625 0.7647057921875 0.5625 0.761029725 0.5606617078125 0.7591913109374999 0.558823415625 0.7591913109374999 0.5569851234375001 0.757352896875 0.5533085375 0.757352896875 0.5496326 0.7536760671875 0.5496326 0.7518384140625 0.5477943078124999 0.7518384140625 0.5459560156250001 0.75 0.5441177234375 0.75 0.54227943125 0.7481615859375 0.5404411390625 0.7481615859375 0.536764553125 0.74448551875 0.5349262609375 0.74448551875 0.5330879687500001 0.742647103125 0.5312503234375 0.742647103125 0.5275737390625 0.738970275 0.5275737390625 0.7371326218750001 0.525735446875 0.7352942078125 0.52022056875 0.7352942078125 0.5183822765625 0.7334557921875 0.5165439843749999 0.7334557921875 0.5147056921875001 0.7316173781249999 0.49264683125 0.7316173781249999 0.4908085375 0.7334557921875 0.4889708921875 0.7334557921875 0.48713259999999997 0.7352942078125 0.483456015625 0.7352942078125
28 0.61764683125 0.7169115859375 0.6139708921875 0.7205884140625 0.6102943078124999 0.7205884140625 0.6084560156250001 0.7224260671875 0.6066177234375 0.7224260671875 0.6029411390625 0.726102896875 0.6011028453125 0.726102896875 0.599264553125 0.7279413109374999 0.5974262609375 0.7279413109374999 0.5955879687500001 0.729779725 0.5937503234375 0.729779725 0.5937503234375 0.7316173781249999 0.5919120312499999 0.7334557921875 0.588235446875 0.7334557921875 0.5863971546875 0.7352942078125 0.58272056875 0.7352942078125 0.5808822765625 0.7371326218750001 0.5808822765625 0.738970275 0.5772056921875001 0.742647103125 0.5772056921875001 0.7536760671875 0.5790439843749999 0.75551448125 0.5790439843749999 0.757352896875 0.5808822765625 0.7591913109374999 0.5900737390625 0.7591913109374999 0.5937503234375 0.75551448125 0.5974262609375 0.75551448125 0.60477943125 0.7481615859375 0.6066177234375 0.7481615859375 0.6139708921875 0.7408086890625001 0.621323415625 0.7408086890625001 0.6231617078125 0.738970275 0.6231617078125 0.7371326218750001 0.6268382921875 0.7334557921875 0.628676584375 0.7334557921875 0.6305148765624999 0.7316173781249999 0.63235316875 0.7316173781249999 0.6378674 0.726102896875 0.6415439843749999 0.726102896875 0.6433822765625 0.72426448125 0.6433822765625 0.707720275 0.6268382921875 0.707720275 0.621323415625 0.71323551875 0.6194851234375001 0.71323551875 0.61764683125 0.7150731703125001 0.61764683125 0.7169115859375
25 0.45772056875 0.145220275 0.4558822765625 0.145220275 0.454043984375 0.1470586890625 0.45036740000000003 0.1470586890625 0.4485291078125 0.14889710312499999 0.4485291078125 0.15073551875 0.44485316875 0.15441158593749998 0.4430148765625 0.15441158593749998 0.43566170781249997 0.16176448125 0.43382341562500004 0.16176448125 0.4319851234375 0.16360289687500001 0.4319851234375 0.174632621875 0.43382341562500004 0.174632621875 0.43566170781249997 0.176470275 0.43933829218750003 0.176470275 0.44117658437499996 0.174632621875 0.45220569218750006 0.174632621875 0.454043984375 0.1727942078125 0.454043984375 0.1709557921875 0.45772056875 0.167279725 0.4595588609375 0.167279725 0.46691203124999997 0.1599268296875 0.474264553125 0.1599268296875 0.4761028453125 0.15808841406250002 0.4761028453125 0.15625 0.47977943125 0.1525731703125 0.4816177234375 0.1525731703125 0.483456015625 0.15073551875 0.483456015625 0.14889710312499999 0.48713259999999997 0.145220275 0.4889708921875 0.145220275 0.4908085375 0.143382621875 0.4908085375 0.1415442078125 0.4889708921875 0.1397057921875 0.48713259999999997 0.1397057921875 0.48529430781249994 0.137867378125 0.483456015625 0.137867378125 0.47977943125 0.1341913109375 0.47058796875000003 0.1341913109375 0.47058796875000003 0.136029725 0.46691203124999997 0.1397057921875 0.463235446875 0.1397057921875 0.45772056875 0.145220275
31 0.4136028453125 0.242647103125 0.411764553125 0.24448551875 0.411764553125 0.2536768296875 0.40992626093749995 0.25551448125 0.40992626093749995 0.28125 0.4136028453125 0.2849268296875 0.4154411390625 0.2849268296875 0.4191177234375 0.28860289687499996 0.44117658437499996 0.28860289687499996 0.4430148765625 0.28676448125 0.44485316875 0.28676448125 0.4466914625 0.2849268296875 0.4485291078125 0.2849268296875 0.45220569218750006 0.28125 0.45220569218750006 0.27941158593750004 0.454043984375 0.2775731703125 0.454043984375 0.2536768296875 0.4466914625 0.2463231703125 0.4466914625 0.24448551875 0.44485316875 0.242647103125 0.4430148765625 0.242647103125 0.43933829218750003 0.238970275 0.43933829218750003 0.2352942078125 0.420956015625 0.2352942078125 0.4191177234375 0.237132621875 0.4191177234375 0.238970275 0.4154411390625 0.242647103125 0.4136028453125 0.242647103125
34 0.2720588609375 0.4375 0.2720588609375 0.4411760671875 0.27022056875 0.44301448125 0.27022056875 0.44485289687499996 0.2683822765625 0.4466913109375 0.2683822765625 0.47610289687499996 0.27022056875 0.4779413109375 0.27022056875 0.47977972500000005 0.2720588609375 0.481617378125 0.30514683125 0.481617378125 0.3069851234375 0.47977972500000005 0.3069851234375 0.44301448125 0.29595601562499996 0.43198551875 0.2941177234375 0.43198551875 0.29227943125 0.43014710312500004 0.27941203125 0.43014710312500004 0.27941203125 0.43198551875 0.2775737390625 0.43382317031250006 0.275735446875 0.43382317031250006 0.2720588609375 0.4375
34 0.7022056921875001 0.729779725 0.7003674 0.729779725 0.6966914625 0.7334557921875 0.6966914625 0.7647057921875 0.6985297546875 0.7665442078125 0.6985297546875 0.7683826218750001 0.7058822765625 0.77573551875 0.7334560156250001 0.77573551875 0.7334560156250001 0.773897103125 0.7389702453125 0.7683826218750001 0.7389702453125 0.742647103125 0.7371326 0.7408086890625001 0.7371326 0.738970275 0.7352943078124999 0.7371326218750001 0.7352943078124999 0.7352942078125 0.7334560156250001 0.7334557921875 0.7334560156250001 0.729779725 0.7316177234375 0.7279413109374999 0.72977943125 0.7279413109374999 0.7261028453125 0.72426448125 0.7261028453125 0.7224260671875 0.7058822765625 0.7224260671875 0.7058822765625 0.72426448125 0.7040439843749999 0.726102896875 0.7040439843749999 0.7279413109374999 0.7022056921875001 0.729779725
0 0.5790439843749999 0.5974260671875 0.5680148765624999 0.5974260671875 0.5606617078125 0.5900731703125001 0.55514683125 0.5900731703125001 0.5533085375 0.5919115859375 0.5514708921875 0.5919115859375 0.5496326 0.59375 0.5459560156250001 0.59375 0.5441177234375 0.5955884140625 0.5386028453125 0.5955884140625 0.5312503234375 0.6029413109374999 0.5294120312499999 0.6029413109374999 0.525735446875 0.6066173781249999 0.5238971546875 0.6066173781249999 0.5220588609375 0.6084557921875 0.52022056875 0.6084557921875 0.5183822765625 0.6102942078125 0.5147056921875001 0.6102942078125 0.5128674 0.6121326218750001 0.5128674 0.6746326218750001 0.5147056921875001 0.676470275 0.5147056921875001 0.680147103125 0.5165439843749999 0.68198551875 0.5183822765625 0.68198551875 0.5220588609375 0.6856615859375 0.5220588609375 0.6911760671875 0.5238971546875 0.69301448125 0.5238971546875 0.694852896875 0.525735446875 0.6966913109374999 0.525735446875 0.698529725 0.5275737390625 0.7003673781249999 0.5275737390625 0.707720275 0.5294120312499999 0.7095586890625001 0.5294120312499999 0.7169115859375 0.5312503234375 0.71875 0.5349262609375 0.71875 0.5404411390625 0.72426448125 0.54227943125 0.72426448125 0.5441177234375 0.726102896875 0.5477943078124999 0.726102896875 0.5533085375 0.7316173781249999 0.55514683125 0.7316173781249999 0.5569851234375001 0.7334557921875 0.5606617078125 0.7334557921875 0.5680148765624999 0.7408086890625001 0.5790439843749999 0.7408086890625001 0.5808822765625 0.738970275 0.58272056875 0.738970275 0.588235446875 0.7334557921875 0.5919120312499999 0.7334557921875 0.5937503234375 0.7316173781249999 0.5937503234375 0.729779725 0.5974262609375 0.726102896875 0.6011028453125 0.726102896875 0.6029411390625 0.72426448125 0.6066177234375 0.72426448125 0.6121326 0.71875 0.6158085375 0.71875 0.61764683125 0.7169115859375 0.6194851234375001 0.7169115859375 0.625 0.711397103125 0.628676584375 0.711397103125 0.6378674 0.7022057921875 0.6378674 0.6415442078125 0.6360291078125 0.6397057921875 0.6341914625 0.6397057921875 0.63235316875 0.6378673781249999 0.6268382921875 0.6378673781249999 0.625 0.636029725 0.625 0.6341913109374999 0.621323415625 0.63051448125 0.621323415625 0.6286760671875 0.6194851234375001 0.6268384140625 0.6194851234375001 0.6213231703125001 0.61764683125 0.61948551875 0.61764683125 0.617647103125 0.6158085375 0.6158086890625001 0.6158085375 0.6121326218750001 0.6139708921875 0.6102942078125 0.6139708921875 0.6084557921875 0.6102943078124999 0.604779725 0.6102943078124999 0.6029413109374999 0.6084560156250001 0.601102896875 0.6084560156250001 0.59926448125 0.6066177234375 0.5974260671875 0.60477943125 0.5974260671875 0.6029411390625 0.5955884140625 0.5974262609375 0.5955884140625 0.5900737390625 0.58823551875 0.58272056875 0.58823551875 0.58272056875 0.5919115859375 0.5808822765625 0.59375 0.5808822765625 0.5955884140625 0.5790439843749999 0.5974260671875
28 0.42463259999999997 0.5606615859375 0.43382341562500004 0.5606615859375 0.43566170781249997 0.5588231703125001 0.4375 0.5588231703125001 0.4375 0.55698551875 0.43933829218750003 0.555147103125 0.43933829218750003 0.49448551875 0.4375 0.49264710312500004 0.4375 0.4908086890625 0.43566170781249997 0.48897027499999995 0.43566170781249997 0.487132621875 0.42463259999999997 0.487132621875 0.42463259999999997 0.48897027499999995 0.42279430781249994 0.4908086890625 0.42279430781249994 0.5588231703125001 0.42463259999999997 0.5606615859375
35 0.4062503234375 0.30698551875 0.40441203124999997 0.3088231703125 0.39889715468750003 0.3088231703125 0.3933822765625 0.31433841406249996 0.39154398437500004 0.31433841406249996 0.3897056921875 0.3161768296875 0.3860291078125 0.3161768296875 0.38419146249999997 0.31801448125 0.378676584375 0.31801448125 0.375 0.32169131093750003 0.3731617078125 0.32169131093750003 0.371323415625 0.323529725 0.3694851234375 0.323529725 0.3639708921875 0.3290442078125 0.3639708921875 0.4099260671875 0.36764683125 0.41360289687499996 0.36764683125 0.4154413109375 0.3694851234375 0.4154413109375 0.371323415625 0.41727972500000005 0.378676584375 0.41727972500000005 0.38235316875 0.42095579218749996 0.38235316875 0.42279420781250004 0.38419146249999997 0.424632621875 0.39154398437500004 0.424632621875 0.39889715468750003 0.43198551875 0.42279430781249994 0.43198551875 0.42463259999999997 0.43014710312500004 0.43382341562500004 0.43014710312500004 0.43566170781249997 0.43198551875 0.44485316875 0.43198551875 0.45220569218750006 0.43933841406249996 0.4613971546875 0.43933841406249996 0.463235446875 0.4375 0.46507373906250005 0.4375 0.4687503234375 0.43382317031250006 0.47058796875000003 0.43382317031250006 0.47242626093749995 0.43198551875 0.4761028453125 0.43198551875 0.4779411390625 0.43014710312500004 0.47977943125 0.43014710312500004 0.483456015625 0.42647027499999995 0.48529430781249994 0.42647027499999995 0.48713259999999997 0.424632621875 0.4889708921875 0.424632621875 0.4944851234375 0.419117378125 0.49632341562500004 0.419117378125 0.49816170781249997 0.41727972500000005 0.49816170781249997 0.3272057921875 0.4889708921875 0.31801448125 0.48713259999999997 0.31801448125 0.48529430781249994 0.3161768296875 0.46507373906250005 0.3161768296875 0.463235446875 0.31801448125 0.4595588609375 0.31801448125 0.45772056875 0.31985289687499996 0.454043984375 0.3161768296875 0.45220569218750006 0.3161768296875 0.45036740000000003 0.31433841406249996 0.45036740000000003 0.3125 0.4485291078125 0.31066158593750004 0.4485291078125 0.301470275 0.4466914625 0.299632621875 0.4466914625 0.2959557921875 0.44485316875 0.294117378125 0.4191177234375 0.294117378125 0.41727943125 0.2959557921875 0.41727943125 0.2977942078125 0.40808796875000003 0.30698551875 0.4062503234375 0.30698551875
0 0.4563486421875 0.47551143281249997 0.4563486421875 0.48102667656250003 0.45451034999999995 0.4828643296875 0.45451034999999995 0.48470274375000005 0.45267205625000007 0.4865411578125 0.45248188906250003 0.47801371875000004 0.4503505828125 0.4800754578125 0.44715717968749996 0.492055640625 0.44531888750000004 0.492055640625 0.4434805953125 0.49389405468750003 0.44164230312499997 0.49389405468750003 0.4398046578125 0.49573246875 0.4398046578125 0.55823246875 0.44164230312499997 0.55823246875 0.45083376406250003 0.56742378125 0.45267205625000007 0.56742378125 0.45451034999999995 0.5692614328125 0.45451034999999995 0.5710998468749999 0.4563486421875 0.5729382625 0.46002522656249994 0.5729382625 0.461862871875 0.5747766765625 0.46370116406250006 0.5747766765625 0.4673777484375 0.57845274375 0.469216040625 0.57845274375 0.47105433437500005 0.5802911578125001 0.4728926265625 0.5802911578125001 0.4802457953125 0.5876440546875 0.48392173281249995 0.5876440546875 0.4857600265625 0.58948246875 0.48759831875000004 0.58948246875 0.4894366109375 0.591320884375 0.4894366109375 0.5931585359375 0.491274903125 0.5931585359375 0.4931131953125 0.5949969515625 0.4949514875 0.5949969515625 0.49678977968750004 0.596835365625 0.49862807187499997 0.596835365625 0.5004663640625 0.59867378125 0.5004663640625 0.6005114328125 0.5023046578125 0.6005114328125 0.5078188875 0.5949969515625 0.51701035 0.5949969515625 0.5188486421875 0.5931585359375 0.5188486421875 0.591320884375 0.520686934375 0.58948246875 0.5225252265625 0.58948246875 0.524362871875 0.5876440546875 0.5280394562499999 0.5876440546875 0.5298777484375 0.5858056406250001 0.531716040625 0.5858056406250001 0.53723091875 0.5802911578125001 0.5464217328125 0.5802911578125001 0.5482600265625 0.57845274375 0.5482600265625 0.5766143296874999 0.5519366109375 0.5729382625 0.5556131953125 0.5729382625 0.5574514875000001 0.5710998468749999 0.5592897796875 0.5710998468749999 0.5629663640625 0.56742378125 0.5629663640625 0.4883795734375 0.561128071875 0.4865411578125 0.5641539453125 0.48404192031250004 0.56564165625 0.4740746953125 0.5612846046875 0.47047560937500005 0.550992884375 0.465623475 0.5398408796874999 0.4583018296875 0.5258874515625 0.44797942031250004 0.49919404843750004 0.42970426875 0.491629365625 0.4364024390625 0.4837975421875 0.4423132625 0.47654851249999997 0.4451303359375 0.47455562812499996 0.45149923750000004 0.4563486421875 0.46264405468750003 0.4563486421875 0.46632088437499997 0.45451034999999995 0.4681585359375 0.45451034999999995 0.47367378125000004 0.4563486421875 0.47551143281249997
36 0.25913648125 0.5955884140625 0.2572981890625 0.5974260671875 0.25546054375 0.5974260671875 0.2536222515625 0.59926448125 0.2536222515625 0.601102896875 0.25178395937500003 0.6029413109374999 0.249945665625 0.6029413109374999 0.24810737343749997 0.604779725 0.24443078906250001 0.604779725 0.242592496875 0.6066173781249999 0.242592496875 0.6084557921875 0.24075420468750003 0.6102942078125 0.2389159125 0.6102942078125 0.23707762031250001 0.6121326218750001 0.23340168125 0.6121326218750001 0.2315633890625 0.613970275 0.22972509687499998 0.613970275 0.22972509687499998 0.6158086890625001 0.2278868046875 0.617647103125 0.2278868046875 0.6213231703125001 0.22604851250000002 0.6231615859375 0.22604851250000002 0.625 0.22421022031249999 0.6268384140625 0.22421022031249999 0.6286760671875 0.222371928125 0.63051448125 0.222371928125 0.7022057921875 0.2278868046875 0.707720275 0.2278868046875 0.7095586890625001 0.22972509687499998 0.711397103125 0.23707762031250001 0.711397103125 0.24443078906250001 0.71875 0.249945665625 0.71875 0.25178395937500003 0.7205884140625 0.25546054375 0.7205884140625 0.25913648125 0.72426448125 0.2609747734375 0.72426448125 0.2646513578125 0.7205884140625 0.26648964999999997 0.7205884140625 0.26832794375 0.71875 0.28303363593749997 0.71875 0.2867102203125 0.7224260671875 0.2867102203125 0.72426448125 0.2885485125 0.72426448125 0.2903868046875 0.726102896875 0.3106073734375 0.726102896875 0.312445665625 0.72426448125 0.31428395937500003 0.72426448125 0.3197981890625 0.71875 0.3271513578125 0.71875 0.32898964999999997 0.7169115859375 0.33082794375 0.7169115859375 0.334504528125 0.71323551875 0.33634282031249996 0.71323551875 0.3381811125 0.711397103125 0.34185705 0.711397103125 0.34369534218750003 0.7095586890625001 0.34553363593749997 0.7095586890625001 0.3510485125 0.7040442078125 0.3510485125 0.6397057921875 0.3492102203125 0.6378673781249999 0.3492102203125 0.636029725 0.347371928125 0.6341913109374999 0.34553363593749997 0.6341913109374999 0.34369534218750003 0.632352896875 0.34185705 0.632352896875 0.33634282031249996 0.6268384140625 0.33634282031249996 0.6231615859375 0.334504528125 0.6213231703125001 0.334504528125 0.61948551875 0.32898964999999997 0.613970275 0.32898964999999997 0.6102942078125 0.3271513578125 0.6084557921875 0.3271513578125 0.6066173781249999 0.325313065625 0.604779725 0.325313065625 0.601102896875 0.32163648125 0.5974260671875 0.3197981890625 0.5974260671875 0.31796054375 0.5955884140625 0.3161222515625 0.5955884140625 0.31428395937500003 0.59375 0.312445665625 0.59375 0.30876908125 0.5900731703125001 0.30693078906250004 0.5900731703125001 0.305092496875 0.58823551875 0.3014159125 0.58823551875 0.2995776203125 0.586397103125 0.29590168125 0.586397103125 0.28909185000000004 0.5771234749999999 0.275770375 0.5866570125 0.270547865625 0.5907530484375 0.25913648125 0.5955884140625
32 0.558823415625 0.8272057921875 0.5533085375 0.832720275 0.5533085375 0.8676471031249999 0.55514683125 0.8676471031249999 0.5569851234375001 0.86948551875 0.5569851234375001 0.8713231703125001 0.558823415625 0.8713231703125001 0.5606617078125 0.8731615859374999 0.5845588609375 0.8731615859374999 0.5863971546875 0.8713231703125001 0.5863971546875 0.86948551875 0.5900737390625 0.8658086890625001 0.5919120312499999 0.8658086890625001 0.5937503234375 0.863970275 0.5937503234375 0.832720275 0.5919120312499999 0.830882621875 0.5900737390625 0.830882621875 0.5863971546875 0.8272057921875 0.5863971546875 0.825367378125 0.58272056875 0.8216913109374999 0.5808822765625 0.8216913109374999 0.5790439843749999 0.8198528968750001 0.566176584375 0.8198528968750001 0.5625 0.823529725 0.5606617078125 0.823529725 0.558823415625 0.825367378125 0.558823415625 0.8272057921875
35 0.6399424328125 0.4414992375 0.6335439843749999 0.4415754578125 0.6241513578125 0.44935289687499996 0.6131707625 0.4550274390625 0.6050161703125 0.4588025921875 0.5979760671875 0.4610442078125 0.5955879687500001 0.46875 0.5937503234375 0.47058841406249996 0.588235446875 0.47058841406249996 0.5863971546875 0.4724260671875 0.5863971546875 0.47426448125 0.5845588609375 0.47610289687499996 0.5845588609375 0.4779413109375 0.58272056875 0.47977972500000005 0.58272056875 0.55698551875 0.5900737390625 0.5643384140625 0.5919120312499999 0.5643384140625 0.5937503234375 0.5661760671875 0.5955879687500001 0.5661760671875 0.5974262609375 0.56801448125 0.5974262609375 0.569852896875 0.599264553125 0.569852896875 0.6011028453125 0.5716913109374999 0.6066177234375 0.5716913109374999 0.6121326 0.5772057921875 0.6194851234375001 0.5772057921875 0.621323415625 0.5753673781249999 0.63235316875 0.5753673781249999 0.6341914625 0.573529725 0.6360291078125 0.5753673781249999 0.6378674 0.5753673781249999 0.6397056921875001 0.5772057921875 0.6415439843749999 0.5772057921875 0.6433822765625 0.5790442078125 0.650735446875 0.5790442078125 0.6525737390625 0.5808826218750001 0.6544120312499999 0.5808826218750001 0.6562503234375 0.582720275 0.6599262609375 0.582720275 0.661764553125 0.5808826218750001 0.6654411390625 0.5808826218750001 0.66727943125 0.5790442078125 0.6746326 0.5790442078125 0.6783085375 0.5753673781249999 0.68014683125 0.5753673781249999 0.683823415625 0.5716913109374999 0.691176584375 0.5716913109374999 0.6930148765624999 0.569852896875 0.69485316875 0.569852896875 0.7003674 0.5643384140625 0.7022056921875001 0.5643384140625 0.7040439843749999 0.5625 0.7058822765625 0.5625 0.7058822765625 0.5606615859375 0.7113971546875 0.555147103125 0.7113971546875 0.48897027499999995 0.7095588609375 0.487132621875 0.7095588609375 0.4724260671875 0.70772056875 0.47058841406249996 0.7058822765625 0.47058841406249996 0.7040439843749999 0.46875 0.7040439843749999 0.46691158593750004 0.7022056921875001 0.46507317031250006 0.6985297546875 0.46507317031250006 0.6966914625 0.46323551875 0.6930148765624999 0.46323551875 0.6875 0.45772027499999995 0.6856617078125 0.45772027499999995 0.683823415625 0.455882621875 0.68014683125 0.455882621875 0.6783085375 0.45404420781250004 0.6764702453125 0.45404420781250004 0.6746326 0.45220579218749996 0.6746326 0.450367378125 0.6727943078124999 0.450367378125 0.6709560156250001 0.44852972500000005 0.6691177234375 0.44852972500000005 0.6654411390625 0.44485289687499996 0.6544120312499999 0.44485289687499996 0.653453428125 0.4403757625 0.6452677875 0.44135518281249997 0.6426681765625 0.43997560937499997 0.6399424328125 0.4414992375
37 0.5441177234375 0.375 0.54227943125 0.37683841406249996 0.54227943125 0.3786768296875 0.5404411390625 0.38051448125 0.5386028453125 0.38051448125 0.536764553125 0.38235289687499996 0.52022056875 0.38235289687499996 0.5183822765625 0.38051448125 0.5165439843749999 0.38051448125 0.50735316875 0.3897057921875 0.50735316875 0.395220275 0.5055148765624999 0.39705868906249997 0.5055148765624999 0.4154413109375 0.5091914625 0.4154413109375 0.5110291078125 0.41727972500000005 0.5147056921875001 0.41727972500000005 0.52022056875 0.42279420781250004 0.5220588609375 0.42279420781250004 0.5238971546875 0.424632621875 0.5294120312499999 0.424632621875 0.5312503234375 0.42647027499999995 0.5330879687500001 0.42647027499999995 0.5386028453125 0.43198551875 0.5441177234375 0.43198551875 0.5459560156250001 0.43382317031250006 0.5477943078124999 0.43382317031250006 0.5533085375 0.43933841406249996 0.55514683125 0.43933841406249996 0.558823415625 0.44301448125 0.558823415625 0.44485289687499996 0.5606617078125 0.4466913109375 0.5643382921875 0.4466913109375 0.566176584375 0.44852972500000005 0.5680148765624999 0.44852972500000005 0.5716914625 0.45220579218749996 0.5735291078125 0.45220579218749996 0.5753674 0.45404420781250004 0.5790439843749999 0.45404420781250004 0.5845588609375 0.44852972500000005 0.5863971546875 0.44852972500000005 0.588235446875 0.4466913109375 0.5955879687500001 0.4466913109375 0.5974262609375 0.44485289687499996 0.599264553125 0.44485289687499996 0.60477943125 0.43933841406249996 0.6084560156250001 0.43933841406249996 0.6102943078124999 0.4375 0.6121326 0.4375 0.61764683125 0.43198551875 0.6194851234375001 0.43198551875 0.6231617078125 0.4283086890625 0.6231617078125 0.39889710312500004 0.625 0.39705868906249997 0.625 0.395220275 0.628676584375 0.3915442078125 0.628676584375 0.3897057921875 0.63235316875 0.386029725 0.63235316875 0.38419131093750003 0.6341914625 0.38235289687499996 0.6360291078125 0.38235289687499996 0.6378674 0.38051448125 0.6378674 0.3786768296875 0.6397056921875001 0.37683841406249996 0.6397056921875001 0.375 0.6415439843749999 0.37316158593750004 0.6415439843749999 0.36580868906249997 0.641637128125 0.32703582343750004 0.598496765625 0.2936455796875 0.5543990937500001 0.295193596875 0.510862225 0.32357850625 0.5116539453125 0.346756859375 0.5251610609374999 0.32730106718749996 0.5429256140625001 0.3311608234375 0.544280078125 0.3464375 0.5620012937500001 0.364804878125 0.5496326 0.36948551875 0.5477943078124999 0.36948551875 0.5441177234375 0.37316158593750004 0.5441177234375 0.375
26 0.6930148765624999 0.5661760671875 0.6856617078125 0.573529725 0.68014683125 0.573529725 0.6727943078124999 0.5808826218750001 0.6709560156250001 0.5808826218750001 0.6691177234375 0.582720275 0.6691177234375 0.5845586890625001 0.6654411390625 0.58823551875 0.661764553125 0.58823551875 0.661764553125 0.601102896875 0.683823415625 0.601102896875 0.6856617078125 0.59926448125 0.6875 0.59926448125 0.6930148765624999 0.59375 0.69485316875 0.59375 0.6966914625 0.5919115859375 0.6966914625 0.5900731703125001 0.7003674 0.586397103125 0.7022056921875001 0.586397103125 0.7095588609375 0.5790442078125 0.7113971546875 0.5790442078125 0.7150737390625 0.5753673781249999 0.7150737390625 0.5643384140625 0.713235446875 0.5625 0.7003674 0.5625 0.6985297546875 0.5643384140625 0.6966914625 0.5643384140625 0.69485316875 0.5661760671875 0.6930148765624999 0.5661760671875
31 0.3474262609375 0.0955884140625 0.3400737390625 0.1029413109375 0.3400737390625 0.137867378125 0.34191203125 0.137867378125 0.34558796875 0.1415442078125 0.36764683125 0.1415442078125 0.371323415625 0.137867378125 0.375 0.137867378125 0.378676584375 0.1341913109375 0.378676584375 0.13235289687500001 0.3805148765625 0.13051448125 0.3805148765625 0.10477972499999999 0.371323415625 0.0955884140625 0.3694851234375 0.0955884140625 0.36580853750000003 0.0919115859375 0.36580853750000003 0.09007317031249999 0.3639708921875 0.08823551874999999 0.35477943125 0.08823551874999999 0.3529411390625 0.09007317031249999 0.3529411390625 0.0919115859375 0.349264553125 0.0955884140625 0.3474262609375 0.0955884140625
28 0.25919146249999997 0.27941158593750004 0.25735316875 0.28125 0.25735316875 0.28308841406249996 0.253676584375 0.28676448125 0.2444851234375 0.28676448125 0.24264683125 0.28860289687499996 0.24264683125 0.29044131093750003 0.2389708921875 0.294117378125 0.23713259999999997 0.294117378125 0.22977943125000003 0.301470275 0.2224262609375 0.301470275 0.22058796875 0.30330868906249997 0.22058796875 0.30514710312500004 0.21691203125 0.3088231703125 0.21691203125 0.32169131093750003 0.2316177234375 0.32169131093750003 0.2389708921875 0.31433841406249996 0.246323415625 0.31433841406249996 0.24816170781250002 0.3125 0.24816170781250002 0.31066158593750004 0.2518382921875 0.30698551875 0.253676584375 0.30698551875 0.2610291078125 0.299632621875 0.2683822765625 0.299632621875 0.27022056875 0.2977942078125 0.27022056875 0.2959557921875 0.27389715468750003 0.292279725 0.27941203125 0.292279725 0.2812503234375 0.29044131093750003 0.28308796875 0.29044131093750003 0.28308796875 0.28860289687499996 0.2849262609375 0.28676448125 0.2849262609375 0.2849268296875 0.286764553125 0.28308841406249996 0.286764553125 0.27941158593750004 0.28860284531249997 0.2775731703125 0.28860284531249997 0.27573551875 0.2849262609375 0.27205868906249997 0.26654398437500004 0.27205868906249997 0.2647056921875 0.27389710312500004 0.2647056921875 0.27573551875 0.2610291078125 0.27941158593750004 0.25919146249999997 0.27941158593750004
31 0.48713259999999997 0.0955884140625 0.48529430781249994 0.09742682968750001 0.48529430781249994 0.09926448125000001 0.4816177234375 0.1029413109375 0.4816177234375 0.136029725 0.483456015625 0.137867378125 0.48713259999999997 0.137867378125 0.4908085375 0.1415442078125 0.5128674 0.1415442078125 0.5165439843749999 0.137867378125 0.5183822765625 0.137867378125 0.52022056875 0.136029725 0.52022056875 0.1341913109375 0.5238971546875 0.13051448125 0.5238971546875 0.117647103125 0.5220588609375 0.1158086890625 0.5220588609375 0.11213262187499999 0.52022056875 0.11029420781249999 0.52022056875 0.101102896875 0.5183822765625 0.09926448125000001 0.5183822765625 0.09742682968750001 0.5091914625 0.08823551874999999 0.4944851234375 0.08823551874999999 0.49264683125 0.09007317031249999 0.49264683125 0.0919115859375 0.4889708921875 0.0955884140625 0.48713259999999997 0.0955884140625
28 0.50735316875 0.617647103125 0.5055148765624999 0.6158086890625001 0.4944851234375 0.6158086890625001 0.4944851234375 0.667279725 0.5091914625 0.667279725 0.5091914625 0.617647103125 0.50735316875 0.617647103125
28 0.463235446875 0.72426448125 0.4595588609375 0.7279413109374999 0.45772056875 0.7279413109374999 0.4558822765625 0.729779725 0.4558822765625 0.7316173781249999 0.45220569218750006 0.7352942078125 0.4430148765625 0.7352942078125 0.44117658437499996 0.7371326218750001 0.44117658437499996 0.738970275 0.4375 0.742647103125 0.43566170781249997 0.742647103125 0.43382341562500004 0.74448551875 0.43382341562500004 0.761029725 0.4466914625 0.761029725 0.4466914625 0.7591913109374999 0.45036740000000003 0.75551448125 0.45220569218750006 0.75551448125 0.4595588609375 0.7481615859375 0.46691203124999997 0.7481615859375 0.4687503234375 0.7463231703125001 0.4687503234375 0.74448551875 0.47242626093749995 0.7408086890625001 0.474264553125 0.7408086890625001 0.4761028453125 0.738970275 0.4779411390625 0.738970275 0.4908085375 0.726102896875 0.4908085375 0.71875 0.474264553125 0.71875 0.47242626093749995 0.7205884140625 0.46507373906250005 0.7205884140625 0.463235446875 0.7224260671875 0.463235446875 0.72426448125
34 0.4889708921875 0.6783086890625001 0.48529430781249994 0.68198551875 0.48529430781249994 0.6838231703125001 0.4816177234375 0.6875 0.4816177234375 0.71875 0.48529430781249994 0.7224260671875 0.48529430781249994 0.72426448125 0.48713259999999997 0.726102896875 0.5183822765625 0.726102896875 0.52022056875 0.72426448125 0.52022056875 0.7205884140625 0.5220588609375 0.71875 0.5220588609375 0.711397103125 0.5238971546875 0.7095586890625001 0.5238971546875 0.707720275 0.5220588609375 0.7058826218750001 0.5220588609375 0.698529725 0.52022056875 0.6966913109374999 0.52022056875 0.6856615859375 0.5183822765625 0.6838231703125001 0.5165439843749999 0.6838231703125001 0.5110291078125 0.6783086890625001 0.5110291078125 0.676470275 0.5091914625 0.6746326218750001 0.50735316875 0.6746326218750001 0.5055148765624999 0.6727942078125 0.49816170781249997 0.6727942078125 0.4944851234375 0.676470275 0.49264683125 0.676470275 0.4908085375 0.6783086890625001 0.4889708921875 0.6783086890625001
25 0.6691177234375 0.44301448125 0.6691177234375 0.44485289687499996 0.6709560156250001 0.4466913109375 0.6727943078124999 0.4466913109375 0.6764702453125 0.450367378125 0.6764702453125 0.45220579218749996 0.6783085375 0.45404420781250004 0.6856617078125 0.45404420781250004 0.6930148765624999 0.46139710312500004 0.69485316875 0.46139710312500004 0.6985297546875 0.46507317031250006 0.6985297546875 0.46691158593750004 0.713235446875 0.46691158593750004 0.713235446875 0.45220579218749996 0.7095588609375 0.44852972500000005 0.70772056875 0.44852972500000005 0.7040439843749999 0.44485289687499996 0.7040439843749999 0.44301448125 0.7022056921875001 0.4411760671875 0.6930148765624999 0.4411760671875 0.6893382921875 0.4375 0.6893382921875 0.43566158593750004 0.6875 0.43382317031250006 0.6856617078125 0.43382317031250006 0.68014683125 0.4283086890625 0.6709560156250001 0.4283086890625 0.6691177234375 0.42647027499999995 0.661764553125 0.42647027499999995 0.661764553125 0.4375 0.6636028453125 0.43933841406249996 0.6654411390625 0.43933841406249996 0.6691177234375 0.44301448125
28 0.6580879687500001 0.7316173781249999 0.6599262609375 0.7334557921875 0.6654411390625 0.7334557921875 0.6691177234375 0.7371326218750001 0.6691177234375 0.738970275 0.6709560156250001 0.7408086890625001 0.6764702453125 0.7408086890625001 0.6783085375 0.742647103125 0.68014683125 0.742647103125 0.6856617078125 0.7481615859375 0.6893382921875 0.7481615859375 0.691176584375 0.75 0.6930148765624999 0.75 0.6966914625 0.7536760671875 0.6966914625 0.729779725 0.69485316875 0.7279413109374999 0.6856617078125 0.7279413109374999 0.6819851234375001 0.72426448125 0.6819851234375001 0.7224260671875 0.68014683125 0.7205884140625 0.6783085375 0.7205884140625 0.6709560156250001 0.71323551875 0.6636028453125 0.71323551875 0.6599262609375 0.7095586890625001 0.6470588609375 0.7095586890625001 0.6470588609375 0.726102896875 0.650735446875 0.726102896875 0.6562503234375 0.7316173781249999 0.6580879687500001 0.7316173781249999
27 0.3308822765625 0.7150731703125001 0.3308822765625 0.7169115859375 0.3272056921875 0.7205884140625 0.32536740000000003 0.7205884140625 0.3235291078125 0.7224260671875 0.32169146249999997 0.7224260671875 0.3180148765625 0.726102896875 0.316176584375 0.726102896875 0.3143382921875 0.7279413109374999 0.3106617078125 0.7279413109374999 0.308823415625 0.729779725 0.308823415625 0.7316173781249999 0.3069851234375 0.7334557921875 0.3069851234375 0.7463231703125001 0.32169146249999997 0.7463231703125001 0.32169146249999997 0.74448551875 0.32536740000000003 0.7408086890625001 0.3308822765625 0.7408086890625001 0.33272056875 0.738970275 0.3345588609375 0.738970275 0.3400737390625 0.7334557921875 0.34191203125 0.7334557921875 0.3437503234375 0.7316173781249999 0.3437503234375 0.729779725 0.3474262609375 0.726102896875 0.3529411390625 0.726102896875 0.35477943125 0.72426448125 0.3566177234375 0.72426448125 0.3566177234375 0.7224260671875 0.35845601562499996 0.7205884140625 0.35845601562499996 0.707720275 0.34558796875 0.707720275 0.34558796875 0.7095586890625001 0.34191203125 0.71323551875 0.33272056875 0.71323551875 0.3308822765625 0.7150731703125001
6 0.15441203125 0.5607446640625 0.15441203125 0.5625830796875 0.1562503234375 0.5644214937500001 0.15808796875 0.5644214937500001 0.161764553125 0.5680975609375001 0.161764553125 0.569935975 0.1636028453125 0.569935975 0.1654411390625 0.571774390625 0.1691177234375 0.571774390625 0.170956015625 0.5736128046875 0.1727943078125 0.5736128046875 0.1746326 0.5754504578125 0.1746326 0.577288871875 0.1764708921875 0.577288871875 0.1783085375 0.5791272859375 0.18014683125 0.5791272859375 0.183823415625 0.582803353125 0.183823415625 0.58464176875 0.1856617078125 0.5864801828124999 0.1893382921875 0.5864801828124999 0.19485316875 0.5919946640625 0.1966914625 0.5919946640625 0.1985291078125 0.5938330796875 0.2022056921875 0.5938330796875 0.2058822765625 0.5975099078125 0.2058822765625 0.5993475609375001 0.20772056874999997 0.601185975 0.21691203125 0.601185975 0.21875032343749998 0.5993475609375001 0.21875032343749998 0.5975099078125 0.2224262609375 0.5938330796875 0.22610284531249997 0.5938330796875 0.2316177234375 0.588318596875 0.23345601562499999 0.588318596875 0.2352943078125 0.5864801828124999 0.2389708921875 0.5864801828124999 0.246323415625 0.5791272859375 0.2518382921875 0.5791272859375 0.25919146249999997 0.571774390625 0.2610291078125 0.571774390625 0.26286740000000003 0.569935975 0.2647056921875 0.569935975 0.2647056921875 0.5680975609375001 0.26654398437500004 0.5662599078125 0.2683822765625 0.5662599078125 0.27022056875 0.5644214937500001 0.275735446875 0.5644214937500001 0.28308796875 0.557068596875 0.28308796875 0.509274390625 0.2812503234375 0.507435975 0.2812503234375 0.5055975609375001 0.27941203125 0.5037599078125 0.27941203125 0.49824466406249995 0.2775737390625 0.49640625 0.2775737390625 0.4927301828125 0.271034928125 0.47896265312499997 0.2631138421875 0.47827591406250003 0.26431241875 0.46518902500000003 0.217600259375 0.4338696640625 0.151869340625 0.47192835312500003 0.150735446875 0.5552301828124999 0.1525737390625 0.557068596875 0.1525737390625 0.5589062499999999 0.15441203125 0.5607446640625
26 0.5349262609375 0.86948551875 0.5349262609375 0.8713231703125001 0.5330879687500001 0.8731615859374999 0.5312503234375 0.8731615859374999 0.5294120312499999 0.875 0.5238971546875 0.875 0.5220588609375 0.8768384140625001 0.5220588609375 0.8786760671874999 0.5183822765625 0.8823528968750001 0.5165439843749999 0.8823528968750001 0.5091914625 0.8897057921875 0.50735316875 0.8897057921875 0.5055148765624999 0.8915442078125 0.5055148765624999 0.9080884140625001 0.5183822765625 0.9080884140625001 0.5238971546875 0.9025731703125001 0.525735446875 0.9025731703125001 0.5275737390625 0.90073551875 0.5275737390625 0.8988971031249999 0.5312503234375 0.895220275 0.5404411390625 0.895220275 0.54227943125 0.893382621875 0.54227943125 0.8915442078125 0.5459560156250001 0.887867378125 0.5477943078124999 0.887867378125 0.55514683125 0.88051448125 0.5569851234375001 0.88051448125 0.558823415625 0.8786760671874999 0.558823415625 0.8768384140625001 0.5606617078125 0.875 0.5606617078125 0.8658086890625001 0.54227943125 0.8658086890625001 0.5404411390625 0.8676471031249999 0.5386028453125 0.8676471031249999 0.536764553125 0.86948551875 0.5349262609375 0.86948551875
28 0.36764683125 0.4375 0.3694851234375 0.43933841406249996 0.375 0.43933841406249996 0.3768382921875 0.4411760671875 0.378676584375 0.4411760671875 0.38419146249999997 0.4466913109375 0.3860291078125 0.4466913109375 0.3897056921875 0.450367378125 0.3897056921875 0.45220579218749996 0.39154398437500004 0.45404420781250004 0.39522056875 0.45404420781250004 0.3970588609375 0.455882621875 0.40257373906250005 0.455882621875 0.40441203124999997 0.45772027499999995 0.4062503234375 0.45772027499999995 0.40808796875000003 0.455882621875 0.40808796875000003 0.4411760671875 0.400735446875 0.43382317031250006 0.39889715468750003 0.43382317031250006 0.39522056875 0.43014710312500004 0.39522056875 0.4283086890625 0.3933822765625 0.42647027499999995 0.38419146249999997 0.42647027499999995 0.3805148765625 0.42279420781250004 0.3805148765625 0.42095579218749996 0.378676584375 0.419117378125 0.3768382921875 0.419117378125 0.375 0.41727972500000005 0.3602943078125 0.41727972500000005 0.3602943078125 0.43198551875 0.3639708921875 0.43198551875 0.36764683125 0.43566158593750004 0.36764683125 0.4375
37 0.2941177234375 0.5625 0.29595601562499996 0.5625 0.2977943078125 0.5643384140625 0.30514683125 0.5643384140625 0.308823415625 0.56801448125 0.308823415625 0.569852896875 0.3106617078125 0.5716913109374999 0.3180148765625 0.5716913109374999 0.31985316875 0.573529725 0.32169146249999997 0.573529725 0.3235291078125 0.5753673781249999 0.3235291078125 0.5772057921875 0.32536740000000003 0.5790442078125 0.3345588609375 0.5790442078125 0.33639715468750003 0.5772057921875 0.338235446875 0.5772057921875 0.338235446875 0.5753673781249999 0.3400737390625 0.573529725 0.3437503234375 0.573529725 0.34558796875 0.5716913109374999 0.35110284531249997 0.5716913109374999 0.3529411390625 0.573529725 0.3566177234375 0.573529725 0.35845601562499996 0.5753673781249999 0.35845601562499996 0.5772057921875 0.3602943078125 0.5772057921875 0.36213259999999997 0.5790442078125 0.3639708921875 0.5790442078125 0.371323415625 0.586397103125 0.38419146249999997 0.586397103125 0.3860291078125 0.5845586890625001 0.38786740000000003 0.5845586890625001 0.38786740000000003 0.582720275 0.39154398437500004 0.5790442078125 0.39889715468750003 0.5790442078125 0.400735446875 0.5772057921875 0.40257373906250005 0.5772057921875 0.40257373906250005 0.5753673781249999 0.4062503234375 0.5716913109374999 0.40992626093749995 0.5716913109374999 0.411764553125 0.569852896875 0.4136028453125 0.569852896875 0.4191177234375 0.5643384140625 0.420956015625 0.5643384140625 0.42279430781249994 0.5625 0.42279430781249994 0.49448551875 0.420956015625 0.49264710312500004 0.420956015625 0.4908086890625 0.4191177234375 0.48897027499999995 0.4191177234375 0.487132621875 0.3615116421875 0.43394740781249996 0.2977943078125 0.487132621875 0.29595601562499996 0.48897027499999995 0.29595601562499996 0.4908086890625 0.2941177234375 0.49264710312500004 0.2941177234375 0.5625
25 0.4264708921875 0.231617378125 0.43933829218750003 0.231617378125 0.43933829218750003 0.1838231703125 0.4375 0.18198551875 0.4375 0.1783086890625 0.4264708921875 0.1783086890625 0.4264708921875 0.18014710312499999 0.42463259999999997 0.18198551875 0.42463259999999997 0.229779725 0.4264708921875 0.231617378125
27 0.26654398437500004 0.5661760671875 0.2647056921875 0.56801448125 0.2647056921875 0.569852896875 0.2610291078125 0.573529725 0.2518382921875 0.573529725 0.25 0.5753673781249999 0.25 0.5772057921875 0.246323415625 0.5808826218750001 0.2444851234375 0.5808826218750001 0.24264683125 0.582720275 0.24264683125 0.5845586890625001 0.2389708921875 0.58823551875 0.22977943125000003 0.58823551875 0.2279411390625 0.5900731703125001 0.2279411390625 0.5919115859375 0.224264553125 0.5955884140625 0.2224262609375 0.5955884140625 0.22058796875 0.5974260671875 0.22058796875 0.613970275 0.23345601562499999 0.613970275 0.23345601562499999 0.6121326218750001 0.23713259999999997 0.6084557921875 0.2389708921875 0.6084557921875 0.24080853750000003 0.6066173781249999 0.24080853750000003 0.604779725 0.2444851234375 0.601102896875 0.253676584375 0.601102896875 0.2555148765625 0.59926448125 0.2555148765625 0.5974260671875 0.25919146249999997 0.59375 0.2610291078125 0.59375 0.26286740000000003 0.5919115859375 0.26286740000000003 0.5900731703125001 0.26654398437500004 0.586397103125 0.275735446875 0.586397103125 0.2775737390625 0.5845586890625001 0.2775737390625 0.582720275 0.2812503234375 0.5790442078125 0.28308796875 0.5790442078125 0.286764553125 0.5753673781249999 0.286764553125 0.573529725 0.28860284531249997 0.5716913109374999 0.28860284531249997 0.5643384140625 0.286764553125 0.5625 0.27389715468750003 0.5625 0.2720588609375 0.5643384140625 0.27022056875 0.5643384140625 0.2683822765625 0.5661760671875 0.26654398437500004 0.5661760671875
26 0.5183822765625 0.43933841406249996 0.5220588609375 0.44301448125 0.5220588609375 0.44485289687499996 0.5238971546875 0.4466913109375 0.5275737390625 0.4466913109375 0.5294120312499999 0.44852972500000005 0.5312503234375 0.44852972500000005 0.536764553125 0.45404420781250004 0.5404411390625 0.45404420781250004 0.5441177234375 0.45772027499999995 0.5441177234375 0.4595586890625 0.5459560156250001 0.46139710312500004 0.5496326 0.46139710312500004 0.5514708921875 0.46323551875 0.5533085375 0.46323551875 0.558823415625 0.46875 0.56985316875 0.46875 0.5716914625 0.46691158593750004 0.5716914625 0.450367378125 0.56985316875 0.44852972500000005 0.5680148765624999 0.44852972500000005 0.5606617078125 0.4411760671875 0.5533085375 0.4411760671875 0.5496326 0.4375 0.5496326 0.43566158593750004 0.5477943078124999 0.43382317031250006 0.5459560156250001 0.43382317031250006 0.5441177234375 0.43198551875 0.54227943125 0.43198551875 0.5386028453125 0.4283086890625 0.536764553125 0.4283086890625 0.5349262609375 0.42647027499999995 0.5312503234375 0.42647027499999995 0.5275737390625 0.42279420781250004 0.5275737390625 0.42095579218749996 0.525735446875 0.419117378125 0.5091914625 0.419117378125 0.50735316875 0.42095579218749996 0.50735316875 0.43014710312500004 0.5165439843749999 0.43933841406249996 0.5183822765625 0.43933841406249996
4 0.26286740000000003 0.7628673781249999 0.2647056921875 0.7647057921875 0.2647056921875 0.77573551875 0.26654398437500004 0.7775731703125001 0.30514683125 0.7775731703125001 0.316176584375 0.7665442078125 0.316176584375 0.7647057921875 0.3180148765625 0.7628673781249999 0.3180148765625 0.7518384140625 0.3106617078125 0.74448551875 0.3069851234375 0.74448551875 0.30514683125 0.742647103125 0.30330853750000003 0.742647103125 0.29963259999999997 0.738970275 0.29963259999999997 0.7371326218750001 0.2977943078125 0.7352942078125 0.29595601562499996 0.7352942078125 0.29227943125 0.7316173781249999 0.29227943125 0.729779725 0.28860284531249997 0.726102896875 0.286764553125 0.726102896875 0.2849262609375 0.72426448125 0.2849262609375 0.7224260671875 0.28308796875 0.7205884140625 0.2683822765625 0.7205884140625 0.2610291078125 0.7279413109374999 0.2610291078125 0.7591913109374999 0.26286740000000003 0.761029725 0.26286740000000003 0.7628673781249999
0 0.771736740625 0.44275076249999995 0.7241649421874999 0.475227896875 0.7257626125 0.559990853125 0.77081759375 0.5876257625 0.786764553125 0.573529725 0.7904411390625 0.573529725 0.7941177234375 0.5772057921875 0.7959560156250001 0.5772057921875 0.7977943078124999 0.5790442078125 0.8161765843750001 0.5790442078125 0.8180148765625 0.5772057921875 0.8198531687499999 0.5772057921875 0.8216914624999999 0.5790442078125 0.8308822765625001 0.5790442078125 0.8327205687499999 0.5772057921875 0.8345588609375 0.5772057921875 0.8400737390625 0.5716913109374999 0.84191203125 0.5716913109374999 0.8437503234375001 0.569852896875 0.8437503234375001 0.56801448125 0.8474262609375 0.5643384140625 0.849264553125 0.5643384140625 0.8511028453125 0.5625 0.8511028453125 0.5606615859375 0.8529411390625 0.5588231703125001 0.8529411390625 0.53676448125 0.8511028453125 0.5349260671875 0.8511028453125 0.47058841406249996 0.8437503234375001 0.46323551875 0.84191203125 0.46323551875 0.8345588609375 0.455882621875 0.829043984375 0.455882621875 0.8272056921875001 0.45404420781250004 0.8253674 0.45404420781250004 0.8198531687499999 0.44852972500000005 0.8180148765625 0.44852972500000005 0.8125 0.44301448125 0.8106617078125 0.44301448125 0.8088234156249999 0.4411760671875 0.8051468312500001 0.4411760671875 0.7996326 0.43566158593750004 0.7941177234375 0.43566158593750004 0.79227943125 0.4375 0.79227943125 0.438791 0.7880155234374999 0.4289946640625 0.7841248390625 0.43611280468749997 0.771736740625 0.44275076249999995
26 0.5919120312499999 0.586397103125 0.5955879687500001 0.5900731703125001 0.5955879687500001 0.5919115859375 0.5974262609375 0.59375 0.6029411390625 0.59375 0.60477943125 0.5955884140625 0.6066177234375 0.5955884140625 0.6121326 0.601102896875 0.6139708921875 0.601102896875 0.6158085375 0.59926448125 0.6158085375 0.582720275 0.6066177234375 0.573529725 0.60477943125 0.573529725 0.6011028453125 0.569852896875 0.6011028453125 0.56801448125 0.599264553125 0.5661760671875 0.5974262609375 0.5661760671875 0.5937503234375 0.5625 0.5753674 0.5625 0.5753674 0.5790442078125 0.58272056875 0.5790442078125 0.5900737390625 0.586397103125 0.5919120312499999 0.586397103125
26 0.7279411390625 0.5845586890625001 0.72977943125 0.586397103125 0.7316177234375 0.586397103125 0.7334560156250001 0.58823551875 0.7352943078124999 0.58823551875 0.7389702453125 0.5919115859375 0.7408085375 0.5919115859375 0.74264683125 0.59375 0.746323415625 0.59375 0.75 0.5974260671875 0.75 0.59926448125 0.7518382921875 0.601102896875 0.753676584375 0.601102896875 0.75735316875 0.604779725 0.7665439843749999 0.604779725 0.7665439843749999 0.5845586890625001 0.7647056921875001 0.582720275 0.7628674 0.582720275 0.7610297546875 0.5808826218750001 0.7591914625 0.5808826218750001 0.7555148765624999 0.5772057921875 0.7555148765624999 0.5753673781249999 0.753676584375 0.573529725 0.75 0.573529725 0.7481617078125 0.5716913109374999 0.746323415625 0.5716913109374999 0.7408085375 0.5661760671875 0.7389702453125 0.5661760671875 0.7352943078124999 0.5625 0.7205879687500001 0.5625 0.7205879687500001 0.5790442078125 0.724264553125 0.5790442078125 0.7279411390625 0.582720275 0.7279411390625 0.5845586890625001
32 0.77022056875 0.625 0.7720588609375 0.6268384140625 0.7720588609375 0.6286760671875 0.7738971546875 0.63051448125 0.8033085375000001 0.63051448125 0.8069851234375 0.6268384140625 0.8069851234375 0.6213231703125001 0.8088234156249999 0.61948551875 0.8088234156249999 0.6084557921875 0.8069851234375 0.6066173781249999 0.8069851234375 0.5900731703125001 0.8051468312500001 0.58823551875 0.8051468312500001 0.586397103125 0.8014702453125 0.582720275 0.8014702453125 0.5808826218750001 0.7996326 0.5790442078125 0.7996326 0.5753673781249999 0.7794120312499999 0.5753673781249999 0.7720588609375 0.582720275 0.7720588609375 0.5845586890625001 0.77022056875 0.586397103125 0.77022056875 0.625
28 0.5275737390625 0.738970275 0.5294120312499999 0.738970275 0.5312503234375 0.7408086890625001 0.5330879687500001 0.7408086890625001 0.536764553125 0.74448551875 0.536764553125 0.7463231703125001 0.5386028453125 0.7481615859375 0.5441177234375 0.7481615859375 0.5459560156250001 0.75 0.5477943078124999 0.75 0.5533085375 0.75551448125 0.55514683125 0.75551448125 0.558823415625 0.7591913109374999 0.558823415625 0.761029725 0.5716914625 0.761029725 0.5716914625 0.74448551875 0.56985316875 0.742647103125 0.5680148765624999 0.742647103125 0.5643382921875 0.738970275 0.5643382921875 0.7371326218750001 0.5625 0.7352942078125 0.558823415625 0.7352942078125 0.5569851234375001 0.7334557921875 0.55514683125 0.7334557921875 0.5496326 0.7279413109374999 0.5459560156250001 0.7279413109374999 0.54227943125 0.72426448125 0.54227943125 0.7224260671875 0.5404411390625 0.7205884140625 0.5294120312499999 0.7205884140625 0.5275737390625 0.71875 0.5183822765625 0.71875 0.5183822765625 0.7316173781249999 0.52022056875 0.7334557921875 0.5220588609375 0.7334557921875 0.5275737390625 0.738970275
25 0.3768382921875 0.137867378125 0.3805148765625 0.137867378125 0.38235316875 0.1397057921875 0.38235316875 0.143382621875 0.3805148765625 0.145220275 0.378676584375 0.145220275 0.3768382921875 0.1470586890625 0.3768382921875 0.15073551875 0.378676584375 0.15073551875 0.3805148765625 0.1525731703125 0.38419146249999997 0.1525731703125 0.39154398437500004 0.1599268296875 0.3933822765625 0.1599268296875 0.3970588609375 0.16360289687500001 0.3970588609375 0.1654413109375 0.39889715468750003 0.167279725 0.40808796875000003 0.167279725 0.411764553125 0.1709557921875 0.411764553125 0.1727942078125 0.4136028453125 0.174632621875 0.4283085375 0.174632621875 0.4283085375 0.16176448125 0.42463259999999997 0.15808841406250002 0.42463259999999997 0.15625 0.42279430781249994 0.15441158593749998 0.4136028453125 0.15441158593749998 0.40992626093749995 0.15073551875 0.40992626093749995 0.14889710312499999 0.40808796875000003 0.1470586890625 0.4062503234375 0.1470586890625 0.40257373906250005 0.143382621875 0.40257373906250005 0.1415442078125 0.400735446875 0.1397057921875 0.38786740000000003 0.1397057921875 0.38235316875 0.1341913109375 0.3731617078125 0.1341913109375 0.3731617078125 0.143382621875 0.375 0.1415442078125 0.375 0.1397057921875 0.3768382921875 0.137867378125
26 0.44485316875 0.88051448125 0.45220569218750006 0.88051448125 0.4558822765625 0.8841913109374999 0.4558822765625 0.886029725 0.45772056875 0.887867378125 0.4595588609375 0.887867378125 0.463235446875 0.8915442078125 0.463235446875 0.893382621875 0.46507373906250005 0.895220275 0.474264553125 0.895220275 0.4779411390625 0.8988971031249999 0.4779411390625 0.90073551875 0.47977943125 0.9025731703125001 0.483456015625 0.9025731703125001 0.48529430781249994 0.9044115859374999 0.48713259999999997 0.9044115859374999 0.4908085375 0.9080884140625001 0.49816170781249997 0.9080884140625001 0.5 0.90625 0.5 0.8915442078125 0.49816170781249997 0.8897057921875 0.49632341562500004 0.8897057921875 0.4889708921875 0.8823528968750001 0.48713259999999997 0.8823528968750001 0.483456015625 0.8786760671874999 0.483456015625 0.8768384140625001 0.4816177234375 0.875 0.4779411390625 0.875 0.4761028453125 0.8731615859374999 0.474264553125 0.8731615859374999 0.47058796875000003 0.86948551875 0.4687503234375 0.86948551875 0.46691203124999997 0.8676471031249999 0.46507373906250005 0.8676471031249999 0.4613971546875 0.863970275 0.4613971546875 0.862132621875 0.4595588609375 0.8602942078125 0.45036740000000003 0.8602942078125 0.4466914625 0.856617378125 0.43382341562500004 0.856617378125 0.43382341562500004 0.8713231703125001 0.43566170781249997 0.8731615859374999 0.4375 0.8731615859374999 0.44485316875 0.88051448125
27 0.3639708921875 0.7040442078125 0.36580853750000003 0.7022057921875 0.36580853750000003 0.6415442078125 0.3639708921875 0.6397057921875 0.3639708921875 0.6378673781249999 0.35477943125 0.6378673781249999 0.35477943125 0.7058826218750001 0.3602943078125 0.7058826218750001 0.36213259999999997 0.7040442078125 0.3639708921875 0.7040442078125
28 0.338235446875 0.42279420781250004 0.3345588609375 0.42647027499999995 0.32536740000000003 0.42647027499999995 0.3235291078125 0.4283086890625 0.3235291078125 0.43014710312500004 0.31985316875 0.43382317031250006 0.3125 0.43382317031250006 0.3106617078125 0.43566158593750004 0.308823415625 0.43566158593750004 0.3069851234375 0.4375 0.3069851234375 0.4595586890625 0.3180148765625 0.4595586890625 0.3235291078125 0.45404420781250004 0.3272056921875 0.45404420781250004 0.32904398437500004 0.45220579218749996 0.32904398437500004 0.450367378125 0.33272056875 0.4466913109375 0.3345588609375 0.4466913109375 0.33639715468750003 0.44485289687499996 0.338235446875 0.44485289687499996 0.34191203125 0.4411760671875 0.3437503234375 0.4411760671875 0.34558796875 0.43933841406249996 0.349264553125 0.43933841406249996 0.35110284531249997 0.4375 0.35110284531249997 0.43566158593750004 0.35477943125 0.43198551875 0.3639708921875 0.43198551875 0.36764683125 0.43566158593750004 0.36764683125 0.4375 0.3694851234375 0.43933841406249996 0.375 0.43933841406249996 0.3768382921875 0.4411760671875 0.378676584375 0.4411760671875 0.38419146249999997 0.4466913109375 0.3860291078125 0.4466913109375 0.3897056921875 0.450367378125 0.3897056921875 0.45220579218749996 0.39154398437500004 0.45404420781250004 0.39522056875 0.45404420781250004 0.3970588609375 0.455882621875 0.39889715468750003 0.455882621875 0.400735446875 0.45772027499999995 0.40808796875000003 0.45772027499999995 0.40808796875000003 0.45404420781250004 0.40992626093749995 0.45220579218749996 0.40992626093749995 0.44301448125 0.400735446875 0.43382317031250006 0.39889715468750003 0.43382317031250006 0.39522056875 0.43014710312500004 0.39522056875 0.4283086890625 0.3933822765625 0.42647027499999995 0.38419146249999997 0.42647027499999995 0.3805148765625 0.42279420781250004 0.3805148765625 0.42095579218749996 0.378676584375 0.419117378125 0.3768382921875 0.419117378125 0.3731617078125 0.4154413109375 0.34558796875 0.4154413109375 0.34191203125 0.419117378125 0.3400737390625 0.419117378125 0.338235446875 0.42095579218749996 0.338235446875 0.42279420781250004
28 0.2095588609375 0.41727972500000005 0.21875032343749998 0.41727972500000005 0.224264553125 0.41176448125 0.224264553125 0.3290442078125 0.2224262609375 0.3272057921875 0.2224262609375 0.323529725 0.224264553125 0.32169131093750003 0.21139715468750003 0.32169131093750003 0.21139715468750003 0.325367378125 0.20772056874999997 0.3290442078125 0.20772056874999997 0.4154413109375 0.2095588609375 0.41727972500000005
4 0.5514708921875 0.28860289687499996 0.55514683125 0.292279725 0.5919120312499999 0.292279725 0.5937503234375 0.29044131093750003 0.5937503234375 0.28860289687499996 0.5974262609375 0.2849268296875 0.599264553125 0.2849268296875 0.6011028453125 0.28308841406249996 0.6011028453125 0.2647057921875 0.599264553125 0.262867378125 0.599264553125 0.261029725 0.5974262609375 0.25919131093750003 0.5955879687500001 0.25919131093750003 0.5937503234375 0.25735289687499996 0.5900737390625 0.25735289687499996 0.5790439843749999 0.2463231703125 0.5790439843749999 0.242647103125 0.5716914625 0.2352942078125 0.5716914625 0.2334557921875 0.558823415625 0.2334557921875 0.5569851234375001 0.2352942078125 0.55514683125 0.2352942078125 0.5514708921875 0.238970275 0.5514708921875 0.28860289687499996
27 0.2279411390625 0.729779725 0.2279411390625 0.7316173781249999 0.22977943125000003 0.7334557921875 0.23713259999999997 0.7334557921875 0.2444851234375 0.7408086890625001 0.246323415625 0.7408086890625001 0.2518382921875 0.7463231703125001 0.2555148765625 0.7463231703125001 0.2555148765625 0.7408086890625001 0.25735316875 0.738970275 0.25735316875 0.7352942078125 0.25919146249999997 0.7334557921875 0.25919146249999997 0.729779725 0.2555148765625 0.726102896875 0.2555148765625 0.72426448125 0.2518382921875 0.7205884140625 0.2444851234375 0.7205884140625 0.24080853750000003 0.7169115859375 0.24080853750000003 0.7150731703125001 0.2389708921875 0.71323551875 0.23713259999999997 0.71323551875 0.2352943078125 0.711397103125 0.23345601562499999 0.711397103125 0.2316177234375 0.7095586890625001 0.22058796875 0.7095586890625001 0.22058796875 0.72426448125 0.2224262609375 0.726102896875 0.224264553125 0.726102896875 0.2279411390625 0.729779725
27 0.29595601562499996 0.5790442078125 0.30330853750000003 0.586397103125 0.30514683125 0.586397103125 0.308823415625 0.5900731703125001 0.308823415625 0.5919115859375 0.3106617078125 0.59375 0.3125 0.59375 0.3180148765625 0.59926448125 0.31985316875 0.59926448125 0.32169146249999997 0.601102896875 0.3235291078125 0.601102896875 0.32536740000000003 0.6029413109374999 0.32904398437500004 0.6029413109374999 0.32904398437500004 0.601102896875 0.3308822765625 0.59926448125 0.3308822765625 0.5845586890625001 0.3272056921875 0.5808826218750001 0.32536740000000003 0.5808826218750001 0.32169146249999997 0.5772057921875 0.32169146249999997 0.5753673781249999 0.31985316875 0.573529725 0.3180148765625 0.573529725 0.316176584375 0.5716913109374999 0.3143382921875 0.5716913109374999 0.3106617078125 0.56801448125 0.308823415625 0.56801448125 0.3069851234375 0.5661760671875 0.29595601562499996 0.5661760671875 0.2941177234375 0.5643384140625 0.2904411390625 0.5643384140625 0.2904411390625 0.573529725 0.2941177234375 0.5772057921875 0.2941177234375 0.5790442078125 0.29595601562499996 0.5790442078125
31 0.63235316875 0.386029725 0.628676584375 0.3897057921875 0.6268382921875 0.3897057921875 0.625 0.3915442078125 0.625 0.43014710312500004 0.6268382921875 0.43198551875 0.6305148765624999 0.43198551875 0.63235316875 0.43382317031250006 0.6488971546875 0.43382317031250006 0.650735446875 0.43198551875 0.6580879687500001 0.43198551875 0.66727943125 0.42279420781250004 0.66727943125 0.39889710312500004 0.6488971546875 0.38051448125 0.6378674 0.38051448125 0.6360291078125 0.38235289687499996 0.6341914625 0.38235289687499996 0.63235316875 0.38419131093750003 0.63235316875 0.386029725
29 0.5091914625 0.354779725 0.5091914625 0.36580868906249997 0.5147056921875001 0.36580868906249997 0.5165439843749999 0.36764710312500004 0.5183822765625 0.36764710312500004 0.5220588609375 0.3713231703125 0.5220588609375 0.38051448125 0.5275737390625 0.386029725 0.5349262609375 0.386029725 0.54227943125 0.3786768296875 0.54227943125 0.375 0.5441177234375 0.37316158593750004 0.5441177234375 0.36948551875 0.5477943078124999 0.36580868906249997 0.5533085375 0.36580868906249997 0.5533085375 0.3584557921875 0.54227943125 0.3474268296875 0.54227943125 0.34558841406249996 0.5420698578125001 0.33468749999999997 0.5299799484375 0.32870807968750004 0.5200730921875001 0.33297865781249997 0.5165439843749999 0.34558841406249996 0.5165439843749999 0.34926448125 0.5128674 0.35294131093750003 0.5110291078125 0.35294131093750003 0.5091914625 0.354779725
28 0.224264553125 0.43933841406249996 0.2316177234375 0.43933841406249996 0.2352943078125 0.44301448125 0.2352943078125 0.44485289687499996 0.23713259999999997 0.4466913109375 0.2389708921875 0.4466913109375 0.24080853750000003 0.44852972500000005 0.24264683125 0.44852972500000005 0.246323415625 0.45220579218749996 0.24816170781250002 0.45220579218749996 0.25 0.45404420781250004 0.253676584375 0.45404420781250004 0.25735316875 0.45772027499999995 0.26286740000000003 0.45772027499999995 0.26286740000000003 0.45404420781250004 0.2647056921875 0.45220579218749996 0.2647056921875 0.44852972500000005 0.26654398437500004 0.4466913109375 0.26654398437500004 0.44301448125 0.2647056921875 0.4411760671875 0.2647056921875 0.43933841406249996 0.26286740000000003 0.4375 0.26286740000000003 0.43566158593750004 0.2610291078125 0.43382317031250006 0.2518382921875 0.43382317031250006 0.24816170781250002 0.43014710312500004 0.24816170781250002 0.4283086890625 0.246323415625 0.42647027499999995 0.2444851234375 0.42647027499999995 0.24080853750000003 0.42279420781250004 0.24080853750000003 0.42095579218749996 0.2389708921875 0.419117378125 0.22977943125000003 0.419117378125 0.2279411390625 0.41727972500000005 0.21875032343749998 0.41727972500000005 0.21875032343749998 0.43198551875 0.22058796875 0.43382317031250006 0.22058796875 0.43566158593750004 0.224264553125 0.43933841406249996
3 0.620957309375 0.6189024390625 0.6228978 0.628810975 0.6332470890625 0.633384146875 0.6649417859375 0.633384146875 0.66882276875 0.626524390625 0.6752910734375 0.6227134140625 0.6752910734375 0.6044207312500001 0.6668822765625 0.60060975625 0.65782665 0.602134146875 0.6526520046875001 0.5838414640625 0.637128071875 0.5731707312500001 0.6364812421875 0.5724085359375 0.6235446312499999 0.5800304875 0.6177231562500001 0.5884146343750001 0.6157826656250001 0.6082317078125 0.620957309375 0.6189024390625
26 0.5659767140625 0.554115853125 0.56791720625 0.5602134140625 0.5743855109375 0.564024390625 0.578913325 0.5617378046875 0.582147478125 0.5564024390625 0.582147478125 0.477134146875 0.5802069859375 0.47256097500000005 0.5750323421875 0.47027439062500004 0.5737386796874999 0.47027439062500004 0.5692108671875 0.47179878124999997 0.5666235453125 0.47637195156249995 0.5653298828125 0.4977134140625 0.5659767140625 0.554115853125
35 0.6856617078125 0.308789634375 0.68014683125 0.314304115625 0.6764702453125 0.314304115625 0.6746326 0.31614253125 0.6709560156250001 0.31614253125 0.6636028453125 0.32349542656249997 0.6562503234375 0.32349542656249997 0.6544120312499999 0.3253338421875 0.6525737390625 0.3253338421875 0.6525737390625 0.32717149375 0.650735446875 0.3290099078125 0.650735446875 0.3804809453125 0.6544120312499999 0.3841570125 0.6544120312499999 0.38599542656249997 0.6562503234375 0.3878338421875 0.6580879687500001 0.3878338421875 0.661764553125 0.3915099078125 0.661764553125 0.39334832343750004 0.66727943125 0.3988628046875 0.66727943125 0.40070121875 0.6691177234375 0.40253963437499996 0.6691177234375 0.42275990781250006 0.6709560156250001 0.42459832343750004 0.6727943078124999 0.42459832343750004 0.68014683125 0.43195121875 0.6856617078125 0.43195121875 0.6930148765624999 0.439304115625 0.69485316875 0.439304115625 0.7003674 0.44481859687499997 0.7022056921875001 0.44481859687499997 0.7040439843749999 0.44665701249999995 0.7095588609375 0.44665701249999995 0.7113971546875 0.4484954265625 0.713235446875 0.4484954265625 0.7169120312499999 0.45217149375 0.7187503234375 0.4503338421875 0.7205879687500001 0.4503338421875 0.7224262609375 0.4484954265625 0.7261028453125 0.4484954265625 0.7279411390625 0.44665701249999995 0.7334560156250001 0.44665701249999995 0.7352943078124999 0.44481859687499997 0.7371326 0.44481859687499997 0.7408085375 0.44114253124999997 0.74264683125 0.44114253124999997 0.746323415625 0.4374657015625 0.75 0.4374657015625 0.753676584375 0.43378963437499996 0.75735316875 0.43378963437499996 0.7591914625 0.43195121875 0.7647056921875001 0.43195121875 0.7665439843749999 0.4301128046875 0.7683822765625 0.4301128046875 0.7683822765625 0.42827439062500006 0.77022056875 0.4264367375 0.7720588609375 0.4264367375 0.7738971546875 0.42459832343750004 0.775735446875 0.42459832343750004 0.7775737390625 0.42275990781250006 0.7775737390625 0.42092149375 0.7830879687500001 0.41540701249999995 0.7830879687500001 0.35474542656249997 0.7812503234375 0.3529070125 0.7812503234375 0.35106859687499997 0.7794120312499999 0.3492309453125 0.7794120312499999 0.33084832343750004 0.7775737390625 0.3290099078125 0.7775737390625 0.32349542656249997 0.7738971546875 0.31981859687499997 0.77022056875 0.31981859687499997 0.7683822765625 0.3179809453125 0.7647056921875001 0.3179809453125 0.7628674 0.31981859687499997 0.7591914625 0.31981859687499997 0.753676584375 0.314304115625 0.7518382921875 0.314304115625 0.7421733500000001 0.30530716406249997 0.729641009375 0.296100609375 0.7174825359375 0.286032775 0.69485316875 0.3051128046875 0.6930148765624999 0.30695121875 0.691176584375 0.30695121875 0.6893382921875 0.308789634375 0.6856617078125 0.308789634375
27 0.581500646875 0.24314024375 0.582147478125 0.183689025 0.575679171875 0.17682926875 0.5737386796874999 0.17682926875 0.56791720625 0.18064024375 0.5659767140625 0.1875 0.5659767140625 0.230945121875 0.581500646875 0.24314024375
28 0.49094437187500006 0.6173780484375 0.5012936609375 0.6158536578125 0.5019404921875 0.6036585359375 0.497412678125 0.5983231703125 0.44049159062500004 0.560975609375 0.4385511 0.560975609375 0.43208279374999997 0.566310975 0.43208279374999997 0.5739329265625 0.435316946875 0.5792682921875 0.49094437187500006 0.6173780484375
7 0.6228978 0.871189025 0.671410090625 0.8696646343750001 0.6739974125 0.8605182921875001 0.6720569203125 0.810975609375 0.666235446875 0.8071646343750001 0.6313065984375 0.8071646343750001 0.62936610625 0.8071646343750001 0.6222509703125 0.8079268296875 0.6190168171875 0.8132621953125 0.6183699875 0.866615853125 0.6228978 0.871189025
26 0.7826649421874999 0.7080792687499999 0.789780078125 0.710365853125 0.7968952140625001 0.703506096875 0.79754204375 0.6570121953125 0.7968952140625001 0.6341463421875 0.7884864171875 0.6310975609375 0.7852522640624999 0.6310975609375 0.78072445 0.6326219515625 0.7794307890625001 0.6356707312500001 0.7800776203125 0.6928353656249999 0.7826649421874999 0.7080792687499999
13 0.599264553125 0.66176448125 0.5496326 0.66176448125 0.5496326 0.72426448125 0.5974262609375 0.72426448125 0.599264553125 0.7224260671875 0.599264553125 0.66176448125
26 0.578913325 0.8185975609374999 0.581500646875 0.814024390625 0.5827943078125 0.7690548781250001 0.581500646875 0.765243903125 0.575679171875 0.7621951218749999 0.5711513578125 0.7621951218749999 0.5666235453125 0.766006096875 0.5666235453125 0.8117378046875 0.569857696875 0.8178353656249999 0.578913325 0.8185975609374999
9 0.76390685625 0.577743903125 0.778137128125 0.5800304875 0.789780078125 0.5731707312500001 0.7994825359375 0.5800304875 0.812419146875 0.5792682921875 0.8163001296875001 0.5746951218749999 0.817593790625 0.546493903125 0.8156532984375 0.5213414640625 0.811125484375 0.516006096875 0.78589909375 0.5144817078125 0.7800776203125 0.5144817078125 0.7652005171875 0.5167682921875 0.7619663640625001 0.5213414640625 0.761319534375 0.56554878125 0.76390685625 0.577743903125
13 0.38786740000000003 0.28308841406249996 0.38786740000000003 0.2279413109375 0.3860291078125 0.226102896875 0.3860291078125 0.22426448125 0.33639715468750003 0.22426448125 0.3345588609375 0.226102896875 0.3345588609375 0.2849268296875 0.3860291078125 0.2849268296875 0.38786740000000003 0.28308841406249996
15 0.5275737390625 0.28125 0.5294120312499999 0.27941158593750004 0.5294120312499999 0.2775731703125 0.5312503234375 0.27573551875 0.5312503234375 0.2334557921875 0.5294120312499999 0.231617378125 0.5294120312499999 0.226102896875 0.5275737390625 0.22426448125 0.4761028453125 0.22426448125 0.4761028453125 0.2849268296875 0.525735446875 0.2849268296875 0.5275737390625 0.28308841406249996 0.5275737390625 0.28125
16 0.6966914625 0.72426448125 0.7040439843749999 0.72426448125 0.70772056875 0.7205884140625 0.7095588609375 0.7205884140625 0.7113971546875 0.71875 0.7205879687500001 0.71875 0.7224262609375 0.7205884140625 0.724264553125 0.7205884140625 0.7279411390625 0.72426448125 0.7408085375 0.72426448125 0.7408085375 0.7150731703125001 0.74264683125 0.71323551875 0.74264683125 0.680147103125 0.7408085375 0.6783086890625001 0.7408085375 0.663602896875 0.691176584375 0.663602896875 0.691176584375 0.7205884140625 0.6930148765624999 0.7224260671875 0.69485316875 0.7224260671875 0.6966914625 0.72426448125
14 0.267141009375 0.7240853656249999 0.274902975 0.7179878046875 0.2800776203125 0.7179878046875 0.2923674 0.72560975625 0.3130659765625 0.7240853656249999 0.3156532984375 0.7134146343750001 0.31500646875 0.6653963421875 0.30983182343750004 0.6615853656249999 0.27749029687500004 0.6608231703125 0.2736093140625 0.6608231703125 0.2658473484375 0.6615853656249999 0.261319534375 0.6676829265625 0.26196636406249996 0.720274390625 0.267141009375 0.7240853656249999
8 0.5294120312499999 0.5606615859375 0.5294120312499999 0.53676448125 0.5275737390625 0.5349260671875 0.5275737390625 0.5165442078125 0.4779411390625 0.5165442078125 0.4779411390625 0.5772057921875 0.5275737390625 0.5772057921875 0.5275737390625 0.5625 0.5294120312499999 0.5606615859375
7 0.45772056875 0.36948551875 0.40441203124999997 0.36948551875 0.40441203124999997 0.43198551875 0.45220569218750006 0.43198551875 0.45772056875 0.42647027499999995 0.45772056875 0.36948551875
14 0.630672703125 0.5737157015625 0.632510996875 0.5718772859375 0.63618758125 0.5718772859375 0.6417024578125 0.57739253125 0.6711144890625 0.57739253125 0.672952134375 0.5755541156249999 0.672952134375 0.51489253125 0.6214818890625 0.51489253125 0.6214818890625 0.57739253125 0.62332018125 0.57739253125 0.6269967656250001 0.5737157015625 0.630672703125 0.5737157015625
8 0.7408085375 0.42647027499999995 0.74264683125 0.424632621875 0.74264683125 0.419117378125 0.7444851234375001 0.41727972500000005 0.7444851234375001 0.395220275 0.74264683125 0.393382621875 0.74264683125 0.375 0.7408085375 0.37316158593750004 0.7408085375 0.3713231703125 0.691176584375 0.3713231703125 0.691176584375 0.43198551875 0.7389702453125 0.43198551875 0.7408085375 0.43014710312500004 0.7408085375 0.42647027499999995
12 0.6360291078125 0.28676448125 0.6378674 0.2849268296875 0.6727943078124999 0.2849268296875 0.6727943078124999 0.22426448125 0.621323415625 0.22426448125 0.621323415625 0.2849268296875 0.6305148765624999 0.2849268296875 0.63235316875 0.28676448125 0.6360291078125 0.28676448125
12 0.4595588609375 0.7169115859375 0.4595588609375 0.6654413109374999 0.45772056875 0.663602896875 0.4062503234375 0.663602896875 0.4062503234375 0.72426448125 0.454043984375 0.72426448125 0.454043984375 0.7224260671875 0.4595588609375 0.7169115859375
16 0.3437503234375 0.5716913109374999 0.3529411390625 0.5716913109374999 0.35477943125 0.573529725 0.3566177234375 0.573529725 0.3602943078125 0.5772057921875 0.3805148765625 0.5772057921875 0.3860291078125 0.5716913109374999 0.3860291078125 0.5165442078125 0.3345588609375 0.5165442078125 0.3345588609375 0.5772057921875 0.338235446875 0.573529725 0.34191203125 0.573529725 0.3437503234375 0.5716913109374999
15 0.5238971546875 0.8658086890625001 0.525735446875 0.8658086890625001 0.5275737390625 0.863970275 0.5275737390625 0.83823551875 0.5294120312499999 0.8363971031249999 0.5294120312499999 0.8272057921875 0.5275737390625 0.825367378125 0.5275737390625 0.80698551875 0.4779411390625 0.80698551875 0.4779411390625 0.8658086890625001 0.47977943125 0.8676471031249999 0.5220588609375 0.8676471031249999 0.5238971546875 0.8658086890625001
11 0.3408796890625 0.8719512187499999 0.384864165625 0.8696646343750001 0.3868046578125 0.8658536578125 0.38809831875 0.84375 0.3874514875 0.8155487812500001 0.385510996875 0.8102134140624999 0.3809831828125 0.8071646343750001 0.345407503125 0.8064024390625001 0.3447606734375 0.8064024390625001 0.3357050453125 0.808689025 0.3331177234375 0.8147865859375001 0.334411384375 0.8673780484375 0.3408796890625 0.8719512187499999
10 0.267141009375 0.4329268296875 0.27943078906249996 0.4329268296875 0.2878395859375 0.42530487812500006 0.30012936562500003 0.43597560937499996 0.311125484375 0.4329268296875 0.3137128078125 0.4314024390625 0.3156532984375 0.422256096875 0.31500646875 0.373475609375 0.30983182343750004 0.36890243906250003 0.286545925 0.36966463437499997 0.28589909375 0.36890243906250003 0.266494178125 0.36966463437499997 0.261319534375 0.3757621953125 0.2626131953125 0.429115853125 0.267141009375 0.4329268296875
11 0.547865459375 0.429115853125 0.5569210859375 0.4352134140625 0.5944372578125 0.43368902499999995 0.5996119015625 0.4314024390625 0.60155239375 0.429115853125 0.6021992234375 0.41310975625 0.6009055625 0.3727134140625 0.5950840875 0.36890243906250003 0.5705045281250001 0.36966463437499997 0.567270375 0.37195121875 0.5608020703125 0.36890243906250003 0.5569210859375 0.36890243906250003 0.55045278125 0.3742378046875 0.5465717984375 0.383384146875 0.5485122890625 0.3864329265625 0.547865459375 0.429115853125
18 0.8093751609375 0.74375 0.7562503234375 0.74375 0.7562503234375 0.825 0.80781241875 0.825 0.8093751609375 0.8234375 0.8093751609375 0.74375
22 0.5906248390625 0.9671875 0.5937503234375 0.9640625 0.5937503234375 0.8921875 0.5437503234375 0.8921875 0.5437503234375 0.96875 0.5484372578125 0.96875 0.55 0.9671875 0.5906248390625 0.9671875
20 0.9156248390625 0.53125 0.91718758125 0.5328125 0.9531248390625 0.5328125 0.95468758125 0.53125 0.95468758125 0.4453125 0.89531241875 0.4453125 0.89531241875 0.5328125 0.9093751609374999 0.5328125 0.9109372578125001 0.53125 0.9156248390625 0.53125
18 0.25468758125 0.0140625 0.25468758125 0.0984375 0.3093751609375 0.0984375 0.3093751609375 0.0140625 0.25468758125 0.0140625
21 0.5937503234375 0.0125 0.5390627421875 0.0125 0.5390627421875 0.0921875 0.5906248390625 0.0921875 0.5937503234375 0.0890625 0.5937503234375 0.0125
18 0.1656248390625 0.30625 0.1109372578125 0.30625 0.1109372578125 0.3828125 0.1625 0.3828125 0.1656248390625 0.3796875 0.1656248390625 0.30625
23 0.7562503234375 0.1578125 0.7562503234375 0.240625 0.8109372578125 0.240625 0.8109372578125 0.1578125 0.7562503234375 0.1578125
18 0.30781241875 0.8890625 0.25468758125 0.8890625 0.25468758125 0.9734375 0.30625032343749997 0.9734375 0.30781241875 0.971875 0.30781241875 0.8890625
19 0.15937516093749998 0.675 0.15937516093749998 0.6734375 0.16093725781249998 0.671875 0.16093725781249998 0.596875 0.1125 0.596875 0.1125 0.6765625 0.1312503234375 0.6765625 0.13281241875 0.675 0.15937516093749998 0.675